league,season,club,player_name,nation,position_fbref,age_fbref,born,matches_played,starts,minutes,nineties,goals,assists,goal_contributions,non_penalty_goals,penalty_goals,penalty_attempts,yellow_cards,red_cards,goals_per90,assists_per90,ga_per90,npg_per90,npga_per90,shots,shots_on_target,shots_on_target_pct,shots_per90,shots_on_target_per90,goals_per_shot,goals_per_shot_on_target,minutes_per_match,minutes_pct,starts_per_match,complete_matches,substitute_appearances,minutes_per_sub,unused_substitute,points_per_match,team_goals,team_goals_against,goal_difference,goal_difference_per90,on_off,second_yellows,fouls_committed,fouls_drawn,offsides,crosses,interceptions,tackles_won,own_goals,goals_against,goals_against_per90,shots_on_target_against,saves,save_percentage,wins,draws,losses,clean_sheets,clean_sheet_percentage,penalties_faced,penalties_saved,penalties_missed,penalties_conceded,penalty_save_percentage,position_tm,age_tm,market_value_eur
ENG-Premier League,2122.0,Arsenal,aaron ramsdale,ENG,GK,23.0,1998.0,34,34,3060,34.0,0,0,0,0,0,0,1,0,0.0,0.0,0.0,0.0,0.0,0,0,,0.0,0.0,,,90,89.5,90.0,34,0,,2,1.94,60,39,21,0.62,2.62,0,0,5,0,0,0,1,0,39.0,1.15,129.0,90.0,69.8,21.0,3.0,10.0,12.0,35.3,6.0,5.0,0.0,1.0,0.0,Goalkeeper,24.0,28000000.0
ENG-Premier League,2122.0,Arsenal,ainsley maitland niles,ENG,MF,23.0,1997.0,8,2,268,3.0,0,0,0,0,0,0,0,0,0.0,0.0,0.0,0.0,0.0,2,0,0.0,0.67,0.0,0.0,,34,7.8,86.0,1,6,16.0,9,2.0,2,4,-2,-0.67,-1.1,0,4,3,0,2,4,4,0,,,,,,,,,,,,,,,,Right-Back,24.0,10000000.0
ENG-Premier League,2122.0,Arsenal,albert sambi lokonga,BEL,MF,21.0,1999.0,19,12,1134,12.6,0,0,0,0,0,0,5,0,0.0,0.0,0.0,0.0,0.0,20,8,40.0,1.59,0.63,0.0,0.0,60,33.2,83.0,9,7,20.0,18,1.74,11,11,0,0.0,-0.51,0,12,15,0,2,13,16,0,,,,,,,,,,,,,,,,Central Midfield,22.0,14000000.0
ENG-Premier League,2122.0,Arsenal,alexandre lacazette,FRA,"FW,MF",30.0,1991.0,30,20,1782,19.8,4,7,11,2,2,3,0,0,0.2,0.35,0.56,0.1,0.45,46,15,32.6,2.32,0.76,0.04,0.13,59,52.1,80.0,6,10,18.0,5,1.8,36,17,19,0.96,1.29,0,32,29,6,7,4,10,0,,,,,,,,,,,,,,,,Centre-Forward,31.0,15000000.0
ENG-Premier League,2122.0,Arsenal,ben white,ENG,DF,23.0,1997.0,32,32,2880,32.0,0,0,0,0,0,0,3,0,0.0,0.0,0.0,0.0,0.0,12,4,33.3,0.37,0.12,0.0,0.0,90,84.2,90.0,32,0,,2,1.88,52,35,17,0.53,1.2,0,19,27,0,0,44,21,1,,,,,,,,,,,,,,,,Right-Back,24.0,40000000.0
ENG-Premier League,2122.0,Arsenal,bernd leno,GER,GK,29.0,1992.0,4,4,360,4.0,0,0,0,0,0,0,0,0,0.0,0.0,0.0,0.0,0.0,0,0,,0.0,0.0,,,90,10.5,90.0,4,0,,29,0.75,1,9,-8,-2.0,-2.62,0,0,0,0,0,0,1,0,9.0,2.25,19.0,10.0,52.6,1.0,0.0,3.0,1.0,25.0,0.0,0.0,0.0,0.0,,Goalkeeper,30.0,9000000.0
ENG-Premier League,2122.0,Arsenal,bukayo saka,ENG,"MF,FW",19.0,2001.0,38,36,2978,33.1,11,7,18,9,2,2,6,0,0.33,0.21,0.54,0.27,0.48,97,31,32.0,2.93,0.94,0.09,0.29,78,87.1,81.0,16,2,27.0,0,1.82,52,39,13,0.39,0.39,0,38,59,17,111,22,23,0,,,,,,,,,,,,,,,,Right Winger,20.0,65000000.0
ENG-Premier League,2122.0,Arsenal,calum chambers,ENG,DF,26.0,1995.0,2,2,170,1.9,0,0,0,0,0,0,0,0,0.0,0.0,0.0,0.0,0.0,2,0,0.0,1.06,0.0,0.0,,85,5.0,85.0,1,0,,4,0.0,0,7,-7,-3.71,-4.26,0,2,1,0,3,0,3,0,,,,,,,,,,,,,,,,Centre-Back,27.0,10000000.0
ENG-Premier League,2122.0,Arsenal,cedric soares,POR,DF,29.0,1991.0,21,16,1486,16.5,1,1,2,1,0,0,3,0,0.06,0.06,0.12,0.06,0.12,12,1,8.3,0.73,0.06,0.08,1.0,71,43.5,86.0,12,5,24.0,12,1.86,22,27,-5,-0.3,-1.14,0,15,6,3,100,15,28,0,,,,,,,,,,,,,,,,Right-Back,30.0,6000000.0
ENG-Premier League,2122.0,Arsenal,eddie nketiah,ENG,FW,22.0,1999.0,21,8,835,9.3,5,1,6,5,0,0,3,0,0.54,0.11,0.65,0.54,0.65,28,12,42.9,3.02,1.29,0.18,0.42,40,24.4,82.0,4,13,14.0,5,1.76,18,18,0,0.0,-0.45,0,17,14,5,5,5,5,0,,,,,,,,,,,,,,,,Centre-Forward,23.0,16000000.0
ENG-Premier League,2122.0,Arsenal,emile smith rowe,ENG,MF,21.0,2000.0,33,21,1921,21.3,10,2,12,10,0,0,1,0,0.47,0.09,0.56,0.47,0.56,40,23,57.5,1.87,1.08,0.25,0.43,58,56.2,80.0,10,12,19.0,2,1.73,28,28,0,0.0,-0.78,0,5,21,2,45,13,7,0,,,,,,,,,,,,,,,,Attacking Midfield,21.0,40000000.0
ENG-Premier League,2122.0,Arsenal,folarin balogun,USA,FW,20.0,2001.0,2,1,70,0.8,0,0,0,0,0,0,0,0,0.0,0.0,0.0,0.0,0.0,3,0,0.0,3.86,0.0,0.0,,35,2.0,58.0,0,1,12.0,0,0.0,0,1,-1,-1.29,-1.66,0,0,1,1,0,0,1,0,,,,,,,,,,,,,,,,Centre-Forward,20.0,4000000.0
ENG-Premier League,2122.0,Arsenal,gabriel magalhaes,BRA,DF,23.0,1997.0,35,35,3063,34.0,5,0,5,5,0,0,8,1,0.15,0.0,0.15,0.15,0.15,29,12,41.4,0.85,0.35,0.17,0.42,88,89.6,88.0,31,0,,0,1.97,61,37,24,0.71,3.48,1,23,38,1,1,14,31,0,,,,,,,,,,,,,,,,,,
ENG-Premier League,2122.0,Arsenal,gabriel martinelli,BRA,"MF,FW",20.0,2001.0,29,21,1860,20.7,6,6,12,5,1,1,3,1,0.29,0.29,0.58,0.24,0.53,52,16,30.8,2.52,0.77,0.1,0.31,64,54.4,80.0,9,8,21.0,7,1.72,34,25,9,0.44,0.2,1,23,20,10,74,19,20,0,,,,,,,,,,,,,,,,Left Winger,21.0,40000000.0
ENG-Premier League,2122.0,Arsenal,granit xhaka,SUI,MF,28.0,1992.0,27,27,2327,25.9,1,2,3,1,0,0,10,1,0.04,0.08,0.12,0.04,0.12,27,5,18.5,1.04,0.19,0.04,0.2,86,68.0,86.0,23,0,,0,1.78,46,35,11,0.43,0.26,0,29,19,2,25,21,18,0,,,,,,,,,,,,,,,,Defensive Midfield,29.0,20000000.0
ENG-Premier League,2122.0,Arsenal,kieran tierney,SCO,DF,24.0,1997.0,22,22,1915,21.3,1,3,4,1,0,0,0,0,0.05,0.14,0.19,0.05,0.19,15,5,33.3,0.7,0.23,0.07,0.2,87,56.0,87.0,18,0,,4,1.91,33,21,12,0.56,0.5,0,5,16,1,80,16,14,0,,,,,,,,,,,,,,,,Left-Back,25.0,32000000.0
ENG-Premier League,2122.0,Arsenal,martin degaard,NOR,MF,22.0,1998.0,36,32,2785,30.9,7,4,11,7,0,0,4,0,0.23,0.13,0.36,0.23,0.36,53,21,39.6,1.71,0.68,0.13,0.33,77,81.4,84.0,20,4,26.0,0,1.92,53,39,14,0.45,0.59,0,27,20,3,59,10,19,0,,,,,,,,,,,,,,,,Attacking Midfield,23.0,45000000.0
ENG-Premier League,2122.0,Arsenal,mohamed elneny,EGY,MF,29.0,1992.0,14,8,806,9.0,0,2,2,0,0,0,1,0,0.0,0.22,0.22,0.0,0.22,8,2,25.0,0.89,0.22,0.0,0.0,58,23.6,90.0,8,6,14.0,19,1.71,20,17,3,0.33,-0.01,0,5,5,0,0,15,8,0,,,,,,,,,,,,,,,,Defensive Midfield,29.0,11000000.0
ENG-Premier League,2122.0,Arsenal,nicolas pepe,CIV,MF,26.0,1995.0,20,5,696,7.7,1,2,3,1,0,0,0,0,0.13,0.26,0.39,0.13,0.39,23,8,34.8,2.97,1.03,0.04,0.13,35,20.4,90.0,5,15,16.0,15,1.9,11,9,2,0.26,-0.1,0,8,3,4,37,7,5,0,,,,,,,,,,,,,,,,Right Winger,27.0,25000000.0
ENG-Premier League,2122.0,Arsenal,nuno tavares,POR,DF,21.0,2000.0,22,13,1176,13.1,1,1,2,1,0,0,2,0,0.08,0.08,0.15,0.08,0.15,23,2,8.7,1.76,0.15,0.04,0.5,53,34.4,83.0,10,9,11.0,16,1.77,25,19,6,0.46,0.18,0,23,13,1,41,10,13,0,,,,,,,,,,,,,,,,Left-Back,22.0,15000000.0
ENG-Premier League,2122.0,Arsenal,pablo mari,ESP,DF,27.0,1993.0,2,2,180,2.0,0,0,0,0,0,0,1,0,0.0,0.0,0.0,0.0,0.0,1,0,0.0,0.5,0.0,0.0,,90,5.3,90.0,2,0,,4,0.0,0,4,-4,-2.0,-2.47,0,1,1,0,0,3,3,0,,,,,,,,,,,,,,,,Centre-Back,28.0,5000000.0
ENG-Premier League,2122.0,Arsenal,pierre emerick aubameyang,GAB,FW,32.0,1989.0,14,12,1037,11.5,4,1,5,4,0,2,3,0,0.35,0.09,0.43,0.35,0.43,35,18,51.4,3.04,1.56,0.11,0.22,74,30.3,83.0,7,2,18.0,0,1.64,17,16,1,0.09,-0.37,0,15,8,10,11,0,5,0,,,,,,,,,,,,,,,,Centre-Forward,33.0,15000000.0
ENG-Premier League,2122.0,Arsenal,reiss nelson,ENG,"FW,MF",21.0,1999.0,1,0,20,0.2,0,0,0,0,0,0,0,0,0.0,0.0,0.0,0.0,0.0,1,0,0.0,4.5,0.0,0.0,,20,0.6,,0,1,20.0,1,0.0,0,1,-1,-4.5,-4.87,0,0,0,0,0,0,0,0,,,,,,,,,,,,,,,,Left Winger,22.0,6500000.0
ENG-Premier League,2122.0,Arsenal,rob holding,ENG,DF,25.0,1995.0,15,9,845,9.4,1,0,1,1,0,0,4,1,0.11,0.0,0.11,0.11,0.11,4,1,25.0,0.43,0.11,0.25,1.0,56,24.7,84.0,8,6,16.0,21,2.07,18,14,4,0.43,0.11,1,9,3,0,0,11,9,0,,,,,,,,,,,,,,,,Centre-Back,26.0,10000000.0
ENG-Premier League,2122.0,Arsenal,sead kolasinac,BIH,DF,28.0,1993.0,2,1,91,1.0,0,0,0,0,0,0,1,0,0.0,0.0,0.0,0.0,0.0,0,0,,0.0,0.0,,,46,2.7,90.0,1,1,1.0,2,1.5,0,5,-5,-4.95,-5.43,0,2,0,0,0,4,0,0,,,,,,,,,,,,,,,,Centre-Back,29.0,3000000.0
ENG-Premier League,2122.0,Arsenal,takehiro tomiyasu,JPN,DF,22.0,1998.0,21,20,1679,18.7,0,1,1,0,0,0,2,0,0.0,0.05,0.05,0.0,0.05,11,2,18.2,0.59,0.11,0.0,0.0,80,49.1,84.0,16,1,1.0,1,1.95,30,20,10,0.54,0.38,0,16,14,0,31,23,16,0,,,,,,,,,,,,,,,,Centre-Back,23.0,25000000.0
ENG-Premier League,2122.0,Arsenal,thomas partey,GHA,MF,28.0,1993.0,24,23,2028,22.5,2,1,3,2,0,0,6,0,0.09,0.04,0.13,0.09,0.13,44,10,22.7,1.95,0.44,0.05,0.2,85,59.3,87.0,17,1,29.0,0,2.08,40,25,15,0.67,0.79,0,33,17,0,4,25,28,0,,,,,,,,,,,,,,,,Defensive Midfield,29.0,38000000.0
ENG-Premier League,2122.0,Aston Villa,anwar el ghazi,NED,"MF,FW",26.0,1995.0,9,4,386,4.3,1,1,2,0,1,1,2,0,0.23,0.23,0.47,0.0,0.23,8,3,37.5,1.87,0.7,0.0,0.0,43,11.3,79.0,2,5,14.0,9,1.11,6,8,-2,-0.47,-0.47,0,8,5,2,14,1,4,0,,,,,,,,,,,,,,,,Right Winger,27.0,9000000.0
ENG-Premier League,2122.0,Aston Villa,ashley young,ENG,"DF,FW",36.0,1985.0,24,10,1250,13.9,0,2,2,0,0,0,2,0,0.0,0.14,0.14,0.0,0.14,10,3,30.0,0.72,0.22,0.0,0.0,52,36.5,83.0,6,14,30.0,12,1.38,19,19,0,0.0,0.08,0,16,33,1,44,13,6,1,,,,,,,,,,,,,,,,Right-Back,36.0,1000000.0
ENG-Premier League,2122.0,Aston Villa,axel tuanzebe,COD,DF,23.0,1997.0,9,6,508,5.6,0,0,0,0,0,0,1,0,0.0,0.0,0.0,0.0,0.0,2,1,50.0,0.35,0.18,0.0,0.0,56,14.9,83.0,5,3,4.0,8,1.44,6,10,-4,-0.71,-0.77,0,3,3,0,1,5,3,0,,,,,,,,,,,,,,,,Centre-Back,24.0,7000000.0
ENG-Premier League,2122.0,Aston Villa,bertrand traore,BFA,FW,25.0,1995.0,9,1,220,2.4,0,0,0,0,0,0,0,0,0.0,0.0,0.0,0.0,0.0,8,1,12.5,3.27,0.41,0.0,0.0,24,6.4,79.0,0,8,18.0,10,0.44,2,3,-1,-0.41,-0.38,0,0,4,2,5,0,3,0,,,,,,,,,,,,,,,,Right Winger,26.0,16000000.0
ENG-Premier League,2122.0,Aston Villa,calum chambers,ENG,"DF,MF",26.0,1995.0,11,9,831,9.2,1,0,1,1,0,0,1,0,0.11,0.0,0.11,0.11,0.11,3,1,33.3,0.32,0.11,0.33,1.0,76,24.3,88.0,8,2,22.0,6,1.36,17,9,8,0.87,1.21,0,12,2,0,2,5,8,0,,,,,,,,,,,,,,,,Centre-Back,27.0,10000000.0
ENG-Premier League,2122.0,Aston Villa,cameron archer,ENG,"FW,MF",20.0,2001.0,3,0,27,0.3,0,0,0,0,0,0,0,0,0.0,0.0,0.0,0.0,0.0,1,0,0.0,3.33,0.0,0.0,,9,0.8,,0,3,9.0,9,1.0,1,0,1,3.33,3.41,0,3,0,0,0,0,0,0,,,,,,,,,,,,,,,,Centre-Forward,20.0,6000000.0
ENG-Premier League,2122.0,Aston Villa,carney chukwuemeka,AUT,MF,17.0,2003.0,12,2,301,3.3,0,1,1,0,0,0,0,0,0.0,0.3,0.3,0.0,0.3,4,1,25.0,1.2,0.3,0.0,0.0,25,8.8,59.0,0,10,18.0,19,1.33,5,6,-1,-0.3,-0.27,0,3,9,0,0,2,0,0,,,,,,,,,,,,,,,,Central Midfield,18.0,6000000.0
ENG-Premier League,2122.0,Aston Villa,danny ings,ENG,FW,29.0,1992.0,30,22,1898,21.1,7,6,13,6,1,1,4,0,0.33,0.28,0.62,0.28,0.57,49,18,36.7,2.32,0.85,0.12,0.33,63,55.5,79.0,7,8,20.0,3,1.23,29,26,3,0.14,0.44,0,16,12,11,14,5,18,0,,,,,,,,,,,,,,,,Centre-Forward,29.0,20000000.0
ENG-Premier League,2122.0,Aston Villa,douglas luiz,BRA,MF,23.0,1998.0,34,31,2715,30.2,2,3,5,2,0,0,7,0,0.07,0.1,0.17,0.07,0.17,23,8,34.8,0.76,0.27,0.09,0.25,80,79.4,86.0,22,3,20.0,0,1.24,43,38,5,0.17,1.06,0,38,42,0,83,34,36,0,,,,,,,,,,,,,,,,Central Midfield,24.0,38000000.0
ENG-Premier League,2122.0,Aston Villa,emi buendia,ARG,"FW,MF",24.0,1996.0,35,22,1899,21.1,4,6,10,4,0,0,1,0,0.19,0.28,0.47,0.19,0.47,44,13,29.5,2.09,0.62,0.09,0.31,54,55.5,77.0,5,13,16.0,2,1.11,30,32,-2,-0.09,-0.09,0,17,44,3,34,11,18,0,,,,,,,,,,,,,,,,,,
ENG-Premier League,2122.0,Aston Villa,emiliano martinez,ARG,GK,28.0,1992.0,36,36,3240,36.0,0,0,0,0,0,0,4,0,0.0,0.0,0.0,0.0,0.0,0,0,,0.0,0.0,,,90,94.7,90.0,36,0,,0,1.25,50,48,2,0.06,2.06,0,0,3,0,0,0,0,0,48.0,1.33,142.0,94.0,66.2,13.0,6.0,17.0,11.0,30.6,6.0,4.0,1.0,1.0,20.0,Goalkeeper,29.0,28000000.0
ENG-Premier League,2122.0,Aston Villa,ezri konsa,ENG,DF,23.0,1997.0,29,29,2477,27.5,2,0,2,2,0,0,6,2,0.07,0.0,0.07,0.07,0.07,15,6,40.0,0.55,0.22,0.13,0.33,85,72.4,85.0,24,0,,3,1.21,36,41,-5,-0.18,-0.47,1,18,36,1,1,16,15,0,,,,,,,,,,,,,,,,Centre-Back,24.0,22000000.0
ENG-Premier League,2122.0,Aston Villa,jacob ramsey,ENG,MF,20.0,2001.0,34,29,2467,27.4,6,1,7,6,0,0,6,0,0.22,0.04,0.26,0.22,0.26,34,11,32.4,1.24,0.4,0.18,0.55,73,72.1,80.0,14,5,28.0,1,1.21,40,35,5,0.18,0.84,0,32,44,1,26,20,44,0,,,,,,,,,,,,,,,,Central Midfield,21.0,25000000.0
ENG-Premier League,2122.0,Aston Villa,jaden philogene bidace,ENG,"FW,MF",19.0,2002.0,1,0,5,0.1,0,0,0,0,0,0,0,0,0.0,0.0,0.0,0.0,0.0,0,0,,0.0,0.0,,,5,0.1,,0,1,5.0,8,3.0,0,0,0,0.0,0.05,0,0,1,0,0,0,0,0,,,,,,,,,,,,,,,,,,
ENG-Premier League,2122.0,Aston Villa,jed steer,ENG,GK,28.0,1992.0,1,1,90,1.0,0,0,0,0,0,0,0,0,0.0,0.0,0.0,0.0,0.0,0,0,,0.0,0.0,,,90,2.6,90.0,1,0,,18,0.0,0,3,-3,-3.0,-3.03,0,0,0,0,0,0,0,0,3.0,3.0,4.0,1.0,25.0,0.0,0.0,1.0,0.0,0.0,0.0,0.0,0.0,0.0,,Goalkeeper,29.0,600000.0
ENG-Premier League,2122.0,Aston Villa,john mcginn,SCO,MF,26.0,1994.0,35,35,3090,34.3,3,4,7,3,0,0,8,0,0.09,0.12,0.2,0.09,0.2,43,16,37.2,1.25,0.47,0.07,0.19,88,90.4,88.0,32,0,,0,1.23,45,48,-3,-0.09,-0.36,0,57,80,0,110,32,63,0,,,,,,,,,,,,,,,,Central Midfield,27.0,32000000.0
ENG-Premier League,2122.0,Aston Villa,keinan davis,ENG,FW,23.0,1998.0,1,0,12,0.1,0,0,0,0,0,0,0,0,0.0,0.0,0.0,0.0,0.0,0,0,,0.0,0.0,,,12,0.4,,0,1,12.0,5,0.0,0,0,0,0.0,0.05,0,0,1,0,0,0,0,0,,,,,,,,,,,,,,,,Centre-Forward,24.0,2500000.0
ENG-Premier League,2122.0,Aston Villa,kortney hause,ENG,DF,26.0,1995.0,7,4,397,4.4,1,0,1,1,0,0,0,0,0.23,0.0,0.23,0.23,0.23,2,2,100.0,0.45,0.45,0.5,0.5,57,11.6,87.0,3,3,16.0,19,1.14,6,9,-3,-0.68,-0.71,0,6,2,1,0,6,3,0,,,,,,,,,,,,,,,,Centre-Back,26.0,4000000.0
ENG-Premier League,2122.0,Aston Villa,leon bailey,JAM,"FW,MF",23.0,1997.0,18,7,761,8.5,1,2,3,1,0,0,3,0,0.12,0.24,0.35,0.12,0.35,21,8,38.1,2.48,0.95,0.05,0.13,42,22.3,69.0,3,11,25.0,2,0.89,12,13,-1,-0.12,-0.08,0,12,11,3,34,2,11,0,,,,,,,,,,,,,,,,Right Winger,24.0,25000000.0
ENG-Premier League,2122.0,Aston Villa,lucas digne,FRA,DF,28.0,1993.0,16,16,1269,14.1,0,4,4,0,0,0,2,0,0.0,0.28,0.28,0.0,0.28,9,2,22.2,0.64,0.14,0.0,0.0,79,37.1,79.0,13,0,,0,1.19,21,20,1,0.07,0.2,0,18,16,3,102,22,9,0,,,,,,,,,,,,,,,,Left-Back,28.0,25000000.0
ENG-Premier League,2122.0,Aston Villa,marvelous nakamba,ZIM,MF,27.0,1994.0,16,10,904,10.0,0,0,0,0,0,0,5,0,0.0,0.0,0.0,0.0,0.0,0,0,,0.0,0.0,,,57,26.4,77.0,5,6,22.0,8,0.94,15,20,-5,-0.5,-0.61,0,16,9,0,1,11,19,0,,,,,,,,,,,,,,,,Defensive Midfield,28.0,7000000.0
ENG-Premier League,2122.0,Aston Villa,matt targett,ENG,"DF,MF",25.0,1995.0,17,17,1431,15.9,1,1,2,1,0,0,2,0,0.06,0.06,0.13,0.06,0.13,7,2,28.6,0.44,0.13,0.14,0.5,84,41.8,84.0,14,0,,3,0.94,16,28,-12,-0.75,-1.21,0,15,11,0,56,23,18,1,,,,,,,,,,,,,,,,Left-Back,26.0,17000000.0
ENG-Premier League,2122.0,Aston Villa,matty cash,POL,"DF,MF",23.0,1997.0,38,38,3377,37.5,4,3,7,4,0,0,8,0,0.11,0.08,0.19,0.11,0.19,37,13,35.1,0.99,0.35,0.11,0.31,89,98.7,89.0,35,0,,0,1.18,52,50,2,0.05,8.43,0,38,37,2,99,44,50,0,,,,,,,,,,,,,,,,Right-Back,24.0,25000000.0
ENG-Premier League,2122.0,Aston Villa,morgan sanson,FRA,MF,26.0,1994.0,10,3,356,4.0,0,0,0,0,0,0,0,0,0.0,0.0,0.0,0.0,0.0,1,0,0.0,0.25,0.0,0.0,,36,10.4,71.0,0,7,20.0,17,1.3,2,8,-6,-1.52,-1.63,0,3,13,0,8,10,8,0,,,,,,,,,,,,,,,,Central Midfield,27.0,10000000.0
ENG-Premier League,2122.0,Aston Villa,ollie watkins,ENG,FW,25.0,1995.0,35,33,2952,32.8,11,2,13,10,1,1,7,0,0.34,0.06,0.4,0.3,0.37,77,32,41.6,2.35,0.98,0.13,0.31,84,86.3,88.0,28,2,23.0,0,1.2,46,48,-2,-0.06,-0.06,0,32,39,17,15,12,13,0,,,,,,,,,,,,,,,,Centre-Forward,26.0,35000000.0
ENG-Premier League,2122.0,Aston Villa,philippe coutinho,BRA,"MF,FW",29.0,1992.0,19,16,1329,14.8,5,3,8,5,0,0,0,0,0.34,0.2,0.54,0.34,0.54,43,16,37.2,2.91,1.08,0.12,0.31,70,38.9,80.0,5,3,18.0,0,1.21,21,17,4,0.27,0.53,0,8,20,4,19,6,11,0,,,,,,,,,,,,,,,,Attacking Midfield,30.0,20000000.0
ENG-Premier League,2122.0,Aston Villa,robin olsen,SWE,GK,31.0,1990.0,1,1,90,1.0,0,0,0,0,0,0,0,0,0.0,0.0,0.0,0.0,0.0,0,0,,0.0,0.0,,,90,2.6,90.0,1,0,,17,0.0,2,3,-1,-1.0,-0.97,0,0,0,0,0,0,0,0,3.0,3.0,5.0,2.0,40.0,0.0,0.0,1.0,0.0,0.0,0.0,0.0,0.0,0.0,,Goalkeeper,32.0,2000000.0
ENG-Premier League,2122.0,Aston Villa,tim iroegbunam,ENG,MF,18.0,2003.0,3,1,92,1.0,0,0,0,0,0,0,1,0,0.0,0.0,0.0,0.0,0.0,1,0,0.0,0.98,0.0,0.0,,31,2.7,72.0,0,2,10.0,19,2.33,1,0,1,0.98,1.06,0,2,0,0,0,1,4,0,,,,,,,,,,,,,,,,Central Midfield,19.0,2500000.0
ENG-Premier League,2122.0,Aston Villa,trezeguet,EGY,"FW,MF",26.0,1994.0,1,0,11,0.1,0,0,0,0,0,0,0,0,0.0,0.0,0.0,0.0,0.0,1,0,0.0,8.18,0.0,0.0,,11,0.3,,0,1,11.0,3,0.0,0,1,-1,-8.18,-8.16,0,0,0,0,0,0,0,0,,,,,,,,,,,,,,,,Left Winger,27.0,10000000.0
ENG-Premier League,2122.0,Aston Villa,tyrone mings,ENG,DF,28.0,1993.0,36,35,3189,35.4,1,3,4,1,0,0,11,0,0.03,0.08,0.11,0.03,0.11,21,5,23.8,0.59,0.14,0.05,0.2,89,93.2,90.0,35,1,39.0,0,1.22,49,49,0,0.0,0.78,0,27,24,1,4,45,12,0,,,,,,,,,,,,,,,,Centre-Back,29.0,30000000.0
ENG-Premier League,2122.0,Aston Villa,wesley moraes,BRA,FW,24.0,1996.0,1,0,1,0.0,0,0,0,0,0,0,0,0,0.0,0.0,0.0,0.0,0.0,0,0,,0.0,0.0,,,1,0.0,,0,1,1.0,1,3.0,0,0,0,0.0,0.05,0,1,0,0,0,0,0,0,,,,,,,,,,,,,,,,Centre-Forward,25.0,6000000.0
ENG-Premier League,2122.0,Brentford,bryan mbeumo,CMR,FW,21.0,1999.0,35,34,2905,32.3,4,7,11,3,1,1,4,0,0.12,0.22,0.34,0.09,0.31,77,22,28.6,2.39,0.68,0.04,0.14,83,84.9,85.0,22,1,29.0,1,1.23,41,47,-6,-0.19,0.16,0,20,38,13,74,12,16,0,,,,,,,,,,,,,,,,Right Winger,22.0,22000000.0
ENG-Premier League,2122.0,Brentford,charlie goode,ENG,DF,25.0,1995.0,6,4,450,5.0,0,0,0,0,0,0,3,0,0.0,0.0,0.0,0.0,0.0,2,0,0.0,0.4,0.0,0.0,,75,13.2,90.0,4,2,45.0,6,1.33,6,6,0,0.0,0.24,0,5,7,0,6,2,5,0,,,,,,,,,,,,,,,,Centre-Back,26.0,900000.0
ENG-Premier League,2122.0,Brentford,christian eriksen,DEN,MF,29.0,1992.0,11,10,939,10.4,1,4,5,1,0,0,1,0,0.1,0.38,0.48,0.1,0.48,22,9,40.9,2.11,0.86,0.05,0.11,85,27.5,90.0,10,1,39.0,0,2.0,20,10,10,0.96,1.61,0,5,3,0,88,8,6,0,,,,,,,,,,,,,,,,Attacking Midfield,30.0,20000000.0
ENG-Premier League,2122.0,Brentford,christian nrgaard,DEN,MF,27.0,1994.0,35,35,3054,33.9,3,4,7,3,0,0,8,0,0.09,0.12,0.21,0.09,0.21,27,9,33.3,0.8,0.27,0.11,0.33,87,89.3,87.0,30,0,,0,1.29,44,51,-7,-0.21,0.04,0,56,33,0,13,63,58,0,,,,,,,,,,,,,,,,Defensive Midfield,28.0,14000000.0
ENG-Premier League,2122.0,Brentford,david raya,ESP,GK,25.0,1995.0,24,24,2160,24.0,0,0,0,0,0,0,1,0,0.0,0.0,0.0,0.0,0.0,0,0,,0.0,0.0,,,90,63.2,90.0,24,0,,0,1.46,33,27,6,0.25,1.25,0,1,2,0,0,0,0,0,27.0,1.13,105.0,78.0,74.3,10.0,5.0,9.0,8.0,33.3,4.0,4.0,0.0,0.0,0.0,Goalkeeper,26.0,22000000.0
ENG-Premier League,2122.0,Brentford,dominic thompson,ENG,MF,21.0,2000.0,2,2,146,1.6,0,0,0,0,0,0,0,0,0.0,0.0,0.0,0.0,0.0,1,0,0.0,0.62,0.0,0.0,,73,4.3,73.0,0,0,,11,0.0,0,3,-3,-1.85,-1.71,0,1,0,0,2,2,0,0,,,,,,,,,,,,,,,,Left-Back,21.0,800000.0
ENG-Premier League,2122.0,Brentford,ethan pinnock,JAM,DF,28.0,1993.0,32,32,2694,29.9,1,1,2,1,0,0,1,0,0.03,0.03,0.07,0.03,0.07,16,9,56.3,0.53,0.3,0.06,0.11,84,78.8,84.0,28,0,,0,1.13,35,43,-8,-0.27,-0.27,0,9,14,1,21,42,34,0,,,,,,,,,,,,,,,,Centre-Back,29.0,12000000.0
ENG-Premier League,2122.0,Brentford,finley stevens,WAL,DF,18.0,2003.0,1,0,15,0.2,0,0,0,0,0,0,0,0,0.0,0.0,0.0,0.0,0.0,0,0,,0.0,0.0,,,15,0.4,,0,1,15.0,22,0.0,0,0,0,0.0,0.21,0,0,0,0,1,0,1,0,,,,,,,,,,,,,,,,,,
ENG-Premier League,2122.0,Brentford,frank onyeka,NGA,MF,23.0,1998.0,20,12,1045,11.6,0,0,0,0,0,0,4,0,0.0,0.0,0.0,0.0,0.0,16,5,31.3,1.38,0.43,0.0,0.0,52,30.6,72.0,1,8,23.0,6,1.4,12,19,-7,-0.6,-0.56,0,33,24,0,13,14,18,0,,,,,,,,,,,,,,,,Central Midfield,24.0,9000000.0
ENG-Premier League,2122.0,Brentford,ivan toney,ENG,FW,25.0,1996.0,33,32,2909,32.3,12,5,17,7,5,5,8,0,0.37,0.15,0.53,0.22,0.37,88,30,34.1,2.72,0.93,0.08,0.23,88,85.1,90.0,32,1,29.0,0,1.24,43,47,-4,-0.12,0.58,0,50,80,25,28,15,21,0,,,,,,,,,,,,,,,,Centre-Forward,26.0,35000000.0
ENG-Premier League,2122.0,Brentford,jonas lossl,DEN,GK,32.0,1989.0,2,2,180,2.0,0,0,0,0,0,0,0,0,0.0,0.0,0.0,0.0,0.0,0,0,,0.0,0.0,,,90,5.3,90.0,2,0,,10,0.0,2,5,-3,-1.5,-1.36,0,0,0,0,0,0,0,0,5.0,2.5,7.0,2.0,28.6,0.0,0.0,2.0,0.0,0.0,0.0,0.0,0.0,0.0,,Goalkeeper,33.0,1000000.0
ENG-Premier League,2122.0,Brentford,josh dasilva,ENG,"MF,FW",22.0,1998.0,9,2,257,2.9,0,0,0,0,0,0,0,1,0.0,0.0,0.0,0.0,0.0,1,0,0.0,0.35,0.0,0.0,,29,7.5,39.0,0,7,26.0,1,0.89,4,4,0,0.0,0.23,0,4,3,0,4,1,1,0,,,,,,,,,,,,,,,,Central Midfield,23.0,10000000.0
ENG-Premier League,2122.0,Brentford,kristoffer ajer,NOR,DF,23.0,1998.0,24,23,1995,22.2,1,3,4,1,0,0,5,0,0.05,0.14,0.18,0.05,0.18,7,1,14.3,0.32,0.05,0.14,1.0,83,58.3,85.0,17,1,45.0,3,1.29,29,32,-3,-0.14,0.18,0,12,16,0,17,25,18,0,,,,,,,,,,,,,,,,Centre-Back,24.0,18000000.0
ENG-Premier League,2122.0,Brentford,mads bech srensen,DEN,DF,22.0,1999.0,11,9,835,9.3,0,0,0,0,0,0,3,0,0.0,0.0,0.0,0.0,0.0,2,0,0.0,0.22,0.0,0.0,,76,24.4,83.0,7,2,45.0,14,1.45,9,14,-5,-0.54,-0.43,0,8,4,0,10,5,6,0,,,,,,,,,,,,,,,,Centre-Back,23.0,5000000.0
ENG-Premier League,2122.0,Brentford,mads bidstrup,DEN,MF,20.0,2001.0,4,0,41,0.5,0,0,0,0,0,0,0,0,0.0,0.0,0.0,0.0,0.0,0,0,,0.0,0.0,,,10,1.2,,0,4,10.0,14,1.75,1,0,1,2.2,2.43,0,1,0,0,0,1,0,0,,,,,,,,,,,,,,,,Central Midfield,21.0,1000000.0
ENG-Premier League,2122.0,Brentford,mads roerslev,DEN,"MF,DF",22.0,1999.0,21,12,1240,13.8,1,1,2,1,0,0,1,0,0.07,0.07,0.15,0.07,0.15,5,2,40.0,0.36,0.15,0.2,0.5,59,36.3,89.0,11,9,19.0,15,1.29,17,27,-10,-0.73,-0.81,0,18,8,2,35,16,12,0,,,,,,,,,,,,,,,,Right-Back,23.0,2500000.0
ENG-Premier League,2122.0,Brentford,marcus forss,FIN,FW,22.0,1999.0,7,1,209,2.3,0,1,1,0,0,0,0,0,0.0,0.43,0.43,0.0,0.43,5,0,0.0,2.15,0.0,0.0,,30,6.1,90.0,1,6,20.0,16,0.86,4,4,0,0.0,0.22,0,3,1,0,1,1,3,0,,,,,,,,,,,,,,,,Centre-Forward,23.0,4000000.0
ENG-Premier League,2122.0,Brentford,mathias jensen,DEN,MF,25.0,1996.0,31,19,1601,17.8,0,1,1,0,0,0,0,0,0.0,0.06,0.06,0.0,0.06,19,5,26.3,1.07,0.28,0.0,0.0,52,46.8,72.0,8,12,20.0,4,1.0,15,30,-15,-0.84,-1.19,0,19,7,3,81,22,18,0,,,,,,,,,,,,,,,,Central Midfield,26.0,10000000.0
ENG-Premier League,2122.0,Brentford,mathias jrgensen,DEN,DF,31.0,1990.0,8,6,518,5.8,1,0,1,1,0,0,2,0,0.17,0.0,0.17,0.17,0.17,2,1,50.0,0.35,0.17,0.5,1.0,65,15.1,77.0,5,2,29.0,6,1.25,8,10,-2,-0.35,-0.16,0,10,1,0,7,11,3,0,,,,,,,,,,,,,,,,,,
ENG-Premier League,2122.0,Brentford,nathan young coombes,ENG,FW,18.0,2003.0,1,0,4,0.0,0,0,0,0,0,0,0,0,0.0,0.0,0.0,0.0,0.0,0,0,,0.0,0.0,,,4,0.1,,0,1,4.0,7,3.0,0,0,0,0.0,0.21,0,1,0,0,0,0,0,0,,,,,,,,,,,,,,,,Right Winger,19.0,
ENG-Premier League,2122.0,Brentford,pontus jansson,SWE,DF,30.0,1991.0,37,37,3321,36.9,3,1,4,3,0,0,7,0,0.08,0.03,0.11,0.08,0.11,22,11,50.0,0.6,0.3,0.14,0.27,90,97.1,90.0,36,0,,0,1.16,46,56,-10,-0.27,-2.09,0,15,8,5,2,52,21,0,,,,,,,,,,,,,,,,Centre-Back,31.0,7000000.0
ENG-Premier League,2122.0,Brentford,rico henry,JAM,"MF,DF",24.0,1997.0,34,33,2776,30.8,3,0,3,3,0,0,2,0,0.1,0.0,0.1,0.1,0.1,14,5,35.7,0.45,0.16,0.21,0.6,82,81.2,83.0,24,1,27.0,0,1.26,40,41,-1,-0.03,0.95,0,20,27,1,75,27,19,0,,,,,,,,,,,,,,,,Left-Back,24.0,20000000.0
ENG-Premier League,2122.0,Brentford,saman ghoddos,IRN,"FW,MF",27.0,1993.0,17,4,536,6.0,1,1,2,1,0,0,2,0,0.17,0.17,0.34,0.17,0.34,8,3,37.5,1.34,0.5,0.13,0.33,32,15.7,65.0,0,13,21.0,16,0.82,10,4,6,1.01,1.44,0,12,10,0,22,3,9,0,,,,,,,,,,,,,,,,Attacking Midfield,28.0,2500000.0
ENG-Premier League,2122.0,Brentford,sergi canos,ESP,MF,24.0,1997.0,31,25,2083,23.1,3,2,5,3,0,0,8,1,0.13,0.09,0.22,0.13,0.22,33,13,39.4,1.43,0.56,0.09,0.23,67,60.9,79.0,9,6,19.0,2,1.06,25,35,-10,-0.43,-0.57,1,28,15,5,87,21,27,1,,,,,,,,,,,,,,,,Left Winger,25.0,14000000.0
ENG-Premier League,2122.0,Brentford,shandon baptiste,GRN,MF,23.0,1998.0,22,9,910,10.1,1,0,1,1,0,0,2,1,0.1,0.0,0.1,0.1,0.1,12,4,33.3,1.19,0.4,0.08,0.25,41,26.6,69.0,3,13,22.0,10,1.05,15,15,0,0.0,0.29,1,6,11,1,8,10,3,0,,,,,,,,,,,,,,,,Central Midfield,24.0,3000000.0
ENG-Premier League,2122.0,Brentford,tariqe fosu,GHA,"FW,MF",25.0,1995.0,1,0,17,0.2,0,0,0,0,0,0,0,0,0.0,0.0,0.0,0.0,0.0,1,1,100.0,5.29,5.29,0.0,0.0,17,0.5,,0,1,17.0,7,0.0,1,0,1,5.29,5.53,0,0,1,0,1,0,0,0,,,,,,,,,,,,,,,,Left Winger,26.0,2000000.0
ENG-Premier League,2122.0,Brentford,vitaly janelt,GER,MF,23.0,1998.0,31,27,2298,25.5,4,0,4,4,0,0,3,0,0.16,0.0,0.16,0.16,0.16,30,11,36.7,1.17,0.43,0.13,0.36,74,67.2,80.0,13,4,32.0,1,1.29,35,37,-2,-0.08,0.4,0,26,25,3,40,24,32,0,,,,,,,,,,,,,,,,Defensive Midfield,24.0,14000000.0
ENG-Premier League,2122.0,Brentford,yoane wissa,COD,FW,24.0,1996.0,30,12,1284,14.3,7,1,8,7,0,0,0,0,0.49,0.07,0.56,0.49,0.56,32,13,40.6,2.24,0.91,0.22,0.54,43,37.5,78.0,5,18,19.0,3,1.3,20,22,-2,-0.14,0.11,0,8,22,7,11,8,6,0,,,,,,,,,,,,,,,,Centre-Forward,25.0,12000000.0
ENG-Premier League,2122.0,Brentford,alvaro fernandez,ESP,GK,23.0,1998.0,12,12,1080,12.0,0,0,0,0,0,0,0,0,0.0,0.0,0.0,0.0,0.0,0,0,,0.0,0.0,,,90,31.6,90.0,12,0,,19,0.92,13,24,-11,-0.92,-1.03,0,0,3,0,0,0,0,1,24.0,2.0,73.0,49.0,67.1,3.0,2.0,7.0,1.0,8.3,1.0,1.0,0.0,0.0,0.0,,,
ENG-Premier League,2122.0,Brighton,aaron connolly,IRL,FW,21.0,2000.0,4,1,156,1.7,0,0,0,0,0,0,0,0,0.0,0.0,0.0,0.0,0.0,2,0,0.0,1.15,0.0,0.0,,39,4.6,60.0,0,3,32.0,5,1.25,2,1,1,0.58,0.66,0,0,6,0,0,0,0,0,,,,,,,,,,,,,,,,Centre-Forward,22.0,6000000.0
ENG-Premier League,2122.0,Brighton,adam lallana,ENG,MF,33.0,1988.0,24,18,1561,17.3,0,1,1,0,0,0,4,0,0.0,0.06,0.06,0.0,0.06,19,4,21.1,1.1,0.23,0.0,0.0,65,45.6,81.0,10,6,18.0,10,1.5,21,20,1,0.06,0.2,0,11,17,0,4,15,18,0,,,,,,,,,,,,,,,,Attacking Midfield,34.0,2000000.0
ENG-Premier League,2122.0,Brighton,adam webster,ENG,DF,26.0,1995.0,22,16,1434,15.9,2,0,2,2,0,0,5,0,0.13,0.0,0.13,0.13,0.13,8,3,37.5,0.5,0.19,0.25,0.67,65,41.9,81.0,13,6,22.0,4,1.73,21,20,1,0.06,0.2,0,15,4,0,6,16,8,0,,,,,,,,,,,,,,,,Centre-Back,27.0,17000000.0
ENG-Premier League,2122.0,Brighton,alexis mac allister,ARG,"MF,FW",22.0,1998.0,33,22,2123,23.6,5,2,7,3,2,3,4,0,0.21,0.08,0.3,0.13,0.21,60,11,18.3,2.54,0.47,0.05,0.27,64,62.1,86.0,18,11,21.0,5,1.33,31,29,2,0.08,0.36,0,30,39,4,67,12,41,0,,,,,,,,,,,,,,,,Central Midfield,23.0,16000000.0
ENG-Premier League,2122.0,Brighton,dan burn,ENG,DF,29.0,1992.0,13,12,1022,11.4,1,0,1,1,0,0,4,0,0.09,0.0,0.09,0.09,0.09,7,4,57.1,0.62,0.35,0.14,0.25,79,29.9,83.0,10,1,21.0,2,1.31,10,12,-2,-0.18,-0.18,0,15,0,0,1,23,12,0,,,,,,,,,,,,,,,,Centre-Back,30.0,12000000.0
ENG-Premier League,2122.0,Brighton,danny welbeck,ENG,"FW,MF",30.0,1990.0,25,15,1478,16.4,6,2,8,6,0,0,0,0,0.37,0.12,0.49,0.37,0.49,43,22,51.2,2.62,1.34,0.14,0.27,59,43.2,80.0,8,10,28.0,1,1.4,24,16,8,0.49,0.95,0,17,13,4,1,4,6,0,,,,,,,,,,,,,,,,Centre-Forward,31.0,4000000.0
ENG-Premier League,2122.0,Brighton,enock mwepu,ZAM,MF,23.0,1998.0,18,12,996,11.1,2,4,6,2,0,0,2,0,0.18,0.36,0.54,0.18,0.54,19,8,42.1,1.72,0.72,0.11,0.25,55,29.1,72.0,5,6,22.0,6,1.83,18,13,5,0.45,0.71,0,18,15,2,7,13,12,0,,,,,,,,,,,,,,,,Central Midfield,24.0,18000000.0
ENG-Premier League,2122.0,Brighton,evan ferguson,IRL,FW,16.0,2004.0,1,0,23,0.3,0,0,0,0,0,0,0,0,0.0,0.0,0.0,0.0,0.0,0,0,,0.0,0.0,,,23,0.7,,0,1,23.0,16,0.0,0,1,-1,-3.91,-3.89,0,0,0,0,1,0,0,0,,,,,,,,,,,,,,,,Centre-Forward,17.0,600000.0
ENG-Premier League,2122.0,Brighton,jakub moder,POL,"MF,FW",22.0,1999.0,28,19,1701,18.9,0,3,3,0,0,0,1,0,0.0,0.16,0.16,0.0,0.16,28,6,21.4,1.48,0.32,0.0,0.0,61,49.7,81.0,10,9,18.0,2,1.18,17,23,-6,-0.32,-0.53,0,19,11,0,45,10,26,0,,,,,,,,,,,,,,,,Central Midfield,23.0,12000000.0
ENG-Premier League,2122.0,Brighton,jason steele,ENG,GK,30.0,1990.0,1,1,90,1.0,0,0,0,0,0,0,0,0,0.0,0.0,0.0,0.0,0.0,0,0,,0.0,0.0,,,90,2.6,90.0,1,0,,32,0.0,0,2,-2,-2.0,-2.0,0,0,0,0,0,0,0,0,2.0,2.0,5.0,3.0,60.0,0.0,0.0,1.0,0.0,0.0,0.0,0.0,0.0,0.0,,Goalkeeper,31.0,600000.0
ENG-Premier League,2122.0,Brighton,jeremy sarmiento,ECU,MF,19.0,2002.0,5,1,48,0.5,0,0,0,0,0,0,0,0,0.0,0.0,0.0,0.0,0.0,0,0,,0.0,0.0,,,10,1.4,12.0,0,4,9.0,7,0.8,0,2,-2,-3.75,-3.75,0,0,2,0,0,0,1,0,,,,,,,,,,,,,,,,Left Winger,20.0,3000000.0
ENG-Premier League,2122.0,Brighton,joel veltman,NED,"DF,MF",29.0,1992.0,34,33,2874,31.9,1,1,2,1,0,0,6,0,0.03,0.03,0.06,0.03,0.06,12,3,25.0,0.38,0.09,0.08,0.33,85,84.0,86.0,26,1,45.0,1,1.24,31,39,-8,-0.25,-1.24,0,39,37,0,41,41,49,0,,,,,,,,,,,,,,,,Right-Back,30.0,10000000.0
ENG-Premier League,2122.0,Brighton,jurgen locadia,CUW,FW,27.0,1993.0,1,0,23,0.3,0,0,0,0,0,0,0,0,0.0,0.0,0.0,0.0,0.0,1,0,0.0,3.91,0.0,0.0,,23,0.7,,0,1,23.0,8,1.0,0,0,0,0.0,0.05,0,1,1,0,0,0,0,0,,,,,,,,,,,,,,,,Centre-Forward,28.0,2000000.0
ENG-Premier League,2122.0,Brighton,leandro trossard,BEL,"FW,MF",26.0,1994.0,34,32,2805,31.2,8,3,11,7,1,1,2,0,0.26,0.1,0.35,0.22,0.32,74,27,36.5,2.37,0.87,0.09,0.26,83,82.0,86.0,23,2,33.0,1,1.29,34,33,1,0.03,0.47,0,24,26,13,52,16,20,0,,,,,,,,,,,,,,,,Left Winger,27.0,20000000.0
ENG-Premier League,2122.0,Brighton,lewis dunk,ENG,DF,29.0,1991.0,29,29,2573,28.6,1,0,1,1,0,0,3,1,0.03,0.0,0.03,0.03,0.03,19,7,36.8,0.66,0.24,0.05,0.14,89,75.2,89.0,28,0,,1,1.38,32,32,0,0.0,0.21,0,10,4,0,3,28,8,0,,,,,,,,,,,,,,,,Centre-Back,30.0,20000000.0
ENG-Premier League,2122.0,Brighton,marc cucurella,ESP,"DF,MF",23.0,1998.0,35,35,3089,34.3,1,1,2,1,0,0,6,0,0.03,0.03,0.06,0.03,0.06,18,3,16.7,0.52,0.09,0.06,0.33,88,90.3,88.0,32,0,,0,1.29,37,39,-2,-0.06,-0.06,0,28,30,3,116,30,61,0,,,,,,,,,,,,,,,,Left-Back,23.0,28000000.0
ENG-Premier League,2122.0,Brighton,moises caicedo,ECU,MF,19.0,2001.0,8,8,660,7.3,1,1,2,1,0,0,2,0,0.14,0.14,0.27,0.14,0.27,10,4,40.0,1.36,0.55,0.1,0.25,83,19.3,83.0,4,0,,11,2.13,13,6,7,0.95,1.25,0,7,11,1,0,11,10,0,,,,,,,,,,,,,,,,Defensive Midfield,20.0,6000000.0
ENG-Premier League,2122.0,Brighton,neal maupay,FRA,FW,24.0,1996.0,32,25,2276,25.3,8,2,10,7,1,2,7,0,0.32,0.08,0.4,0.28,0.36,61,15,24.6,2.41,0.59,0.11,0.47,71,66.5,84.0,19,7,24.0,5,1.25,25,31,-6,-0.24,-0.55,0,33,31,6,8,2,10,0,,,,,,,,,,,,,,,,Centre-Forward,25.0,18000000.0
ENG-Premier League,2122.0,Brighton,pascal gro,GER,MF,30.0,1991.0,29,24,2038,22.6,2,4,6,2,0,1,1,0,0.09,0.18,0.26,0.09,0.26,23,8,34.8,1.02,0.35,0.09,0.25,70,59.6,81.0,14,5,18.0,6,1.34,19,24,-5,-0.22,-0.42,0,15,6,4,189,16,13,0,,,,,,,,,,,,,,,,Central Midfield,31.0,6000000.0
ENG-Premier League,2122.0,Brighton,robert sanchez,ESP,GK,23.0,1997.0,37,37,3329,37.0,0,0,0,0,0,0,3,1,0.0,0.0,0.0,0.0,0.0,0,0,,0.0,0.0,,,90,97.3,90.0,36,0,,0,1.38,42,42,0,0.0,1.98,0,1,2,0,0,0,1,0,42.0,1.14,143.0,101.0,70.6,12.0,15.0,10.0,11.0,29.7,4.0,3.0,0.0,1.0,0.0,Goalkeeper,24.0,16000000.0
ENG-Premier League,2122.0,Brighton,shane duffy,IRL,DF,29.0,1992.0,18,15,1436,16.0,1,0,1,1,0,0,7,0,0.06,0.0,0.06,0.06,0.06,22,6,27.3,1.38,0.38,0.05,0.17,80,42.0,90.0,15,3,29.0,12,1.39,15,19,-4,-0.25,-0.34,0,15,5,1,1,14,11,0,,,,,,,,,,,,,,,,Centre-Back,30.0,5000000.0
ENG-Premier League,2122.0,Brighton,solly march,ENG,MF,27.0,1994.0,31,17,1746,19.4,0,2,2,0,0,0,1,0,0.0,0.1,0.1,0.0,0.1,21,11,52.4,1.08,0.57,0.0,0.0,56,51.1,83.0,10,14,25.0,6,1.23,26,23,3,0.15,0.42,0,31,20,12,95,18,16,0,,,,,,,,,,,,,,,,Right Winger,27.0,9000000.0
ENG-Premier League,2122.0,Brighton,steven alzate,COL,MF,22.0,1998.0,9,5,404,4.5,0,0,0,0,0,0,0,0,0.0,0.0,0.0,0.0,0.0,1,1,100.0,0.22,0.22,0.0,0.0,45,11.8,69.0,1,4,15.0,18,1.11,3,7,-4,-0.89,-0.95,0,6,4,0,0,11,5,0,,,,,,,,,,,,,,,,Central Midfield,23.0,5000000.0
ENG-Premier League,2122.0,Brighton,tariq lamptey,GHA,"MF,DF",20.0,2000.0,30,16,1561,17.3,0,2,2,0,0,0,4,0,0.0,0.12,0.12,0.0,0.12,19,4,21.1,1.1,0.23,0.0,0.0,52,45.6,79.0,7,14,22.0,3,1.2,14,21,-7,-0.4,-0.65,0,27,50,3,93,21,24,0,,,,,,,,,,,,,,,,Right-Back,21.0,18000000.0
ENG-Premier League,2122.0,Brighton,taylor richards,ENG,MF,20.0,2000.0,2,0,25,0.3,0,0,0,0,0,0,0,0,0.0,0.0,0.0,0.0,0.0,1,0,0.0,3.6,0.0,0.0,,13,0.7,,0,2,13.0,14,0.0,0,0,0,0.0,0.05,0,1,1,0,0,0,0,0,,,,,,,,,,,,,,,,Central Midfield,21.0,400000.0
ENG-Premier League,2122.0,Brighton,yves bissouma,MLI,MF,24.0,1996.0,26,25,2111,23.5,1,2,3,1,0,0,10,0,0.04,0.09,0.13,0.04,0.13,21,5,23.8,0.9,0.21,0.05,0.2,81,61.7,83.0,18,1,27.0,4,1.54,27,28,-1,-0.04,0.03,0,30,19,0,2,47,48,0,,,,,,,,,,,,,,,,Defensive Midfield,25.0,35000000.0
ENG-Premier League,2122.0,Burnley,aaron lennon,ENG,"MF,FW",34.0,1987.0,28,17,1551,17.2,2,0,2,2,0,0,2,0,0.12,0.0,0.12,0.12,0.12,12,4,33.3,0.7,0.23,0.17,0.5,55,45.4,81.0,8,11,15.0,7,1.0,12,25,-13,-0.75,-0.47,0,19,20,4,39,9,16,0,,,,,,,,,,,,,,,,Right Winger,35.0,1000000.0
ENG-Premier League,2122.0,Burnley,ashley barnes,ENG,FW,31.0,1989.0,23,8,808,9.0,1,0,1,0,1,1,4,0,0.11,0.0,0.11,0.0,0.0,16,6,37.5,1.78,0.67,0.0,0.0,35,23.6,76.0,2,15,13.0,7,0.78,6,19,-13,-1.45,-1.24,0,21,12,9,2,2,2,0,,,,,,,,,,,,,,,,Centre-Forward,32.0,1500000.0
ENG-Premier League,2122.0,Burnley,ashley westwood,ENG,MF,31.0,1990.0,27,26,2287,25.4,0,3,3,0,0,0,7,0,0.0,0.12,0.12,0.0,0.12,14,2,14.3,0.55,0.08,0.0,0.0,85,66.9,87.0,23,1,31.0,0,0.67,20,40,-20,-0.79,-0.87,0,29,22,0,124,31,11,0,,,,,,,,,,,,,,,,Defensive Midfield,32.0,2000000.0
ENG-Premier League,2122.0,Burnley,ben mee,ENG,DF,31.0,1989.0,21,21,1839,20.4,3,0,3,3,0,0,3,0,0.15,0.0,0.15,0.15,0.15,19,4,21.1,0.93,0.2,0.16,0.75,88,53.8,88.0,20,0,,0,0.9,20,25,-5,-0.24,0.55,0,9,8,2,4,25,11,1,,,,,,,,,,,,,,,,Centre-Back,32.0,2500000.0
ENG-Premier League,2122.0,Burnley,charlie taylor,ENG,DF,27.0,1993.0,31,30,2731,30.3,0,3,3,0,0,0,3,0,0.0,0.1,0.1,0.0,0.1,7,0,0.0,0.23,0.0,0.0,,88,79.9,90.0,30,1,31.0,0,0.84,28,48,-20,-0.66,-0.79,0,17,42,0,105,58,27,0,,,,,,,,,,,,,,,,Left-Back,28.0,3000000.0
ENG-Premier League,2122.0,Burnley,chris wood,NZL,FW,29.0,1991.0,17,17,1367,15.2,3,0,3,3,0,0,1,0,0.2,0.0,0.2,0.2,0.2,30,12,40.0,1.98,0.79,0.1,0.25,80,40.0,80.0,6,0,,0,0.65,15,26,-11,-0.72,-0.37,0,14,7,16,5,0,4,0,,,,,,,,,,,,,,,,Centre-Forward,30.0,10000000.0
ENG-Premier League,2122.0,Burnley,connor roberts,WAL,DF,25.0,1995.0,21,19,1692,18.8,1,1,2,1,0,0,2,0,0.05,0.05,0.11,0.05,0.11,6,4,66.7,0.32,0.21,0.17,0.25,81,49.5,87.0,17,2,23.0,4,1.14,15,23,-8,-0.43,0.15,0,7,29,1,28,20,14,0,,,,,,,,,,,,,,,,Right-Back,26.0,2500000.0
ENG-Premier League,2122.0,Burnley,dale stephens,ENG,MF,32.0,1989.0,3,1,124,1.4,0,0,0,0,0,0,1,0,0.0,0.0,0.0,0.0,0.0,1,0,0.0,0.73,0.0,0.0,,41,3.6,90.0,1,2,17.0,16,1.33,0,0,0,0.0,0.52,0,5,0,0,0,1,1,0,,,,,,,,,,,,,,,,Central Midfield,33.0,1000000.0
ENG-Premier League,2122.0,Burnley,dwight mcneil,ENG,MF,21.0,1999.0,38,35,3107,34.5,0,1,1,0,0,0,1,0,0.0,0.03,0.03,0.0,0.03,52,15,28.8,1.51,0.43,0.0,0.0,82,90.8,87.0,26,3,21.0,0,0.92,31,49,-18,-0.52,-0.23,0,16,36,1,200,33,53,0,,,,,,,,,,,,,,,,Left Winger,22.0,18000000.0
ENG-Premier League,2122.0,Burnley,erik pieters,NED,DF,32.0,1988.0,12,8,730,8.1,0,1,1,0,0,0,1,0,0.0,0.12,0.12,0.0,0.12,7,0,0.0,0.86,0.0,0.0,,61,21.3,86.0,7,4,10.0,13,0.92,7,5,2,0.25,0.95,0,14,5,0,14,10,14,0,,,,,,,,,,,,,,,,Left-Back,33.0,900000.0
ENG-Premier League,2122.0,Burnley,jack cork,ENG,MF,32.0,1989.0,20,20,1670,18.6,1,0,1,1,0,0,4,0,0.05,0.0,0.05,0.05,0.05,7,2,28.6,0.38,0.11,0.14,0.5,84,48.8,84.0,14,0,,18,1.05,19,26,-7,-0.38,0.24,0,32,10,1,8,17,8,0,,,,,,,,,,,,,,,,Defensive Midfield,33.0,1800000.0
ENG-Premier League,2122.0,Burnley,james tarkowski,ENG,DF,28.0,1992.0,35,35,3106,34.5,1,2,3,1,0,0,11,0,0.03,0.06,0.09,0.03,0.09,23,7,30.4,0.67,0.2,0.04,0.14,89,90.8,89.0,34,0,,0,0.89,30,51,-21,-0.61,-1.18,0,30,19,2,1,49,44,1,,,,,,,,,,,,,,,,Centre-Back,29.0,22000000.0
ENG-Premier League,2122.0,Burnley,jay rodriguez,ENG,FW,32.0,1989.0,29,13,1382,15.4,2,2,4,2,0,0,3,0,0.13,0.13,0.26,0.13,0.26,41,11,26.8,2.67,0.72,0.05,0.18,48,40.4,80.0,5,16,21.0,2,0.9,13,15,-2,-0.13,0.62,0,32,16,17,8,4,12,0,,,,,,,,,,,,,,,,Centre-Forward,32.0,2000000.0
ENG-Premier League,2122.0,Burnley,josh brownhill,ENG,MF,25.0,1995.0,35,32,2955,32.8,2,3,5,2,0,0,10,0,0.06,0.09,0.15,0.06,0.15,29,9,31.0,0.88,0.27,0.07,0.22,84,86.4,89.0,31,3,31.0,0,0.97,31,45,-14,-0.43,0.54,0,39,20,0,52,67,36,0,,,,,,,,,,,,,,,,Central Midfield,26.0,7000000.0
ENG-Premier League,2122.0,Burnley,johann berg gumundsson,ISL,MF,30.0,1990.0,18,13,1102,12.2,0,1,1,0,0,0,2,0,0.0,0.08,0.08,0.0,0.08,19,5,26.3,1.55,0.41,0.0,0.0,61,32.2,76.0,5,5,23.0,0,0.67,10,19,-9,-0.74,-0.35,0,15,14,3,45,11,6,0,,,,,,,,,,,,,,,,,,
ENG-Premier League,2122.0,Burnley,kevin long,IRL,DF,30.0,1990.0,6,4,410,4.6,0,0,0,0,0,0,1,0,0.0,0.0,0.0,0.0,0.0,4,0,0.0,0.88,0.0,0.0,,68,12.0,90.0,4,2,25.0,24,0.67,3,7,-4,-0.88,-0.43,0,4,3,1,0,1,2,0,,,,,,,,,,,,,,,,Centre-Back,31.0,1000000.0
ENG-Premier League,2122.0,Burnley,matthew lowton,ENG,DF,32.0,1989.0,25,20,1772,19.7,1,2,3,1,0,0,3,1,0.05,0.1,0.15,0.05,0.15,10,2,20.0,0.51,0.1,0.1,0.5,71,51.8,87.0,17,5,6.0,12,1.0,18,30,-12,-0.61,-0.23,0,13,6,0,54,24,24,0,,,,,,,,,,,,,,,,Right-Back,33.0,1200000.0
ENG-Premier League,2122.0,Burnley,matej vydra,CZE,FW,29.0,1992.0,22,5,679,7.5,2,3,5,2,0,0,1,0,0.27,0.4,0.66,0.27,0.66,19,7,36.8,2.52,0.93,0.11,0.29,31,19.9,71.0,1,17,19.0,0,1.14,7,7,0,0.0,0.62,0,9,8,5,2,0,6,0,,,,,,,,,,,,,,,,Centre-Forward,30.0,2000000.0
ENG-Premier League,2122.0,Burnley,maxwel cornet,CIV,"FW,MF",24.0,1996.0,26,21,1766,19.6,9,1,10,9,0,1,2,0,0.46,0.05,0.51,0.46,0.51,47,22,46.8,2.4,1.12,0.19,0.41,68,51.6,76.0,8,5,35.0,2,0.81,24,24,0,0.0,1.03,0,20,20,26,55,10,9,0,,,,,,,,,,,,,,,,Left Winger,25.0,15000000.0
ENG-Premier League,2122.0,Burnley,nathan collins,IRL,DF,20.0,2001.0,19,18,1670,18.6,2,0,2,2,0,0,2,1,0.11,0.0,0.11,0.11,0.11,14,4,28.6,0.75,0.22,0.14,0.5,88,48.8,90.0,17,1,51.0,17,1.05,17,25,-8,-0.43,0.13,0,20,12,4,3,24,15,0,,,,,,,,,,,,,,,,Centre-Back,21.0,10000000.0
ENG-Premier League,2122.0,Burnley,nick pope,ENG,GK,29.0,1992.0,36,36,3240,36.0,0,0,0,0,0,0,1,0,0.0,0.0,0.0,0.0,0.0,0,0,,0.0,0.0,,,90,94.7,90.0,36,0,,0,0.97,32,47,-15,-0.42,1.58,0,0,2,0,0,2,0,0,47.0,1.31,167.0,120.0,71.9,7.0,14.0,15.0,9.0,25.0,5.0,5.0,0.0,0.0,0.0,Goalkeeper,30.0,15000000.0
ENG-Premier League,2122.0,Burnley,wayne hennessey,WAL,GK,34.0,1987.0,2,2,180,2.0,0,0,0,0,0,0,0,0,0.0,0.0,0.0,0.0,0.0,0,0,,0.0,0.0,,,90,5.3,90.0,2,0,,36,0.0,2,6,-4,-2.0,-1.58,0,0,1,0,0,1,0,0,6.0,3.0,14.0,8.0,57.1,0.0,0.0,2.0,0.0,0.0,0.0,0.0,0.0,0.0,,Goalkeeper,35.0,500000.0
ENG-Premier League,2122.0,Burnley,wout weghorst,NED,FW,28.0,1992.0,20,17,1450,16.1,2,3,5,2,0,0,3,0,0.12,0.19,0.31,0.12,0.31,30,9,30.0,1.86,0.56,0.07,0.22,73,42.4,81.0,7,3,26.0,0,1.15,14,20,-6,-0.37,0.22,0,29,18,9,4,6,8,0,,,,,,,,,,,,,,,,Centre-Forward,29.0,14000000.0
ENG-Premier League,2122.0,Chelsea,andreas christensen,DEN,DF,25.0,1996.0,19,17,1496,16.6,0,0,0,0,0,0,2,0,0.0,0.0,0.0,0.0,0.0,5,0,0.0,0.3,0.0,0.0,,79,43.7,85.0,15,2,28.0,9,2.21,38,11,27,1.62,0.88,0,11,7,0,1,32,9,0,,,,,,,,,,,,,,,,Centre-Back,26.0,35000000.0
ENG-Premier League,2122.0,Chelsea,antonio rudiger,GER,DF,28.0,1993.0,34,34,3035,33.7,3,0,3,3,0,0,9,0,0.09,0.0,0.09,0.09,0.09,48,13,27.1,1.42,0.39,0.06,0.23,89,88.7,89.0,33,0,,1,1.91,68,27,41,1.22,0.75,0,35,13,0,15,26,27,0,,,,,,,,,,,,,,,,Centre-Back,29.0,40000000.0
ENG-Premier League,2122.0,Chelsea,ben chilwell,ENG,MF,24.0,1996.0,7,6,542,6.0,3,1,4,3,0,0,0,0,0.5,0.17,0.66,0.5,0.66,13,6,46.2,2.16,1.0,0.23,0.5,77,15.8,90.0,6,1,2.0,6,2.71,19,2,17,2.82,2.01,0,10,15,2,32,4,3,0,,,,,,,,,,,,,,,,Left-Back,25.0,38000000.0
ENG-Premier League,2122.0,Chelsea,callum hudson odoi,ENG,MF,20.0,2000.0,15,11,962,10.7,1,2,3,1,0,0,1,0,0.09,0.19,0.28,0.09,0.28,18,7,38.9,1.68,0.65,0.06,0.14,64,28.1,80.0,3,4,20.0,7,1.93,24,8,16,1.5,0.51,0,10,17,4,32,2,10,0,,,,,,,,,,,,,,,,Left Winger,21.0,25000000.0
ENG-Premier League,2122.0,Chelsea,christian pulisic,USA,"MF,FW",22.0,1998.0,22,13,1290,14.3,6,2,8,6,0,0,2,0,0.42,0.14,0.56,0.42,0.56,28,11,39.3,1.95,0.77,0.21,0.55,59,37.7,85.0,9,9,20.0,5,1.77,27,10,17,1.19,0.09,0,15,31,4,14,5,7,0,,,,,,,,,,,,,,,,Right Winger,23.0,42000000.0
ENG-Premier League,2122.0,Chelsea,cesar azpilicueta,ESP,"DF,MF",31.0,1989.0,27,24,2070,23.0,1,2,3,1,0,0,3,0,0.04,0.09,0.13,0.04,0.13,11,4,36.4,0.48,0.17,0.09,0.25,77,60.5,84.0,16,3,20.0,7,1.78,36,23,13,0.57,-1.43,0,25,5,2,47,22,30,0,,,,,,,,,,,,,,,,Centre-Back,32.0,9000000.0
ENG-Premier League,2122.0,Chelsea,emerson palmieri,ITA,"DF,MF",26.0,1994.0,1,0,5,0.1,0,0,0,0,0,0,0,0,0.0,0.0,0.0,0.0,0.0,0,0,,0.0,0.0,,,5,0.1,,0,1,5.0,0,3.0,0,0,0,0.0,-1.13,0,0,0,0,0,0,0,0,,,,,,,,,,,,,,,,,,
ENG-Premier League,2122.0,Chelsea,hakim ziyech,MAR,"MF,FW",28.0,1993.0,23,14,1319,14.7,4,3,7,4,0,0,3,0,0.27,0.2,0.48,0.27,0.48,52,19,36.5,3.55,1.3,0.08,0.21,57,38.6,82.0,8,9,19.0,13,1.91,22,12,10,0.68,-0.73,0,23,28,5,99,12,13,0,,,,,,,,,,,,,,,,Right Winger,29.0,28000000.0
ENG-Premier League,2122.0,Chelsea,jorginho,ITA,MF,29.0,1991.0,29,26,2273,25.3,6,2,8,0,6,7,5,0,0.24,0.08,0.32,0.0,0.08,16,9,56.3,0.63,0.36,0.0,0.0,78,66.5,84.0,18,3,28.0,7,2.07,53,17,36,1.43,0.88,0,30,38,0,3,35,36,0,,,,,,,,,,,,,,,,Defensive Midfield,30.0,40000000.0
ENG-Premier League,2122.0,Chelsea,kai havertz,GER,"FW,MF",22.0,1999.0,29,22,1809,20.1,8,3,11,8,0,0,3,0,0.4,0.15,0.55,0.4,0.55,56,23,41.1,2.79,1.14,0.14,0.35,62,52.9,77.0,11,7,16.0,6,2.0,44,18,26,1.29,0.34,0,40,25,12,8,5,9,0,,,,,,,,,,,,,,,,Centre-Forward,23.0,70000000.0
ENG-Premier League,2122.0,Chelsea,kenedy,BRA,MF,25.0,1996.0,1,1,58,0.6,0,1,1,0,0,0,0,0,0.0,1.55,1.55,0.0,1.55,1,0,0.0,1.55,0.0,0.0,,58,1.7,58.0,0,0,,7,3.0,1,0,1,1.55,0.43,0,0,0,0,1,0,2,0,,,,,,,,,,,,,,,,Left Winger,26.0,7000000.0
ENG-Premier League,2122.0,Chelsea,kepa arrizabalaga,ESP,GK,26.0,1994.0,4,4,360,4.0,0,0,0,0,0,0,0,0,0.0,0.0,0.0,0.0,0.0,0,0,,0.0,0.0,,,90,10.5,90.0,4,0,,34,1.75,6,2,4,1.0,-0.15,0,0,1,0,0,0,0,0,2.0,0.5,13.0,11.0,84.6,2.0,1.0,1.0,2.0,50.0,0.0,0.0,0.0,0.0,,Goalkeeper,27.0,10000000.0
ENG-Premier League,2122.0,Chelsea,malang sarr,FRA,DF,22.0,1999.0,8,6,546,6.1,0,0,0,0,0,0,2,0,0.0,0.0,0.0,0.0,0.0,1,0,0.0,0.16,0.0,0.0,,68,16.0,85.0,4,2,18.0,21,2.0,6,7,-1,-0.16,-1.54,0,8,1,0,4,11,7,0,,,,,,,,,,,,,,,,Centre-Back,23.0,8000000.0
ENG-Premier League,2122.0,Chelsea,marcos alonso,ESP,MF,30.0,1990.0,28,25,2167,24.1,4,4,8,4,0,0,8,0,0.17,0.17,0.33,0.17,0.33,43,11,25.6,1.79,0.46,0.09,0.36,77,63.4,83.0,16,3,28.0,6,1.64,42,22,20,0.83,-0.82,0,25,28,3,147,37,28,0,,,,,,,,,,,,,,,,Centre-Back,31.0,12000000.0
ENG-Premier League,2122.0,Chelsea,mason mount,ENG,MF,22.0,1999.0,32,27,2363,26.3,11,10,21,10,1,1,4,0,0.42,0.38,0.8,0.38,0.76,76,29,38.2,2.89,1.1,0.13,0.34,74,69.1,85.0,20,5,16.0,3,1.97,56,25,31,1.18,0.16,0,30,23,5,153,12,18,0,,,,,,,,,,,,,,,,Attacking Midfield,23.0,75000000.0
ENG-Premier League,2122.0,Chelsea,mateo kovacic,CRO,MF,27.0,1994.0,25,16,1558,17.3,2,5,7,2,0,0,4,0,0.12,0.29,0.4,0.12,0.4,22,6,27.3,1.27,0.35,0.09,0.33,62,45.6,82.0,11,9,28.0,0,2.04,39,10,29,1.68,1.0,0,24,19,0,6,6,30,0,,,,,,,,,,,,,,,,Central Midfield,28.0,42000000.0
ENG-Premier League,2122.0,Chelsea,n golo kante,FRA,MF,30.0,1991.0,26,21,1773,19.7,2,4,6,2,0,0,2,0,0.1,0.2,0.3,0.1,0.3,17,9,52.9,0.86,0.46,0.12,0.22,68,51.8,79.0,11,5,22.0,1,1.92,34,19,15,0.76,-0.77,0,22,11,0,12,30,33,0,,,,,,,,,,,,,,,,Defensive Midfield,31.0,40000000.0
ENG-Premier League,2122.0,Chelsea,reece james,ENG,MF,21.0,1999.0,26,22,1864,20.7,5,9,14,5,0,0,4,1,0.24,0.43,0.68,0.24,0.68,37,10,27.0,1.79,0.48,0.14,0.5,72,54.5,81.0,17,4,23.0,1,1.73,41,21,20,0.97,-0.36,0,20,31,4,107,15,24,1,,,,,,,,,,,,,,,,Right-Back,22.0,60000000.0
ENG-Premier League,2122.0,Chelsea,romelu lukaku,BEL,FW,28.0,1993.0,26,16,1589,17.7,8,0,8,7,1,1,1,0,0.45,0.0,0.45,0.4,0.4,43,15,34.9,2.44,0.85,0.16,0.47,61,46.5,86.0,11,10,22.0,3,1.88,33,14,19,1.08,-0.1,0,8,12,14,7,0,1,0,,,,,,,,,,,,,,,,Centre-Forward,29.0,70000000.0
ENG-Premier League,2122.0,Chelsea,ross barkley,ENG,MF,27.0,1993.0,6,1,179,2.0,1,0,1,1,0,0,0,0,0.5,0.0,0.5,0.5,0.5,9,4,44.4,4.53,2.01,0.11,0.25,30,5.2,72.0,0,5,21.0,21,2.33,10,2,8,4.02,3.05,0,2,4,0,7,1,0,0,,,,,,,,,,,,,,,,Central Midfield,28.0,12000000.0
ENG-Premier League,2122.0,Chelsea,ruben loftus cheek,ENG,MF,25.0,1996.0,24,13,1394,15.5,0,2,2,0,0,0,1,0,0.0,0.13,0.13,0.0,0.13,19,6,31.6,1.23,0.39,0.0,0.0,58,40.8,86.0,10,11,25.0,6,1.88,30,21,9,0.58,-0.93,0,18,41,2,7,10,10,0,,,,,,,,,,,,,,,,Central Midfield,26.0,20000000.0
ENG-Premier League,2122.0,Chelsea,saul niguez,ESP,MF,26.0,1994.0,10,5,480,5.3,0,0,0,0,0,0,1,0,0.0,0.0,0.0,0.0,0.0,5,1,20.0,0.94,0.19,0.0,0.0,48,14.0,72.0,3,5,24.0,23,2.4,14,6,8,1.5,0.43,0,9,0,0,10,7,9,0,,,,,,,,,,,,,,,,Central Midfield,27.0,25000000.0
ENG-Premier League,2122.0,Chelsea,thiago silva,BRA,DF,36.0,1984.0,32,28,2650,29.4,3,0,3,3,0,0,2,0,0.1,0.0,0.1,0.1,0.1,18,5,27.8,0.61,0.17,0.17,0.6,83,77.5,88.0,26,4,49.0,4,1.81,59,28,31,1.05,-0.35,0,12,12,1,2,43,21,0,,,,,,,,,,,,,,,,Centre-Back,37.0,2500000.0
ENG-Premier League,2122.0,Chelsea,timo werner,GER,"FW,MF",25.0,1996.0,21,15,1283,14.3,4,1,5,4,0,0,1,0,0.28,0.07,0.35,0.28,0.35,45,16,35.6,3.16,1.12,0.09,0.25,61,37.5,80.0,7,6,13.0,7,1.9,26,17,9,0.63,-0.8,0,11,12,11,23,1,4,0,,,,,,,,,,,,,,,,Centre-Forward,26.0,35000000.0
ENG-Premier League,2122.0,Chelsea,trevoh chalobah,ENG,DF,22.0,1999.0,20,17,1449,16.1,3,1,4,3,0,0,2,0,0.19,0.06,0.25,0.19,0.25,9,7,77.8,0.56,0.43,0.33,0.43,72,42.4,82.0,13,3,20.0,13,2.3,38,9,29,1.8,1.16,0,19,14,0,4,19,28,0,,,,,,,,,,,,,,,,Centre-Back,22.0,20000000.0
ENG-Premier League,2122.0,Chelsea,edouard mendy,SEN,GK,29.0,1992.0,34,34,3060,34.0,0,0,0,0,0,0,3,0,0.0,0.0,0.0,0.0,0.0,0,0,,0.0,0.0,,,90,89.5,90.0,34,0,,0,1.97,70,31,39,1.15,0.15,0,1,3,0,0,0,0,0,31.0,0.91,104.0,73.0,70.2,19.0,10.0,5.0,14.0,41.2,6.0,6.0,0.0,0.0,0.0,Goalkeeper,30.0,32000000.0
ENG-Premier League,2122.0,Crystal Palace,cheikhou kouyate,SEN,MF,31.0,1989.0,27,23,1974,21.9,0,1,1,0,0,0,3,0,0.0,0.05,0.05,0.0,0.05,7,0,0.0,0.32,0.0,0.0,,73,57.7,83.0,14,4,19.0,6,1.33,27,28,-1,-0.05,-0.36,0,29,21,0,4,39,37,0,,,,,,,,,,,,,,,,Defensive Midfield,32.0,4000000.0
ENG-Premier League,2122.0,Crystal Palace,christian benteke,BEL,FW,30.0,1990.0,25,11,1145,12.7,4,1,5,4,0,0,3,0,0.31,0.08,0.39,0.31,0.39,38,13,34.2,2.99,1.02,0.11,0.31,46,33.5,82.0,6,14,17.0,12,1.16,17,20,-3,-0.24,-0.51,0,16,16,10,0,2,2,0,,,,,,,,,,,,,,,,Centre-Forward,31.0,6000000.0
ENG-Premier League,2122.0,Crystal Palace,conor gallagher,ENG,MF,21.0,2000.0,34,33,2845,31.6,8,3,11,8,0,0,10,0,0.25,0.09,0.35,0.25,0.35,52,22,42.3,1.64,0.7,0.15,0.36,84,83.2,86.0,26,1,17.0,0,1.32,41,38,3,0.09,-0.06,0,65,66,2,127,26,35,0,,,,,,,,,,,,,,,,Central Midfield,22.0,25000000.0
ENG-Premier League,2122.0,Crystal Palace,eberechi eze,ENG,"MF,FW",23.0,1998.0,13,6,605,6.7,1,1,2,1,0,0,1,0,0.15,0.15,0.3,0.15,0.3,10,1,10.0,1.49,0.15,0.1,1.0,47,17.7,80.0,2,7,18.0,12,1.0,6,8,-2,-0.3,-0.49,0,5,12,0,27,5,6,0,,,,,,,,,,,,,,,,Attacking Midfield,24.0,22000000.0
ENG-Premier League,2122.0,Crystal Palace,jack butland,ENG,GK,28.0,1993.0,9,8,765,8.5,0,0,0,0,0,0,0,0,0.0,0.0,0.0,0.0,0.0,0,0,,0.0,0.0,,,85,22.4,90.0,8,1,45.0,29,1.11,12,13,-1,-0.12,-0.29,0,0,2,0,0,0,0,0,13.0,1.53,29.0,16.0,55.2,2.0,4.0,2.0,1.0,12.5,1.0,0.0,1.0,0.0,100.0,Goalkeeper,29.0,1800000.0
ENG-Premier League,2122.0,Crystal Palace,james mcarthur,SCO,MF,33.0,1987.0,21,15,1439,16.0,0,3,3,0,0,0,4,0,0.0,0.19,0.19,0.0,0.19,9,3,33.3,0.56,0.19,0.0,0.0,69,42.1,87.0,11,6,22.0,1,1.43,22,15,7,0.44,0.57,0,24,20,3,18,27,25,0,,,,,,,,,,,,,,,,Central Midfield,34.0,1200000.0
ENG-Premier League,2122.0,Crystal Palace,james tomkins,ENG,DF,32.0,1989.0,8,6,547,6.1,1,0,1,1,0,0,2,0,0.16,0.0,0.16,0.16,0.16,4,2,50.0,0.66,0.33,0.25,0.5,68,16.0,88.0,5,2,9.0,19,1.0,6,11,-5,-0.82,-1.1,0,7,2,0,0,4,3,0,,,,,,,,,,,,,,,,Centre-Back,33.0,1500000.0
ENG-Premier League,2122.0,Crystal Palace,jairo riedewald,NED,MF,24.0,1996.0,3,1,118,1.3,0,0,0,0,0,0,0,0,0.0,0.0,0.0,0.0,0.0,0,0,,0.0,0.0,,,39,3.5,76.0,0,2,21.0,15,0.0,2,5,-3,-2.29,-2.48,0,1,0,0,2,1,1,0,,,,,,,,,,,,,,,,Defensive Midfield,25.0,5000000.0
ENG-Premier League,2122.0,Crystal Palace,jean philippe mateta,FRA,FW,24.0,1997.0,22,13,1145,12.7,5,1,6,5,0,0,2,0,0.39,0.08,0.47,0.39,0.47,37,18,48.6,2.91,1.41,0.14,0.28,52,33.5,74.0,1,9,20.0,8,1.18,20,14,6,0.47,0.55,0,15,7,14,6,4,3,0,,,,,,,,,,,,,,,,Centre-Forward,25.0,10000000.0
ENG-Premier League,2122.0,Crystal Palace,jeffrey schlupp,GHA,"MF,FW",28.0,1992.0,32,20,1851,20.6,4,1,5,4,0,0,1,0,0.19,0.05,0.24,0.19,0.24,33,9,27.3,1.6,0.44,0.12,0.44,58,54.1,84.0,13,12,14.0,4,1.25,23,19,4,0.19,0.19,0,26,22,0,20,18,25,0,,,,,,,,,,,,,,,,Left Midfield,29.0,8000000.0
ENG-Premier League,2122.0,Crystal Palace,jesurun rak sakyi,GHA,MF,18.0,2002.0,2,1,80,0.9,0,0,0,0,0,0,0,0,0.0,0.0,0.0,0.0,0.0,0,0,,0.0,0.0,,,40,2.3,66.0,0,1,14.0,5,1.5,1,0,1,1.13,1.04,0,1,3,0,2,1,0,0,,,,,,,,,,,,,,,,Right Winger,19.0,500000.0
ENG-Premier League,2122.0,Crystal Palace,joachim andersen,DEN,DF,25.0,1996.0,34,32,2916,32.4,0,3,3,0,0,0,4,0,0.0,0.09,0.09,0.0,0.09,8,3,37.5,0.25,0.09,0.0,0.0,86,85.3,90.0,31,2,22.0,0,1.32,44,37,7,0.22,0.75,0,19,8,1,9,41,22,1,,,,,,,,,,,,,,,,Centre-Back,26.0,25000000.0
ENG-Premier League,2122.0,Crystal Palace,joel ward,ENG,DF,31.0,1989.0,28,27,2487,27.6,0,0,0,0,0,0,8,0,0.0,0.0,0.0,0.0,0.0,10,1,10.0,0.36,0.04,0.0,0.0,89,72.7,90.0,27,1,57.0,5,1.29,37,37,0,0.0,-0.39,0,22,21,1,43,30,27,0,,,,,,,,,,,,,,,,Right-Back,32.0,2000000.0
ENG-Premier League,2122.0,Crystal Palace,jordan ayew,GHA,"FW,MF",29.0,1991.0,31,23,2019,22.4,3,3,6,3,0,0,2,0,0.13,0.13,0.27,0.13,0.27,35,8,22.9,1.56,0.36,0.09,0.38,65,59.0,81.0,10,8,20.0,6,1.13,31,31,0,0.0,-0.26,0,38,66,1,73,16,30,0,,,,,,,,,,,,,,,,Centre-Forward,30.0,6000000.0
ENG-Premier League,2122.0,Crystal Palace,luka milivojevic,SRB,MF,30.0,1991.0,15,9,774,8.6,0,0,0,0,0,0,1,0,0.0,0.0,0.0,0.0,0.0,8,0,0.0,0.93,0.0,0.0,,52,22.6,71.0,1,6,23.0,14,1.33,13,16,-3,-0.35,-0.59,0,16,10,0,43,10,9,1,,,,,,,,,,,,,,,,Defensive Midfield,31.0,4000000.0
ENG-Premier League,2122.0,Crystal Palace,marc guehi,ENG,DF,21.0,2000.0,36,36,3222,35.8,2,1,3,2,0,0,4,0,0.06,0.03,0.08,0.06,0.08,19,5,26.3,0.53,0.14,0.11,0.4,90,94.2,90.0,35,0,,1,1.25,49,43,6,0.17,1.08,0,14,35,0,3,30,20,0,,,,,,,,,,,,,,,,Centre-Back,21.0,32000000.0
ENG-Premier League,2122.0,Crystal Palace,michael olise,FRA,"FW,MF",19.0,2001.0,26,12,1141,12.7,2,5,7,2,0,0,4,0,0.16,0.39,0.55,0.16,0.55,19,10,52.6,1.5,0.79,0.11,0.2,44,33.4,76.0,4,14,16.0,2,1.23,18,14,4,0.32,0.32,0,16,27,1,97,7,19,0,,,,,,,,,,,,,,,,Right Winger,20.0,22000000.0
ENG-Premier League,2122.0,Crystal Palace,nathan ferguson,ENG,DF,20.0,2000.0,1,0,9,0.1,0,0,0,0,0,0,0,0,0.0,0.0,0.0,0.0,0.0,0,0,,0.0,0.0,,,9,0.3,,0,1,9.0,3,0.0,0,0,0,0.0,-0.11,0,0,0,0,0,0,0,0,,,,,,,,,,,,,,,,Centre-Back,21.0,2500000.0
ENG-Premier League,2122.0,Crystal Palace,nathaniel clyne,ENG,DF,30.0,1991.0,16,15,1351,15.0,0,1,1,0,0,0,1,0,0.0,0.07,0.07,0.0,0.07,3,2,66.7,0.2,0.13,0.0,0.0,84,39.5,90.0,15,1,1.0,17,1.56,19,12,7,0.47,0.6,0,3,5,0,17,16,10,0,,,,,,,,,,,,,,,,Right-Back,31.0,2000000.0
ENG-Premier League,2122.0,Crystal Palace,odsonne edouard,FRA,"FW,MF",23.0,1998.0,28,18,1564,17.4,6,3,9,5,1,1,4,0,0.35,0.17,0.52,0.29,0.46,40,18,45.0,2.3,1.04,0.13,0.28,56,45.7,78.0,6,10,15.0,7,1.36,24,19,5,0.29,0.34,0,25,6,4,7,1,12,0,,,,,,,,,,,,,,,,Centre-Forward,24.0,17000000.0
ENG-Premier League,2122.0,Crystal Palace,tyrick mitchell,ENG,DF,21.0,1999.0,36,35,3101,34.5,0,2,2,0,0,0,1,0,0.0,0.06,0.06,0.0,0.06,4,0,0.0,0.12,0.0,0.0,,86,90.7,88.0,32,1,18.0,1,1.22,45,43,2,0.06,-0.51,0,16,14,2,62,40,54,0,,,,,,,,,,,,,,,,Left-Back,22.0,25000000.0
ENG-Premier League,2122.0,Crystal Palace,vicente guaita,ESP,GK,34.0,1987.0,30,30,2655,29.5,0,0,0,0,0,0,2,0,0.0,0.0,0.0,0.0,0.0,0,0,,0.0,0.0,,,89,77.6,89.0,29,0,,5,1.27,38,33,5,0.17,0.29,0,1,2,0,0,2,0,0,33.0,1.12,116.0,83.0,71.6,9.0,11.0,10.0,11.0,36.7,3.0,3.0,0.0,0.0,0.0,Goalkeeper,35.0,1500000.0
ENG-Premier League,2122.0,Crystal Palace,wilfried zaha,CIV,"FW,MF",28.0,1992.0,33,31,2760,30.7,14,1,15,9,5,7,6,1,0.46,0.03,0.49,0.29,0.33,69,32,46.4,2.25,1.04,0.13,0.28,84,80.7,87.0,28,2,26.0,0,1.3,38,33,5,0.16,0.3,1,38,100,25,47,5,21,0,,,,,,,,,,,,,,,,Left Winger,29.0,38000000.0
ENG-Premier League,2122.0,Crystal Palace,will hughes,ENG,MF,26.0,1995.0,16,13,1053,11.7,0,1,1,0,0,0,6,0,0.0,0.09,0.09,0.0,0.09,6,0,0.0,0.51,0.0,0.0,,66,30.8,79.0,5,3,9.0,15,1.56,17,16,1,0.09,-0.03,0,18,17,0,35,9,14,0,,,,,,,,,,,,,,,,Central Midfield,27.0,6000000.0
ENG-Premier League,2122.0,Everton,abdoulaye doucoure,MLI,MF,28.0,1993.0,30,29,2537,28.2,2,4,6,2,0,0,6,0,0.07,0.14,0.21,0.07,0.21,34,11,32.4,1.21,0.39,0.06,0.18,85,74.2,87.0,27,1,7.0,1,1.13,33,47,-14,-0.5,0.42,0,39,16,1,11,27,43,0,,,,,,,,,,,,,,,,Attacking Midfield,29.0,22000000.0
ENG-Premier League,2122.0,Everton,alex iwobi,NGA,"MF,DF",25.0,1996.0,28,22,2035,22.6,2,2,4,2,0,0,1,0,0.09,0.09,0.18,0.09,0.18,24,6,25.0,1.06,0.27,0.08,0.33,73,59.5,86.0,15,6,23.0,7,1.32,27,38,-11,-0.49,0.29,0,16,7,3,32,20,21,0,,,,,,,,,,,,,,,,Left Winger,26.0,18000000.0
ENG-Premier League,2122.0,Everton,allan,BRA,MF,30.0,1991.0,28,25,2183,24.3,0,2,2,0,0,0,7,1,0.0,0.08,0.08,0.0,0.08,7,3,42.9,0.29,0.12,0.0,0.0,78,63.8,85.0,17,3,23.0,5,1.14,26,38,-12,-0.49,0.31,0,30,22,0,11,23,46,0,,,,,,,,,,,,,,,,Defensive Midfield,31.0,15000000.0
ENG-Premier League,2122.0,Everton,andros townsend,ENG,MF,30.0,1991.0,21,17,1455,16.2,3,2,5,2,1,1,3,0,0.19,0.12,0.31,0.12,0.25,21,10,47.6,1.3,0.62,0.1,0.2,69,42.5,82.0,11,4,15.0,4,1.0,14,30,-16,-0.99,-0.67,0,10,39,1,95,14,15,0,,,,,,,,,,,,,,,,Right Winger,30.0,5000000.0
ENG-Premier League,2122.0,Everton,andre gomes,POR,MF,28.0,1993.0,14,7,619,6.9,0,1,1,0,0,0,3,0,0.0,0.15,0.15,0.0,0.15,14,4,28.6,2.04,0.58,0.0,0.0,44,18.1,68.0,2,7,21.0,7,1.14,10,19,-9,-1.31,-0.86,0,24,8,0,6,1,4,0,,,,,,,,,,,,,,,,Central Midfield,28.0,18000000.0
ENG-Premier League,2122.0,Everton,anthony gordon,ENG,"MF,FW",20.0,2001.0,35,25,2285,25.4,4,2,6,4,0,0,4,0,0.16,0.08,0.24,0.16,0.24,44,18,40.9,1.73,0.71,0.09,0.22,65,66.8,83.0,14,10,20.0,2,0.91,23,40,-17,-0.67,-0.19,0,25,64,8,121,20,30,0,,,,,,,,,,,,,,,,Left Winger,21.0,20000000.0
ENG-Premier League,2122.0,Everton,anwar el ghazi,NED,"FW,MF",26.0,1995.0,2,0,13,0.1,0,0,0,0,0,0,0,0,0.0,0.0,0.0,0.0,0.0,0,0,,0.0,0.0,,,7,0.4,,0,2,7.0,8,1.5,0,0,0,0.0,0.61,0,0,0,0,0,0,1,0,,,,,,,,,,,,,,,,Right Winger,27.0,9000000.0
ENG-Premier League,2122.0,Everton,asmir begovic,BIH,GK,34.0,1987.0,3,3,270,3.0,0,0,0,0,0,0,0,0,0.0,0.0,0.0,0.0,0.0,0,0,,0.0,0.0,,,90,7.9,90.0,3,0,,35,1.0,2,8,-6,-2.0,-1.51,0,0,0,0,0,0,0,0,8.0,2.67,19.0,11.0,57.9,1.0,0.0,2.0,1.0,33.3,1.0,1.0,0.0,0.0,0.0,Goalkeeper,35.0,1000000.0
ENG-Premier League,2122.0,Everton,ben godfrey,ENG,DF,23.0,1998.0,23,23,2029,22.5,0,0,0,0,0,0,6,0,0.0,0.0,0.0,0.0,0.0,18,7,38.9,0.8,0.31,0.0,0.0,88,59.3,88.0,21,0,,1,0.83,21,39,-18,-0.8,-0.47,0,17,12,0,12,14,32,0,,,,,,,,,,,,,,,,Centre-Back,24.0,20000000.0
ENG-Premier League,2122.0,Everton,cenk tosun,TUR,"FW,MF",30.0,1991.0,1,0,7,0.1,0,0,0,0,0,0,0,0,0.0,0.0,0.0,0.0,0.0,0,0,,0.0,0.0,,,7,0.2,,0,1,7.0,7,0.0,0,0,0,0.0,0.61,0,0,0,0,0,0,0,0,,,,,,,,,,,,,,,,Centre-Forward,31.0,2000000.0
ENG-Premier League,2122.0,Everton,dele alli,ENG,MF,25.0,1996.0,11,1,338,3.8,0,0,0,0,0,0,3,0,0.0,0.0,0.0,0.0,0.0,3,0,0.0,0.8,0.0,0.0,,31,9.9,66.0,0,10,27.0,7,0.91,7,10,-3,-0.8,-0.21,0,9,7,2,1,6,2,0,,,,,,,,,,,,,,,,Attacking Midfield,26.0,16000000.0
ENG-Premier League,2122.0,Everton,demarai gray,JAM,"MF,FW",25.0,1996.0,34,28,2338,26.0,5,4,9,5,0,0,3,0,0.19,0.15,0.35,0.19,0.35,65,17,26.2,2.5,0.65,0.08,0.29,69,68.4,79.0,9,6,20.0,0,1.03,30,39,-9,-0.35,0.82,0,12,32,3,130,15,20,0,,,,,,,,,,,,,,,,Left Winger,26.0,22000000.0
ENG-Premier League,2122.0,Everton,dominic calvert lewin,ENG,FW,24.0,1997.0,17,15,1283,14.3,5,2,7,3,2,3,2,0,0.35,0.14,0.49,0.21,0.35,33,13,39.4,2.31,0.91,0.09,0.23,75,37.5,84.0,9,2,15.0,3,1.18,23,31,-8,-0.56,0.07,0,17,16,4,2,3,8,0,,,,,,,,,,,,,,,,Centre-Forward,25.0,40000000.0
ENG-Premier League,2122.0,Everton,donny van de beek,NED,MF,24.0,1997.0,7,5,483,5.4,1,0,1,1,0,0,1,0,0.19,0.0,0.19,0.19,0.19,5,1,20.0,0.93,0.19,0.2,1.0,69,14.1,80.0,3,2,43.0,2,0.43,4,12,-8,-1.49,-1.03,0,7,1,0,6,6,7,0,,,,,,,,,,,,,,,,Central Midfield,25.0,25000000.0
ENG-Premier League,2122.0,Everton,ellis simms,ENG,FW,20.0,2001.0,1,1,61,0.7,0,0,0,0,0,0,0,0,0.0,0.0,0.0,0.0,0.0,0,0,,0.0,0.0,,,61,1.8,61.0,0,0,,6,1.0,0,0,0,0.0,0.62,0,0,0,0,0,0,0,0,,,,,,,,,,,,,,,,Centre-Forward,21.0,300000.0
ENG-Premier League,2122.0,Everton,fabian delph,ENG,MF,31.0,1989.0,11,8,662,7.4,0,0,0,0,0,0,2,0,0.0,0.0,0.0,0.0,0.0,2,0,0.0,0.27,0.0,0.0,,60,19.4,74.0,2,3,24.0,5,1.18,6,6,0,0.0,0.75,0,8,6,0,1,16,16,0,,,,,,,,,,,,,,,,Central Midfield,32.0,1800000.0
ENG-Premier League,2122.0,Everton,isaac price,NIR,MF,17.0,2003.0,1,0,14,0.2,0,0,0,0,0,0,0,0,0.0,0.0,0.0,0.0,0.0,1,0,0.0,6.43,0.0,0.0,,14,0.4,,0,1,14.0,4,0.0,0,1,-1,-6.43,-5.85,0,0,0,0,0,0,0,0,,,,,,,,,,,,,,,,Central Midfield,18.0,
ENG-Premier League,2122.0,Everton,jarrad branthwaite,ENG,DF,19.0,2002.0,6,4,388,4.3,1,0,1,1,0,0,0,1,0.23,0.0,0.23,0.23,0.23,3,2,66.7,0.7,0.46,0.33,0.5,65,11.3,72.0,3,2,51.0,20,0.17,6,13,-7,-1.62,-1.15,0,3,4,0,0,1,2,0,,,,,,,,,,,,,,,,Centre-Back,20.0,3000000.0
ENG-Premier League,2122.0,Everton,jean philippe gbamin,CIV,MF,25.0,1995.0,3,1,67,0.7,0,0,0,0,0,0,0,0,0.0,0.0,0.0,0.0,0.0,0,0,,0.0,0.0,,,22,2.0,45.0,0,2,11.0,13,0.67,1,2,-1,-1.34,-0.75,0,0,1,0,0,1,1,0,,,,,,,,,,,,,,,,Centre-Back,26.0,9000000.0
ENG-Premier League,2122.0,Everton,jonjoe kenny,ENG,DF,24.0,1997.0,15,11,1018,11.3,0,1,1,0,0,0,3,1,0.0,0.09,0.09,0.0,0.09,5,0,0.0,0.44,0.0,0.0,,68,29.8,87.0,9,4,14.0,22,0.67,10,24,-14,-1.24,-0.9,1,9,6,1,23,20,8,0,,,,,,,,,,,,,,,,Right-Back,25.0,4000000.0
ENG-Premier League,2122.0,Everton,jordan pickford,ENG,GK,27.0,1994.0,35,35,3150,35.0,0,0,0,0,0,0,2,0,0.0,0.0,0.0,0.0,0.0,0,0,,0.0,0.0,,,90,92.1,90.0,35,0,,0,1.03,41,58,-17,-0.49,1.51,0,0,6,0,0,0,1,0,58.0,1.66,175.0,117.0,66.9,10.0,6.0,19.0,7.0,20.0,1.0,1.0,0.0,0.0,0.0,Goalkeeper,28.0,20000000.0
ENG-Premier League,2122.0,Everton,lewis dobbin,ENG,"FW,MF",18.0,2003.0,3,0,32,0.4,0,0,0,0,0,0,1,0,0.0,0.0,0.0,0.0,0.0,0,0,,0.0,0.0,,,11,0.9,,0,3,11.0,8,1.67,1,1,0,0.0,0.61,0,1,1,0,0,0,1,0,,,,,,,,,,,,,,,,Left Winger,19.0,300000.0
ENG-Premier League,2122.0,Everton,lucas digne,FRA,DF,28.0,1993.0,13,13,1170,13.0,0,0,0,0,0,0,4,0,0.0,0.0,0.0,0.0,0.0,9,1,11.1,0.69,0.08,0.0,0.0,90,34.2,90.0,13,0,,1,1.15,16,22,-6,-0.46,0.22,0,14,9,0,71,14,19,1,,,,,,,,,,,,,,,,Left-Back,28.0,25000000.0
ENG-Premier League,2122.0,Everton,mason holgate,JAM,DF,24.0,1996.0,25,23,2134,23.7,2,1,3,2,0,0,7,1,0.08,0.04,0.13,0.08,0.13,7,3,42.9,0.3,0.13,0.29,0.67,85,62.4,90.0,22,2,34.0,10,1.08,29,42,-13,-0.55,0.15,0,26,15,0,4,27,19,1,,,,,,,,,,,,,,,,Centre-Back,25.0,18000000.0
ENG-Premier League,2122.0,Everton,michael keane,ENG,DF,28.0,1993.0,32,31,2792,31.0,3,2,5,3,0,0,4,1,0.1,0.06,0.16,0.1,0.16,20,6,30.0,0.64,0.19,0.15,0.5,87,81.6,88.0,29,1,73.0,4,1.09,36,55,-19,-0.61,-0.04,1,16,7,1,2,61,24,2,,,,,,,,,,,,,,,,Centre-Back,29.0,20000000.0
ENG-Premier League,2122.0,Everton,moise kean,ITA,FW,21.0,2000.0,1,0,1,0.0,0,0,0,0,0,0,0,0,0.0,0.0,0.0,0.0,0.0,0,0,,0.0,0.0,,,1,0.0,,0,1,1.0,0,1.0,0,0,0,0.0,0.61,0,0,0,0,0,0,0,0,,,,,,,,,,,,,,,,Centre-Forward,22.0,24000000.0
ENG-Premier League,2122.0,Everton,richarlison,BRA,"FW,MF",24.0,1997.0,30,28,2523,28.0,10,5,15,7,3,3,9,0,0.36,0.18,0.54,0.25,0.43,73,23,31.5,2.6,0.82,0.1,0.3,84,73.8,88.0,21,2,34.0,0,1.13,33,46,-13,-0.46,0.54,0,36,68,20,39,12,23,0,,,,,,,,,,,,,,,,Centre-Forward,25.0,48000000.0
ENG-Premier League,2122.0,Everton,salomon rondon,VEN,FW,31.0,1989.0,20,8,790,8.8,1,1,2,1,0,0,3,1,0.11,0.11,0.23,0.11,0.23,21,6,28.6,2.39,0.68,0.05,0.17,40,23.1,78.0,5,12,14.0,10,0.85,8,16,-8,-0.91,-0.4,0,12,4,5,6,0,1,0,,,,,,,,,,,,,,,,Centre-Forward,32.0,2500000.0
ENG-Premier League,2122.0,Everton,seamus coleman,IRL,"DF,MF",32.0,1988.0,30,30,2656,29.5,1,0,1,1,0,0,4,0,0.03,0.0,0.03,0.03,0.03,8,1,12.5,0.27,0.03,0.13,1.0,89,77.7,89.0,28,0,,4,1.13,34,50,-16,-0.54,0.28,0,15,17,2,41,32,36,1,,,,,,,,,,,,,,,,Right-Back,33.0,3000000.0
ENG-Premier League,2122.0,Everton,tom davies,ENG,MF,23.0,1998.0,6,2,234,2.6,1,0,1,1,0,0,1,0,0.38,0.0,0.38,0.38,0.38,6,2,33.3,2.31,0.77,0.17,0.5,39,6.8,83.0,1,4,17.0,9,0.83,3,9,-6,-2.31,-1.83,0,4,3,0,0,2,1,0,,,,,,,,,,,,,,,,Central Midfield,24.0,18000000.0
ENG-Premier League,2122.0,Everton,tyler onyango,ENG,MF,18.0,2003.0,3,0,28,0.3,0,0,0,0,0,0,0,0,0.0,0.0,0.0,0.0,0.0,1,0,0.0,3.21,0.0,0.0,,9,0.8,,0,3,9.0,2,0.33,0,0,0,0.0,0.61,0,0,0,0,0,0,0,0,,,,,,,,,,,,,,,,Central Midfield,19.0,200000.0
ENG-Premier League,2122.0,Everton,vitaliy mykolenko,UKR,"DF,MF",22.0,1999.0,13,12,1055,11.7,1,0,1,1,0,0,0,0,0.09,0.0,0.09,0.09,0.09,8,2,25.0,0.68,0.17,0.13,0.5,81,30.8,85.0,10,1,32.0,4,1.08,14,17,-3,-0.26,0.51,0,13,9,0,41,16,14,0,,,,,,,,,,,,,,,,Left-Back,23.0,18000000.0
ENG-Premier League,2122.0,Everton,yerry mina,COL,DF,26.0,1994.0,13,11,846,9.4,0,0,0,0,0,0,3,0,0.0,0.0,0.0,0.0,0.0,6,2,33.3,0.64,0.21,0.0,0.0,65,24.7,73.0,8,2,23.0,1,1.62,12,10,2,0.21,1.09,0,5,9,1,3,9,9,0,,,,,,,,,,,,,,,,Centre-Back,27.0,20000000.0
ENG-Premier League,2122.0,Leeds United,adam forshaw,ENG,MF,29.0,1991.0,22,17,1530,17.0,0,1,1,0,0,0,5,0,0.0,0.06,0.06,0.0,0.06,14,4,28.6,0.82,0.24,0.0,0.0,70,44.7,83.0,13,5,23.0,4,1.05,20,41,-21,-1.24,-0.47,0,26,15,2,5,18,21,0,,,,,,,,,,,,,,,,Central Midfield,30.0,2000000.0
ENG-Premier League,2122.0,Leeds United,charlie cresswell,ENG,DF,18.0,2002.0,5,1,141,1.6,0,0,0,0,0,0,1,0,0.0,0.0,0.0,0.0,0.0,1,0,0.0,0.64,0.0,0.0,,28,4.1,90.0,1,4,13.0,26,1.4,4,4,0,0.0,1.02,0,3,0,1,1,2,2,0,,,,,,,,,,,,,,,,Centre-Back,19.0,3000000.0
ENG-Premier League,2122.0,Leeds United,cody drameh,ENG,DF,19.0,2001.0,3,1,128,1.4,0,0,0,0,0,0,1,0,0.0,0.0,0.0,0.0,0.0,0,0,,0.0,0.0,,,43,3.7,90.0,1,2,19.0,7,1.0,1,6,-5,-3.52,-2.64,0,2,0,0,2,1,3,0,,,,,,,,,,,,,,,,Right-Back,20.0,3000000.0
ENG-Premier League,2122.0,Leeds United,crysencio summerville,NED,"FW,MF",19.0,2001.0,6,0,130,1.4,0,0,0,0,0,0,0,0,0.0,0.0,0.0,0.0,0.0,2,0,0.0,1.38,0.0,0.0,,22,3.8,,0,6,22.0,19,0.83,3,1,2,1.38,2.45,0,1,1,0,3,2,3,0,,,,,,,,,,,,,,,,Left Winger,20.0,2000000.0
ENG-Premier League,2122.0,Leeds United,daniel james,WAL,"FW,MF",23.0,1997.0,32,29,2366,26.3,4,4,8,4,0,0,7,1,0.15,0.15,0.3,0.15,0.3,50,17,34.0,1.9,0.65,0.08,0.24,74,69.2,78.0,18,3,33.0,0,1.0,31,48,-17,-0.65,1.06,0,30,38,13,59,8,14,0,,,,,,,,,,,,,,,,Right Winger,24.0,18000000.0
ENG-Premier League,2122.0,Leeds United,diego llorente,ESP,DF,27.0,1993.0,28,28,2340,26.0,3,0,3,3,0,0,7,0,0.12,0.0,0.12,0.12,0.12,10,3,30.0,0.38,0.12,0.3,1.0,84,68.4,84.0,24,0,,2,1.18,27,44,-17,-0.65,1.01,0,23,21,0,1,39,32,0,,,,,,,,,,,,,,,,Centre-Back,28.0,18000000.0
ENG-Premier League,2122.0,Leeds United,helder costa,ANG,"FW,MF",27.0,1994.0,1,0,22,0.2,0,0,0,0,0,0,0,0,0.0,0.0,0.0,0.0,0.0,1,0,0.0,4.09,0.0,0.0,,22,0.6,,0,1,22.0,2,0.0,0,0,0,0.0,0.98,0,1,2,0,0,0,0,0,,,,,,,,,,,,,,,,Right Winger,28.0,5000000.0
ENG-Premier League,2122.0,Leeds United,illan meslier,FRA,GK,21.0,2000.0,38,38,3384,37.6,0,0,0,0,0,0,2,0,0.0,0.0,0.0,0.0,0.0,0,0,,0.0,0.0,,,89,98.9,89.0,37,0,,0,1.0,39,79,-40,-1.06,-8.56,0,0,5,0,0,0,1,0,79.0,2.1,222.0,143.0,64.4,9.0,11.0,18.0,5.0,13.2,5.0,5.0,0.0,0.0,0.0,Goalkeeper,22.0,20000000.0
ENG-Premier League,2122.0,Leeds United,jack harrison,ENG,MF,24.0,1996.0,35,32,2639,29.3,8,1,9,8,0,0,3,0,0.27,0.03,0.31,0.27,0.31,43,17,39.5,1.47,0.58,0.19,0.47,75,77.2,77.0,20,3,55.0,2,0.89,31,68,-37,-1.26,-1.26,0,29,23,4,142,21,38,0,,,,,,,,,,,,,,,,Left Winger,25.0,18000000.0
ENG-Premier League,2122.0,Leeds United,jamie shackleton,ENG,"DF,MF",21.0,1999.0,14,7,709,7.9,0,0,0,0,0,0,4,0,0.0,0.0,0.0,0.0,0.0,4,1,25.0,0.51,0.13,0.0,0.0,51,20.7,75.0,3,7,26.0,14,0.86,9,14,-5,-0.63,0.43,0,13,6,0,4,7,17,0,,,,,,,,,,,,,,,,Right-Back,22.0,2500000.0
ENG-Premier League,2122.0,Leeds United,joe gelhardt,ENG,FW,19.0,2002.0,20,5,746,8.3,2,2,4,2,0,0,4,0,0.24,0.24,0.48,0.24,0.48,23,10,43.5,2.77,1.21,0.09,0.2,37,21.8,73.0,2,15,25.0,11,0.65,11,25,-14,-1.69,-0.91,0,17,24,5,3,0,3,0,,,,,,,,,,,,,,,,Centre-Forward,20.0,6000000.0
ENG-Premier League,2122.0,Leeds United,junior firpo,DOM,"DF,MF",24.0,1996.0,24,19,1711,19.0,0,2,2,0,0,0,11,0,0.0,0.11,0.11,0.0,0.11,11,1,9.1,0.58,0.05,0.0,0.0,71,50.0,78.0,11,5,47.0,1,0.83,18,49,-31,-1.63,-1.31,0,40,15,1,26,22,27,1,,,,,,,,,,,,,,,,Left-Back,25.0,12000000.0
ENG-Premier League,2122.0,Leeds United,kalvin phillips,ENG,MF,25.0,1995.0,20,18,1596,17.7,0,1,1,0,0,0,4,0,0.0,0.06,0.06,0.0,0.06,15,3,20.0,0.85,0.17,0.0,0.0,80,46.7,86.0,16,2,29.0,3,1.2,18,25,-7,-0.39,1.09,0,33,20,0,17,23,24,0,,,,,,,,,,,,,,,,Defensive Midfield,26.0,50000000.0
ENG-Premier League,2122.0,Leeds United,kristoffer klaesson,NOR,GK,20.0,2000.0,1,0,36,0.4,0,0,0,0,0,0,0,0,0.0,0.0,0.0,0.0,0.0,0,0,,0.0,0.0,,,36,1.1,,0,1,36.0,37,3.0,3,0,3,7.5,8.56,0,0,0,0,0,0,0,0,0.0,0.0,4.0,4.0,100.0,0.0,0.0,0.0,0.0,,0.0,0.0,0.0,0.0,,Goalkeeper,21.0,2000000.0
ENG-Premier League,2122.0,Leeds United,leo fuhr hjelde,NOR,DF,17.0,2003.0,2,0,150,1.7,0,0,0,0,0,0,0,0,0.0,0.0,0.0,0.0,0.0,0,0,,0.0,0.0,,,75,4.4,,0,2,75.0,14,1.5,2,5,-3,-1.8,-0.86,0,1,0,0,3,4,4,0,,,,,,,,,,,,,,,,,,
ENG-Premier League,2122.0,Leeds United,lewis bate,ENG,MF,18.0,2002.0,3,1,146,1.6,0,0,0,0,0,0,0,0,0.0,0.0,0.0,0.0,0.0,1,0,0.0,0.62,0.0,0.0,,49,4.3,58.0,0,2,44.0,13,1.0,3,4,-1,-0.62,0.37,0,3,1,0,0,1,0,0,,,,,,,,,,,,,,,,Central Midfield,19.0,1000000.0
ENG-Premier League,2122.0,Leeds United,liam cooper,SCO,DF,29.0,1991.0,21,21,1814,20.2,0,1,1,0,0,0,5,0,0.0,0.05,0.05,0.0,0.05,6,1,16.7,0.3,0.05,0.0,0.0,86,53.0,86.0,20,0,,1,1.19,20,26,-6,-0.3,1.44,0,19,9,2,1,41,25,0,,,,,,,,,,,,,,,,Centre-Back,30.0,7000000.0
ENG-Premier League,2122.0,Leeds United,liam mccarron,SCO,DF,20.0,2001.0,1,0,10,0.1,0,0,0,0,0,0,0,0,0.0,0.0,0.0,0.0,0.0,0,0,,0.0,0.0,,,10,0.3,,0,1,10.0,10,0.0,0,1,-1,-9.0,-8.05,0,0,0,0,0,0,0,0,,,,,,,,,,,,,,,,Left-Back,21.0,500000.0
ENG-Premier League,2122.0,Leeds United,luke ayling,ENG,DF,29.0,1991.0,26,26,2272,25.2,2,2,4,2,0,0,4,1,0.08,0.08,0.16,0.08,0.16,19,4,21.1,0.75,0.16,0.11,0.5,87,66.4,87.0,23,0,,0,0.85,30,66,-36,-1.43,-1.35,0,22,19,2,30,26,45,0,,,,,,,,,,,,,,,,Right-Back,30.0,4000000.0
ENG-Premier League,2122.0,Leeds United,mateusz klich,POL,MF,31.0,1990.0,33,26,2073,23.0,1,2,3,1,0,0,5,0,0.04,0.09,0.13,0.04,0.13,42,18,42.9,1.82,0.78,0.02,0.06,63,60.6,71.0,7,7,33.0,4,0.97,24,51,-27,-1.17,-0.5,0,40,15,2,30,11,26,0,,,,,,,,,,,,,,,,Defensive Midfield,32.0,3000000.0
ENG-Premier League,2122.0,Leeds United,pascal struijk,NED,DF,21.0,1999.0,29,22,2055,22.8,1,0,1,1,0,0,6,1,0.04,0.0,0.04,0.04,0.04,11,4,36.4,0.48,0.18,0.09,0.25,71,60.1,86.0,20,7,24.0,2,1.0,25,52,-27,-1.18,-0.52,0,25,7,1,0,37,38,0,,,,,,,,,,,,,,,,Centre-Back,22.0,15000000.0
ENG-Premier League,2122.0,Leeds United,patrick bamford,ENG,FW,27.0,1993.0,9,7,559,6.2,2,2,4,2,0,0,2,0,0.32,0.32,0.64,0.32,0.64,20,5,25.0,3.22,0.81,0.1,0.4,62,16.3,72.0,4,2,28.0,1,1.11,7,14,-7,-1.13,-0.18,0,5,5,5,3,1,0,0,,,,,,,,,,,,,,,,Centre-Forward,28.0,16000000.0
ENG-Premier League,2122.0,Leeds United,raphinha,BRA,"MF,FW",24.0,1996.0,35,34,2915,32.4,11,3,14,7,4,4,7,0,0.34,0.09,0.43,0.22,0.31,87,25,28.7,2.69,0.77,0.08,0.28,83,85.2,84.0,26,1,45.0,0,1.0,34,68,-34,-1.05,-0.52,0,39,47,14,160,28,28,0,,,,,,,,,,,,,,,,Left Winger,25.0,45000000.0
ENG-Premier League,2122.0,Leeds United,robin koch,GER,"MF,DF",25.0,1996.0,20,17,1574,17.5,0,0,0,0,0,0,3,0,0.0,0.0,0.0,0.0,0.0,13,1,7.7,0.74,0.06,0.0,0.0,79,46.0,85.0,15,3,42.0,1,1.05,21,40,-19,-1.09,-0.21,0,22,10,0,4,18,13,0,,,,,,,,,,,,,,,,Centre-Back,25.0,16000000.0
ENG-Premier League,2122.0,Leeds United,rodrigo,ESP,"MF,FW",30.0,1991.0,31,27,2265,25.2,6,1,7,5,1,1,9,0,0.24,0.04,0.28,0.2,0.24,47,18,38.3,1.87,0.72,0.11,0.28,73,66.2,78.0,16,4,37.0,2,1.06,25,37,-12,-0.48,1.47,0,21,30,4,29,10,9,0,,,,,,,,,,,,,,,,Centre-Forward,31.0,12000000.0
ENG-Premier League,2122.0,Leeds United,sam greenwood,ENG,MF,19.0,2002.0,7,1,237,2.6,0,2,2,0,0,0,0,0,0.0,0.76,0.76,0.0,0.76,4,0,0.0,1.52,0.0,0.0,,34,6.9,84.0,0,6,26.0,14,1.57,7,5,2,0.76,1.86,0,7,2,1,6,2,5,0,,,,,,,,,,,,,,,,Attacking Midfield,20.0,2500000.0
ENG-Premier League,2122.0,Leeds United,stuart dallas,NIR,"DF,MF",30.0,1991.0,34,34,2919,32.4,1,1,2,1,0,0,5,0,0.03,0.03,0.06,0.03,0.06,30,9,30.0,0.92,0.28,0.03,0.11,86,85.4,86.0,31,0,,0,1.0,38,66,-28,-0.86,0.75,0,33,30,2,101,55,61,0,,,,,,,,,,,,,,,,Left Midfield,31.0,4000000.0
ENG-Premier League,2122.0,Leeds United,stuart mckinstry,SCO,MF,18.0,2002.0,1,0,4,0.0,0,0,0,0,0,0,0,0,0.0,0.0,0.0,0.0,0.0,0,0,,0.0,0.0,,,4,0.1,,0,1,4.0,8,0.0,0,0,0,0.0,0.97,0,0,0,0,0,0,0,0,,,,,,,,,,,,,,,,Left Midfield,19.0,200000.0
ENG-Premier League,2122.0,Leeds United,tyler roberts,WAL,"MF,FW",22.0,1999.0,23,7,987,11.0,1,1,2,1,0,0,5,0,0.09,0.09,0.18,0.09,0.18,30,13,43.3,2.74,1.19,0.03,0.08,43,28.9,84.0,4,16,25.0,4,0.83,9,26,-17,-1.55,-0.81,0,14,19,3,15,5,8,0,,,,,,,,,,,,,,,,Second Striker,23.0,8000000.0
ENG-Premier League,2122.0,Leicester City,ademola lookman,NGA,"MF,FW",23.0,1997.0,26,16,1453,16.1,6,0,6,6,0,0,2,0,0.37,0.0,0.37,0.37,0.37,26,12,46.2,1.61,0.74,0.23,0.5,56,42.5,73.0,3,10,29.0,7,1.12,28,31,-3,-0.19,-0.46,0,27,33,6,17,9,14,0,,,,,,,,,,,,,,,,Left Winger,24.0,10000000.0
ENG-Premier League,2122.0,Leicester City,ayoze perez,ESP,MF,28.0,1993.0,14,6,445,4.9,2,3,5,2,0,0,0,1,0.4,0.61,1.01,0.4,1.01,11,6,54.5,2.22,1.21,0.18,0.33,32,13.0,54.0,0,8,15.0,18,1.14,9,12,-3,-0.61,-0.79,0,6,7,0,3,2,2,0,,,,,,,,,,,,,,,,Centre-Forward,28.0,10000000.0
ENG-Premier League,2122.0,Leicester City,boubakary soumare,FRA,MF,22.0,1999.0,19,12,1102,12.2,0,1,1,0,0,0,0,0,0.0,0.08,0.08,0.0,0.08,6,2,33.3,0.49,0.16,0.0,0.0,58,32.2,77.0,6,7,26.0,7,1.37,19,27,-8,-0.65,-1.08,0,16,17,0,4,11,13,0,,,,,,,,,,,,,,,,Defensive Midfield,23.0,25000000.0
ENG-Premier League,2122.0,Leicester City,daniel amartey,GHA,DF,26.0,1994.0,28,23,2123,23.6,0,0,0,0,0,0,4,0,0.0,0.0,0.0,0.0,0.0,2,1,50.0,0.08,0.04,0.0,0.0,76,62.1,88.0,22,5,20.0,6,1.5,35,40,-5,-0.21,-0.77,0,14,8,1,0,22,14,0,,,,,,,,,,,,,,,,Centre-Back,27.0,10000000.0
ENG-Premier League,2122.0,Leicester City,danny ward,WAL,GK,28.0,1993.0,1,1,90,1.0,0,0,0,0,0,0,0,0,0.0,0.0,0.0,0.0,0.0,0,0,,0.0,0.0,,,90,2.6,90.0,1,0,,31,3.0,5,1,4,4.0,4.03,0,0,0,0,0,0,0,0,1.0,1.0,5.0,4.0,80.0,1.0,0.0,0.0,0.0,0.0,0.0,0.0,0.0,0.0,,Goalkeeper,29.0,6000000.0
ENG-Premier League,2122.0,Leicester City,hamza choudhury,BAN,"MF,DF",23.0,1997.0,6,4,285,3.2,0,0,0,0,0,0,1,0,0.0,0.0,0.0,0.0,0.0,1,0,0.0,0.32,0.0,0.0,,48,8.3,66.0,1,2,11.0,25,1.33,4,4,0,0.0,-0.09,0,4,5,0,0,12,2,0,,,,,,,,,,,,,,,,Defensive Midfield,24.0,4000000.0
ENG-Premier League,2122.0,Leicester City,harvey barnes,ENG,"MF,FW",23.0,1997.0,32,24,2101,23.3,6,10,16,6,0,0,2,0,0.26,0.43,0.69,0.26,0.69,66,24,36.4,2.83,1.03,0.09,0.25,66,61.4,79.0,13,8,25.0,3,1.34,38,30,8,0.34,0.68,0,19,20,10,45,4,15,0,,,,,,,,,,,,,,,,Left Winger,24.0,32000000.0
ENG-Premier League,2122.0,Leicester City,james justin,ENG,DF,23.0,1998.0,13,11,998,11.1,0,0,0,0,0,0,0,0,0.0,0.0,0.0,0.0,0.0,5,1,20.0,0.45,0.09,0.0,0.0,77,29.2,85.0,10,2,34.0,2,1.46,20,13,7,0.63,0.78,0,7,12,1,15,17,14,0,,,,,,,,,,,,,,,,Right-Back,24.0,25000000.0
ENG-Premier League,2122.0,Leicester City,james maddison,ENG,"MF,FW",24.0,1996.0,35,28,2459,27.3,12,8,20,12,0,0,3,0,0.44,0.29,0.73,0.44,0.73,72,34,47.2,2.64,1.24,0.17,0.35,70,71.9,82.0,14,7,22.0,0,1.4,48,41,7,0.26,0.63,0,22,64,4,127,9,21,0,,,,,,,,,,,,,,,,Attacking Midfield,25.0,50000000.0
ENG-Premier League,2122.0,Leicester City,jamie vardy,ENG,FW,34.0,1987.0,25,20,1806,20.1,15,2,17,15,0,0,2,0,0.75,0.1,0.85,0.75,0.85,54,26,48.1,2.69,1.3,0.28,0.58,72,52.8,85.0,15,5,23.0,2,1.56,37,27,10,0.5,0.89,0,13,12,19,12,1,5,1,,,,,,,,,,,,,,,,Centre-Forward,35.0,5000000.0
ENG-Premier League,2122.0,Leicester City,jannik vestergaard,DEN,DF,28.0,1992.0,10,6,567,6.3,0,0,0,0,0,0,2,0,0.0,0.0,0.0,0.0,0.0,1,0,0.0,0.16,0.0,0.0,,57,16.6,85.0,5,4,14.0,15,1.2,12,16,-4,-0.63,-0.86,0,4,1,0,0,8,9,0,,,,,,,,,,,,,,,,Centre-Back,29.0,13000000.0
ENG-Premier League,2122.0,Leicester City,jonny evans,NIR,DF,33.0,1988.0,18,16,1348,15.0,1,1,2,1,0,0,3,0,0.07,0.07,0.13,0.07,0.13,3,2,66.7,0.2,0.13,0.33,0.5,75,39.4,81.0,12,2,29.0,2,1.61,27,23,4,0.27,0.31,0,15,11,0,3,20,13,0,,,,,,,,,,,,,,,,Centre-Back,34.0,4000000.0
ENG-Premier League,2122.0,Leicester City,kasey mcateer,IRL,MF,19.0,2001.0,1,0,3,0.0,0,0,0,0,0,0,0,0,0.0,0.0,0.0,0.0,0.0,0,0,,0.0,0.0,,,3,0.1,,0,1,3.0,4,3.0,0,0,0,0.0,-0.08,0,0,0,0,0,0,0,0,,,,,,,,,,,,,,,,Right Midfield,20.0,300000.0
ENG-Premier League,2122.0,Leicester City,kasper schmeichel,DEN,GK,34.0,1986.0,37,37,3330,37.0,0,0,0,0,0,0,2,0,0.0,0.0,0.0,0.0,0.0,0,0,,0.0,0.0,,,90,97.4,90.0,37,0,,1,1.32,57,58,-1,-0.03,-4.03,0,0,2,0,0,1,0,0,58.0,1.57,187.0,129.0,69.0,13.0,10.0,14.0,7.0,18.9,10.0,7.0,2.0,1.0,22.2,Goalkeeper,35.0,4000000.0
ENG-Premier League,2122.0,Leicester City,kelechi iheanacho,NGA,FW,24.0,1996.0,26,13,1264,14.0,4,5,9,4,0,0,1,0,0.28,0.36,0.64,0.28,0.64,31,12,38.7,2.21,0.85,0.13,0.33,49,37.0,76.0,4,13,21.0,9,1.12,18,25,-7,-0.5,-0.92,0,17,11,7,6,5,6,0,,,,,,,,,,,,,,,,Centre-Forward,25.0,20000000.0
ENG-Premier League,2122.0,Leicester City,kiernan dewsbury hall,ENG,MF,22.0,1998.0,28,23,2105,23.4,1,2,3,1,0,0,4,0,0.04,0.09,0.13,0.04,0.13,21,3,14.3,0.9,0.13,0.05,0.33,75,61.5,88.0,19,5,17.0,8,1.46,37,27,10,0.43,0.91,0,20,29,0,86,20,23,0,,,,,,,,,,,,,,,,Central Midfield,23.0,8000000.0
ENG-Premier League,2122.0,Leicester City,lewis brunt,ENG,"DF,MF",20.0,2000.0,1,0,24,0.3,0,0,0,0,0,0,0,0,0.0,0.0,0.0,0.0,0.0,0,0,,0.0,0.0,,,24,0.7,,0,1,24.0,4,0.0,1,1,0,0.0,-0.08,0,0,0,0,0,0,0,0,,,,,,,,,,,,,,,,Centre-Back,21.0,
ENG-Premier League,2122.0,Leicester City,luke thomas,ENG,"DF,MF",20.0,2001.0,22,21,1912,21.2,0,1,1,0,0,0,2,0,0.0,0.05,0.05,0.0,0.05,4,0,0.0,0.19,0.0,0.0,,87,55.9,88.0,20,1,60.0,5,1.27,32,35,-3,-0.14,-0.5,0,15,15,0,33,42,31,0,,,,,,,,,,,,,,,,Left-Back,21.0,12000000.0
ENG-Premier League,2122.0,Leicester City,marc albrighton,ENG,"MF,FW",31.0,1989.0,17,11,1132,12.6,1,2,3,1,0,0,3,0,0.08,0.16,0.24,0.08,0.24,4,1,25.0,0.32,0.08,0.25,1.0,67,33.1,90.0,11,6,24.0,17,1.35,16,24,-8,-0.64,-1.07,0,6,13,2,77,14,21,0,,,,,,,,,,,,,,,,Right Midfield,32.0,2500000.0
ENG-Premier League,2122.0,Leicester City,nampalys mendy,SEN,MF,29.0,1992.0,14,12,1032,11.5,0,0,0,0,0,0,3,0,0.0,0.0,0.0,0.0,0.0,1,1,100.0,0.09,0.09,0.0,0.0,74,30.2,81.0,7,2,30.0,3,1.57,20,15,5,0.44,0.51,0,17,18,0,0,10,8,0,,,,,,,,,,,,,,,,Defensive Midfield,30.0,4000000.0
ENG-Premier League,2122.0,Leicester City,patson daka,ZAM,FW,22.0,1998.0,23,13,1159,12.9,5,3,8,5,0,0,2,0,0.39,0.23,0.62,0.39,0.62,26,16,61.5,2.02,1.24,0.19,0.31,50,33.9,76.0,2,10,17.0,13,1.17,20,20,0,0.0,-0.12,0,17,14,7,1,2,10,0,,,,,,,,,,,,,,,,Centre-Forward,23.0,20000000.0
ENG-Premier League,2122.0,Leicester City,ricardo pereira,POR,"DF,MF",27.0,1993.0,14,13,991,11.0,1,3,4,1,0,0,3,0,0.09,0.27,0.36,0.09,0.36,10,2,20.0,0.91,0.18,0.1,0.5,71,29.0,75.0,9,1,21.0,10,1.57,19,20,-1,-0.09,-0.24,0,6,15,0,13,16,21,0,,,,,,,,,,,,,,,,Right-Back,28.0,20000000.0
ENG-Premier League,2122.0,Leicester City,ryan bertrand,ENG,DF,31.0,1989.0,4,4,337,3.7,0,0,0,0,0,0,1,0,0.0,0.0,0.0,0.0,0.0,0,0,,0.0,0.0,,,84,9.9,84.0,3,0,,5,0.5,5,7,-2,-0.53,-0.68,0,3,1,0,12,1,5,0,,,,,,,,,,,,,,,,Left-Back,32.0,3000000.0
ENG-Premier League,2122.0,Leicester City,timothy castagne,BEL,"DF,MF",25.0,1995.0,27,22,2127,23.6,1,0,1,1,0,0,1,0,0.04,0.0,0.04,0.04,0.04,7,3,42.9,0.3,0.13,0.14,0.33,79,62.2,88.0,20,5,39.0,2,1.52,42,30,12,0.51,1.13,0,15,7,1,42,28,33,0,,,,,,,,,,,,,,,,Right-Back,26.0,28000000.0
ENG-Premier League,2122.0,Leicester City,wesley fofana,FRA,DF,20.0,2000.0,7,7,630,7.0,0,0,0,0,0,0,2,0,0.0,0.0,0.0,0.0,0.0,3,1,33.3,0.43,0.14,0.0,0.0,90,18.4,90.0,7,0,,2,1.43,13,7,6,0.86,0.95,0,7,7,0,0,7,8,0,,,,,,,,,,,,,,,,Centre-Back,21.0,40000000.0
ENG-Premier League,2122.0,Leicester City,wilfred ndidi,NGA,"MF,DF",24.0,1996.0,19,18,1618,18.0,0,0,0,0,0,0,4,0,0.0,0.0,0.0,0.0,0.0,14,4,28.6,0.78,0.22,0.0,0.0,85,47.3,88.0,16,1,30.0,2,1.32,26,26,0,0.0,-0.15,0,30,22,1,1,43,29,0,,,,,,,,,,,,,,,,Defensive Midfield,25.0,60000000.0
ENG-Premier League,2122.0,Leicester City,youri tielemans,BEL,MF,24.0,1997.0,32,29,2631,29.2,6,4,10,4,2,2,3,0,0.21,0.14,0.34,0.14,0.27,59,17,28.8,2.02,0.58,0.07,0.24,82,76.9,88.0,24,3,27.0,1,1.47,52,42,10,0.34,1.14,0,32,36,0,56,21,39,0,,,,,,,,,,,,,,,,Central Midfield,25.0,55000000.0
ENG-Premier League,2122.0,Leicester City,caglar soyuncu,TUR,DF,25.0,1996.0,28,28,2497,27.7,1,0,1,1,0,0,5,0,0.04,0.0,0.04,0.04,0.04,8,1,12.5,0.29,0.04,0.13,1.0,89,73.0,89.0,27,0,,8,1.32,41,44,-3,-0.11,-0.69,0,24,14,1,5,33,31,0,,,,,,,,,,,,,,,,Centre-Back,26.0,40000000.0
ENG-Premier League,2122.0,Liverpool,alex oxlade chamberlain,ENG,"MF,FW",27.0,1993.0,17,9,785,8.7,2,1,3,2,0,0,0,0,0.23,0.11,0.34,0.23,0.34,21,3,14.3,2.41,0.34,0.1,0.67,46,23.0,64.0,0,8,26.0,12,2.41,15,7,8,0.92,-1.13,0,10,3,2,27,5,11,0,,,,,,,,,,,,,,,,Central Midfield,28.0,16000000.0
ENG-Premier League,2122.0,Liverpool,alisson,BRA,GK,28.0,1992.0,36,36,3240,36.0,0,1,1,0,0,0,0,0,0.0,0.03,0.03,0.0,0.03,0,0,,0.0,0.0,,,90,94.7,90.0,36,0,,0,2.44,87,24,63,1.75,-0.75,0,0,2,0,0,0,1,1,24.0,0.67,99.0,75.0,75.8,27.0,7.0,2.0,20.0,55.6,0.0,0.0,0.0,0.0,,Goalkeeper,29.0,50000000.0
ENG-Premier League,2122.0,Liverpool,andy robertson,SCO,DF,27.0,1994.0,29,29,2537,28.2,3,10,13,3,0,0,5,1,0.11,0.35,0.46,0.11,0.46,19,8,42.1,0.67,0.28,0.16,0.38,87,74.2,87.0,25,0,,4,2.41,71,20,51,1.81,0.08,0,20,9,4,194,26,21,0,,,,,,,,,,,,,,,,,,
ENG-Premier League,2122.0,Liverpool,caoimhin kelleher,IRL,GK,22.0,1998.0,2,2,180,2.0,0,0,0,0,0,0,0,0,0.0,0.0,0.0,0.0,0.0,0,0,,0.0,0.0,,,90,5.3,90.0,2,0,,34,2.0,7,2,5,2.5,0.75,0,0,1,0,0,0,1,0,2.0,1.0,8.0,6.0,75.0,1.0,1.0,0.0,1.0,50.0,0.0,0.0,0.0,0.0,,Goalkeeper,23.0,8000000.0
ENG-Premier League,2122.0,Liverpool,curtis jones,ENG,MF,20.0,2001.0,15,10,851,9.5,1,1,2,1,0,0,0,0,0.11,0.11,0.21,0.11,0.21,20,7,35.0,2.12,0.74,0.05,0.14,57,24.9,77.0,4,5,16.0,10,2.47,26,9,17,1.8,0.01,0,10,19,1,5,8,10,0,,,,,,,,,,,,,,,,Central Midfield,21.0,28000000.0
ENG-Premier League,2122.0,Liverpool,diogo jota,POR,FW,24.0,1996.0,35,27,2364,26.3,15,4,19,15,0,0,3,0,0.57,0.15,0.72,0.57,0.72,90,33,36.7,3.43,1.26,0.17,0.45,68,69.1,80.0,10,8,25.0,1,2.37,58,19,39,1.48,-0.99,0,40,40,5,21,6,18,0,,,,,,,,,,,,,,,,Left Winger,25.0,60000000.0
ENG-Premier League,2122.0,Liverpool,divock origi,BEL,"FW,MF",26.0,1995.0,7,0,133,1.5,3,0,3,3,0,0,0,0,2.03,0.0,2.03,2.03,2.03,10,5,50.0,6.77,3.38,0.3,0.6,19,3.9,,0,7,19.0,11,2.57,11,0,11,7.44,5.88,0,2,1,0,0,1,0,0,,,,,,,,,,,,,,,,Centre-Forward,27.0,12000000.0
ENG-Premier League,2122.0,Liverpool,fabinho,BRA,MF,27.0,1993.0,29,26,2314,25.7,5,1,6,3,2,2,7,0,0.19,0.04,0.23,0.12,0.16,21,10,47.6,0.82,0.39,0.14,0.3,80,67.7,86.0,21,3,27.0,1,2.38,62,18,44,1.71,-0.24,0,41,28,0,8,38,29,0,,,,,,,,,,,,,,,,Defensive Midfield,28.0,60000000.0
ENG-Premier League,2122.0,Liverpool,harvey elliott,ENG,MF,18.0,2003.0,6,4,346,3.8,0,0,0,0,0,0,0,0,0.0,0.0,0.0,0.0,0.0,10,1,10.0,2.6,0.26,0.0,0.0,58,10.1,77.0,2,2,20.0,6,2.67,7,2,5,1.3,-0.54,0,2,6,0,10,4,0,0,,,,,,,,,,,,,,,,Attacking Midfield,19.0,22000000.0
ENG-Premier League,2122.0,Liverpool,ibrahima konate,FRA,DF,22.0,1999.0,11,11,990,11.0,0,0,0,0,0,0,2,0,0.0,0.0,0.0,0.0,0.0,4,0,0.0,0.36,0.0,0.0,,90,28.9,90.0,11,0,,26,2.27,28,10,18,1.64,-0.22,0,10,3,0,0,17,11,0,,,,,,,,,,,,,,,,Centre-Back,23.0,40000000.0
ENG-Premier League,2122.0,Liverpool,james milner,ENG,"MF,DF",35.0,1986.0,24,9,853,9.5,0,1,1,0,0,0,2,0,0.0,0.11,0.11,0.0,0.11,10,2,20.0,1.06,0.21,0.0,0.0,36,24.9,77.0,4,15,11.0,8,2.63,27,6,21,2.22,0.57,0,17,14,0,44,15,17,0,,,,,,,,,,,,,,,,Central Midfield,36.0,2000000.0
ENG-Premier League,2122.0,Liverpool,joe gomez,ENG,DF,24.0,1997.0,8,4,331,3.7,0,1,1,0,0,0,2,0,0.0,0.27,0.27,0.0,0.27,1,0,0.0,0.27,0.0,0.0,,41,9.7,79.0,3,4,4.0,21,2.5,7,3,4,1.09,-0.78,0,5,2,0,19,6,6,0,,,,,,,,,,,,,,,,Centre-Back,25.0,18000000.0
ENG-Premier League,2122.0,Liverpool,jordan henderson,ENG,MF,31.0,1990.0,35,29,2597,28.9,2,5,7,2,0,0,3,0,0.07,0.17,0.24,0.07,0.24,31,6,19.4,1.07,0.21,0.06,0.33,74,75.9,83.0,18,6,30.0,0,2.43,73,22,51,1.77,-0.09,0,24,7,3,57,25,20,0,,,,,,,,,,,,,,,,Defensive Midfield,32.0,15000000.0
ENG-Premier League,2122.0,Liverpool,joel matip,CMR,DF,29.0,1991.0,31,31,2790,31.0,3,3,6,3,0,0,2,0,0.1,0.1,0.19,0.1,0.19,34,9,26.5,1.1,0.29,0.09,0.33,90,81.6,90.0,31,0,,4,2.48,76,21,55,1.77,-0.08,0,13,11,0,1,45,35,0,,,,,,,,,,,,,,,,Centre-Back,30.0,18000000.0
ENG-Premier League,2122.0,Liverpool,kaide gordon,ENG,FW,16.0,2004.0,1,0,9,0.1,0,0,0,0,0,0,0,0,0.0,0.0,0.0,0.0,0.0,1,1,100.0,10.0,10.0,0.0,0.0,9,0.3,,0,1,9.0,3,3.0,0,0,0,0.0,-1.79,0,1,0,0,0,0,0,0,,,,,,,,,,,,,,,,Right Winger,17.0,1500000.0
ENG-Premier League,2122.0,Liverpool,kostas tsimikas,GRE,DF,25.0,1996.0,13,9,877,9.7,0,2,2,0,0,0,3,0,0.0,0.21,0.21,0.0,0.21,8,2,25.0,0.82,0.21,0.0,0.0,67,25.6,90.0,8,4,17.0,23,2.15,23,6,17,1.74,-0.06,0,20,6,0,115,9,12,0,,,,,,,,,,,,,,,,,,
ENG-Premier League,2122.0,Liverpool,luis diaz,COL,FW,24.0,1997.0,13,11,958,10.6,4,3,7,4,0,0,0,0,0.38,0.28,0.66,0.38,0.66,38,13,34.2,3.57,1.22,0.11,0.31,74,28.0,82.0,4,2,26.0,3,2.69,25,4,21,1.97,0.25,0,14,14,3,14,4,7,0,,,,,,,,,,,,,,,,Left Winger,25.0,65000000.0
ENG-Premier League,2122.0,Liverpool,mohamed salah,EGY,FW,29.0,1992.0,35,30,2762,30.7,23,13,36,18,5,6,1,0,0.75,0.42,1.17,0.59,1.01,139,60,43.2,4.53,1.96,0.13,0.3,79,80.8,87.0,25,5,28.0,0,2.37,77,22,55,1.79,0.01,0,12,23,12,40,5,8,0,,,,,,,,,,,,,,,,Right Winger,30.0,90000000.0
ENG-Premier League,2122.0,Liverpool,naby keita,GUI,MF,26.0,1995.0,23,14,1173,13.0,3,1,4,3,0,0,3,0,0.23,0.08,0.31,0.23,0.31,26,7,26.9,1.99,0.54,0.12,0.43,51,34.3,74.0,4,9,16.0,6,2.43,30,6,24,1.84,0.08,0,22,9,0,10,13,22,0,,,,,,,,,,,,,,,,Central Midfield,27.0,25000000.0
ENG-Premier League,2122.0,Liverpool,neco williams,WAL,"DF,MF",20.0,2001.0,1,0,8,0.1,0,1,1,0,0,0,0,0,0.0,11.25,11.25,0.0,11.25,0,0,,0.0,0.0,,,8,0.2,,0,1,8.0,12,3.0,1,0,1,11.25,9.48,0,0,0,0,0,0,0,0,,,,,,,,,,,,,,,,Left-Back,21.0,8000000.0
ENG-Premier League,2122.0,Liverpool,roberto firmino,BRA,FW,29.0,1991.0,20,10,990,11.0,5,4,9,5,0,0,3,0,0.45,0.36,0.82,0.45,0.82,30,11,36.7,2.73,1.0,0.17,0.45,50,28.9,77.0,3,10,22.0,2,2.25,32,9,23,2.09,0.42,0,6,6,3,8,4,16,0,,,,,,,,,,,,,,,,Centre-Forward,30.0,32000000.0
ENG-Premier League,2122.0,Liverpool,sadio mane,SEN,FW,29.0,1992.0,34,32,2819,31.3,16,2,18,16,0,0,5,0,0.51,0.06,0.57,0.51,0.57,98,40,40.8,3.13,1.28,0.16,0.4,83,82.4,87.0,25,2,18.0,0,2.35,76,24,52,1.66,-0.74,0,49,50,19,51,7,19,0,,,,,,,,,,,,,,,,Left Winger,30.0,70000000.0
ENG-Premier League,2122.0,Liverpool,takumi minamino,JPN,FW,26.0,1995.0,11,1,186,2.1,3,0,3,3,0,0,1,0,1.45,0.0,1.45,1.45,1.45,7,4,57.1,3.39,1.94,0.43,0.75,17,5.4,90.0,1,10,10.0,15,2.55,6,1,5,2.42,0.67,0,4,4,0,0,1,2,0,,,,,,,,,,,,,,,,Left Winger,27.0,12000000.0
ENG-Premier League,2122.0,Liverpool,thiago alcantara,ESP,MF,30.0,1991.0,25,17,1534,17.0,1,4,5,1,0,0,2,0,0.06,0.23,0.29,0.06,0.29,25,6,24.0,1.47,0.35,0.04,0.17,61,44.9,80.0,5,8,22.0,1,2.64,42,7,35,2.05,0.48,0,19,13,0,4,27,26,0,,,,,,,,,,,,,,,,Central Midfield,31.0,20000000.0
ENG-Premier League,2122.0,Liverpool,trent alexander arnold,ENG,DF,22.0,1998.0,32,32,2853,31.7,2,12,14,2,0,0,2,0,0.06,0.38,0.44,0.06,0.44,51,15,29.4,1.61,0.47,0.04,0.13,89,83.4,89.0,30,0,,2,2.38,80,22,58,1.83,0.24,0,12,7,11,277,44,24,0,,,,,,,,,,,,,,,,Right-Back,23.0,80000000.0
ENG-Premier League,2122.0,Liverpool,tyler morton,ENG,MF,18.0,2002.0,2,1,66,0.7,0,0,0,0,0,0,1,0,0.0,0.0,0.0,0.0,0.0,0,0,,0.0,0.0,,,33,1.9,59.0,0,1,7.0,7,2.0,1,1,0,0.0,-1.82,0,1,0,0,0,3,0,0,,,,,,,,,,,,,,,,Defensive Midfield,19.0,3000000.0
ENG-Premier League,2122.0,Liverpool,virgil van dijk,NED,DF,30.0,1991.0,34,34,3060,34.0,3,1,4,3,0,0,3,0,0.09,0.03,0.12,0.09,0.12,35,14,40.0,1.03,0.41,0.09,0.21,90,89.5,90.0,34,0,,1,2.41,84,21,63,1.85,0.6,0,9,8,0,0,31,11,0,,,,,,,,,,,,,,,,Centre-Back,30.0,55000000.0
ENG-Premier League,2122.0,Manchester City,aymeric laporte,ESP,DF,27.0,1994.0,33,33,2828,31.4,4,0,4,4,0,0,5,1,0.13,0.0,0.13,0.13,0.13,35,8,22.9,1.11,0.25,0.11,0.5,86,82.7,86.0,27,0,,2,2.52,87,23,64,2.04,0.67,0,14,10,2,5,19,15,0,,,,,,,,,,,,,,,,Centre-Back,28.0,45000000.0
ENG-Premier League,2122.0,Manchester City,benjamin mendy,FRA,DF,27.0,1994.0,1,1,78,0.9,0,0,0,0,0,0,0,0,0.0,0.0,0.0,0.0,0.0,0,0,,0.0,0.0,,,78,2.3,78.0,0,0,,1,0.0,0,1,-1,-1.15,-3.15,0,2,0,0,8,0,2,0,,,,,,,,,,,,,,,,Left-Back,27.0,
ENG-Premier League,2122.0,Manchester City,bernardo silva,POR,"MF,FW",26.0,1994.0,35,33,2857,31.7,8,4,12,8,0,0,6,0,0.25,0.13,0.38,0.25,0.38,48,20,41.7,1.51,0.63,0.17,0.4,82,83.5,86.0,27,2,12.0,3,2.49,75,23,52,1.64,-1.72,0,30,33,9,57,18,31,0,,,,,,,,,,,,,,,,Attacking Midfield,27.0,80000000.0
ENG-Premier League,2122.0,Manchester City,cj egan riley,ENG,DF,18.0,2003.0,1,0,4,0.0,0,0,0,0,0,0,0,0,0.0,0.0,0.0,0.0,0.0,0,0,,0.0,0.0,,,4,0.1,,0,1,4.0,6,3.0,2,0,2,45.0,43.13,0,0,0,0,0,0,1,0,,,,,,,,,,,,,,,,Centre-Back,19.0,800000.0
ENG-Premier League,2122.0,Manchester City,cole palmer,ENG,FW,19.0,2002.0,4,1,123,1.4,0,0,0,0,0,0,0,0,0.0,0.0,0.0,0.0,0.0,4,1,25.0,2.93,0.73,0.0,0.0,31,3.6,86.0,0,3,12.0,20,3.0,6,0,6,4.39,2.56,0,1,1,0,3,1,2,0,,,,,,,,,,,,,,,,Attacking Midfield,20.0,6000000.0
ENG-Premier League,2122.0,Manchester City,ederson moraes,BRA,GK,27.0,1993.0,37,37,3330,37.0,0,0,0,0,0,0,3,0,0.0,0.0,0.0,0.0,0.0,0,0,,0.0,0.0,,,90,97.4,90.0,37,0,,0,2.43,97,26,71,1.92,-0.08,0,1,4,0,0,0,1,0,26.0,0.7,85.0,58.0,69.4,28.0,6.0,3.0,20.0,54.1,1.0,1.0,0.0,0.0,0.0,,,
ENG-Premier League,2122.0,Manchester City,fernandinho,BRA,"MF,DF",36.0,1985.0,19,10,964,10.7,2,1,3,2,0,0,1,0,0.19,0.09,0.28,0.19,0.28,18,4,22.2,1.68,0.37,0.11,0.5,51,28.2,82.0,7,9,17.0,19,2.63,34,12,22,2.05,0.19,0,14,10,0,2,8,10,0,,,,,,,,,,,,,,,,Defensive Midfield,37.0,1500000.0
ENG-Premier League,2122.0,Manchester City,ferran torres,ESP,FW,21.0,2000.0,4,4,303,3.4,2,1,3,2,0,0,0,0,0.59,0.3,0.89,0.59,0.89,13,4,30.8,3.86,1.19,0.15,0.5,76,8.9,76.0,2,0,,3,2.25,8,1,7,2.08,0.17,0,1,1,1,3,0,2,0,,,,,,,,,,,,,,,,Centre-Forward,22.0,45000000.0
ENG-Premier League,2122.0,Manchester City,gabriel jesus,BRA,FW,24.0,1997.0,28,21,1877,20.9,8,8,16,7,1,1,1,0,0.38,0.38,0.77,0.34,0.72,64,25,39.1,3.07,1.2,0.11,0.28,67,54.9,84.0,13,7,17.0,6,2.43,50,15,35,1.68,-0.54,0,26,26,10,24,13,13,0,,,,,,,,,,,,,,,,Centre-Forward,25.0,50000000.0
ENG-Premier League,2122.0,Manchester City,jack grealish,ENG,"FW,MF",25.0,1995.0,26,22,1914,21.3,3,3,6,3,0,0,3,0,0.14,0.14,0.28,0.14,0.28,44,15,34.1,2.07,0.71,0.07,0.2,74,56.0,85.0,15,4,12.0,8,2.31,52,8,44,2.07,0.34,0,17,54,5,32,7,16,0,,,,,,,,,,,,,,,,Left Winger,26.0,70000000.0
ENG-Premier League,2122.0,Manchester City,james mcatee,ENG,MF,18.0,2002.0,2,0,20,0.2,0,0,0,0,0,0,0,0,0.0,0.0,0.0,0.0,0.0,1,0,0.0,4.5,0.0,0.0,,10,0.6,,0,2,10.0,11,3.0,1,0,1,4.5,2.59,0,1,0,0,0,0,0,0,,,,,,,,,,,,,,,,Attacking Midfield,19.0,3000000.0
ENG-Premier League,2122.0,Manchester City,john stones,ENG,DF,27.0,1994.0,14,12,1119,12.4,1,0,1,1,0,0,0,0,0.08,0.0,0.08,0.08,0.08,9,5,55.6,0.72,0.4,0.11,0.2,80,32.7,89.0,11,2,27.0,13,2.5,30,6,24,1.93,0.01,0,3,6,0,3,13,3,0,,,,,,,,,,,,,,,,Centre-Back,28.0,28000000.0
ENG-Premier League,2122.0,Manchester City,joao cancelo,POR,DF,27.0,1994.0,36,36,3227,35.9,1,7,8,1,0,0,7,0,0.03,0.2,0.22,0.03,0.22,81,23,28.4,2.26,0.64,0.01,0.04,90,94.4,90.0,35,0,,1,2.42,88,25,63,1.76,-2.91,0,34,27,2,126,56,53,0,,,,,,,,,,,,,,,,Right-Back,28.0,65000000.0
ENG-Premier League,2122.0,Manchester City,kayky chagas,BRA,MF,18.0,2003.0,1,0,7,0.1,0,0,0,0,0,0,0,0,0.0,0.0,0.0,0.0,0.0,0,0,,0.0,0.0,,,7,0.2,,0,1,7.0,2,3.0,1,0,1,12.86,10.96,0,1,0,0,0,0,0,0,,,,,,,,,,,,,,,,,,
ENG-Premier League,2122.0,Manchester City,kevin de bruyne,BEL,MF,30.0,1991.0,30,25,2201,24.5,15,8,23,15,0,0,2,0,0.61,0.33,0.94,0.61,0.94,77,31,40.3,3.15,1.27,0.19,0.48,73,64.4,84.0,16,5,19.0,3,2.3,64,22,42,1.72,-0.57,0,21,27,5,179,7,16,0,,,,,,,,,,,,,,,,Attacking Midfield,31.0,85000000.0
ENG-Premier League,2122.0,Manchester City,kyle walker,ENG,DF,31.0,1990.0,20,20,1755,19.5,0,2,2,0,0,0,1,0,0.0,0.1,0.1,0.0,0.1,8,2,25.0,0.41,0.1,0.0,0.0,88,51.3,88.0,19,0,,7,2.2,42,14,28,1.44,-1.0,0,7,12,1,33,13,6,0,,,,,,,,,,,,,,,,Right-Back,32.0,18000000.0
ENG-Premier League,2122.0,Manchester City,liam delap,ENG,FW,18.0,2003.0,1,0,10,0.1,0,0,0,0,0,0,0,0,0.0,0.0,0.0,0.0,0.0,0,0,,0.0,0.0,,,10,0.3,,0,1,10.0,3,3.0,1,0,1,9.0,7.1,0,1,1,0,0,0,0,0,,,,,,,,,,,,,,,,Centre-Forward,19.0,1500000.0
ENG-Premier League,2122.0,Manchester City,nathan ake,NED,DF,26.0,1995.0,14,10,923,10.3,2,0,2,2,0,0,0,0,0.2,0.0,0.2,0.2,0.2,5,2,40.0,0.49,0.2,0.4,1.0,66,27.0,82.0,8,4,25.0,22,2.64,19,3,16,1.56,-0.49,0,9,2,0,1,7,9,0,,,,,,,,,,,,,,,,Centre-Back,27.0,25000000.0
ENG-Premier League,2122.0,Manchester City,oleksandr zinchenko,UKR,DF,24.0,1996.0,15,10,1047,11.6,0,4,4,0,0,0,0,0,0.0,0.34,0.34,0.0,0.34,12,4,33.3,1.03,0.34,0.0,0.0,70,30.6,90.0,10,5,29.0,17,2.67,49,9,40,3.44,2.19,0,11,2,1,31,15,13,0,,,,,,,,,,,,,,,,Left-Back,25.0,25000000.0
ENG-Premier League,2122.0,Manchester City,phil foden,ENG,FW,21.0,2000.0,28,24,2128,23.6,9,5,14,9,0,0,1,0,0.38,0.21,0.59,0.38,0.59,57,22,38.6,2.41,0.93,0.16,0.41,76,62.2,84.0,15,4,26.0,5,2.43,59,16,43,1.82,-0.27,0,14,23,13,134,12,9,0,,,,,,,,,,,,,,,,Attacking Midfield,22.0,90000000.0
ENG-Premier League,2122.0,Manchester City,raheem sterling,ENG,"FW,MF",26.0,1994.0,30,23,2128,23.6,13,5,18,11,2,3,1,0,0.55,0.21,0.76,0.47,0.68,58,28,48.3,2.45,1.18,0.19,0.39,71,62.2,85.0,17,7,24.0,7,2.43,64,17,47,1.99,0.18,0,19,37,9,46,10,10,0,,,,,,,,,,,,,,,,Right Winger,27.0,70000000.0
ENG-Premier League,2122.0,Manchester City,riyad mahrez,ALG,FW,30.0,1991.0,28,15,1498,16.6,11,5,16,7,4,5,0,0,0.66,0.3,0.96,0.42,0.72,61,23,37.7,3.66,1.38,0.11,0.3,54,43.8,84.0,10,13,18.0,8,2.39,44,14,30,1.8,-0.21,0,10,15,3,95,5,5,0,,,,,,,,,,,,,,,,Right Winger,31.0,35000000.0
ENG-Premier League,2122.0,Manchester City,rodri,ESP,MF,25.0,1996.0,33,33,2884,32.0,7,2,9,7,0,0,5,0,0.22,0.06,0.28,0.22,0.28,45,14,31.1,1.4,0.44,0.16,0.5,87,84.3,87.0,29,0,,2,2.52,83,22,61,1.9,-0.11,0,43,20,0,9,29,46,0,,,,,,,,,,,,,,,,Defensive Midfield,26.0,80000000.0
ENG-Premier League,2122.0,Manchester City,ruben dias,POR,DF,24.0,1997.0,29,27,2402,26.7,2,4,6,2,0,0,5,0,0.07,0.15,0.22,0.07,0.22,18,3,16.7,0.67,0.11,0.11,0.67,83,70.2,87.0,24,2,32.0,2,2.48,69,18,51,1.91,-0.03,0,27,10,2,3,24,20,0,,,,,,,,,,,,,,,,Centre-Back,25.0,75000000.0
ENG-Premier League,2122.0,Manchester City,zack steffen,USA,GK,26.0,1995.0,1,1,90,1.0,0,0,0,0,0,0,0,0,0.0,0.0,0.0,0.0,0.0,0,0,,0.0,0.0,,,90,2.6,90.0,1,0,,29,3.0,2,0,2,2.0,0.08,0,0,0,0,0,0,0,0,0.0,0.0,2.0,2.0,100.0,1.0,0.0,0.0,1.0,100.0,0.0,0.0,0.0,0.0,,Goalkeeper,27.0,6000000.0
ENG-Premier League,2122.0,Manchester City,ilkay gundogan,GER,MF,30.0,1990.0,27,20,1857,20.6,8,4,12,8,0,0,1,0,0.39,0.19,0.58,0.39,0.58,55,19,34.5,2.67,0.92,0.15,0.42,69,54.3,84.0,15,7,24.0,8,2.7,62,10,52,2.52,1.31,0,13,10,2,68,14,11,0,,,,,,,,,,,,,,,,Central Midfield,31.0,25000000.0
ENG-Premier League,2122.0,Manchester Utd,aaron wan bissaka,COD,"DF,MF",23.0,1997.0,20,20,1793,19.9,0,0,0,0,0,0,2,0,0.0,0.0,0.0,0.0,0.0,5,1,20.0,0.25,0.05,0.0,0.0,90,52.4,90.0,19,0,,10,1.25,29,35,-6,-0.3,-0.63,0,15,13,1,35,34,36,0,,,,,,,,,,,,,,,,Right-Back,24.0,25000000.0
ENG-Premier League,2122.0,Manchester Utd,alejandro garnacho,ARG,MF,17.0,2004.0,2,0,13,0.1,0,0,0,0,0,0,0,0,0.0,0.0,0.0,0.0,0.0,0,0,,0.0,0.0,,,7,0.4,,0,2,7.0,5,0.5,0,0,0,0.0,0.0,0,1,0,0,0,0,0,0,,,,,,,,,,,,,,,,Left Winger,17.0,
ENG-Premier League,2122.0,Manchester Utd,alex telles,BRA,DF,28.0,1992.0,21,18,1660,18.4,0,4,4,0,0,0,1,0,0.0,0.22,0.22,0.0,0.22,10,3,30.0,0.54,0.16,0.0,0.0,79,48.5,88.0,16,3,25.0,8,1.57,26,26,0,0.0,0.0,0,22,9,1,127,26,27,0,,,,,,,,,,,,,,,,Left-Back,29.0,18000000.0
ENG-Premier League,2122.0,Manchester Utd,anthony elanga,SWE,MF,19.0,2002.0,21,14,1214,13.5,2,2,4,2,0,0,0,0,0.15,0.15,0.3,0.15,0.3,21,7,33.3,1.56,0.52,0.1,0.29,58,35.5,78.0,5,7,17.0,3,1.43,20,17,3,0.22,0.34,0,8,22,3,21,8,18,0,,,,,,,,,,,,,,,,Right Winger,20.0,20000000.0
ENG-Premier League,2122.0,Manchester Utd,anthony martial,FRA,"MF,FW",25.0,1995.0,8,2,212,2.4,1,0,1,1,0,0,0,0,0.42,0.0,0.42,0.42,0.42,5,3,60.0,2.12,1.27,0.2,0.33,27,6.2,57.0,0,6,16.0,5,2.13,6,3,3,1.27,1.36,0,0,4,2,4,0,0,0,,,,,,,,,,,,,,,,Centre-Forward,26.0,16000000.0
ENG-Premier League,2122.0,Manchester Utd,bruno fernandes,POR,MF,26.0,1994.0,36,35,3111,34.6,10,6,16,10,0,2,10,0,0.29,0.17,0.46,0.29,0.46,89,29,32.6,2.57,0.84,0.11,0.34,86,91.0,88.0,26,1,31.0,0,1.44,49,54,-5,-0.14,-1.6,0,34,47,3,149,16,27,0,,,,,,,,,,,,,,,,Attacking Midfield,27.0,85000000.0
ENG-Premier League,2122.0,Manchester Utd,cristiano ronaldo,POR,FW,36.0,1985.0,30,27,2456,27.3,18,3,21,15,3,3,8,0,0.66,0.11,0.77,0.55,0.66,110,43,39.1,4.03,1.58,0.14,0.35,82,71.8,88.0,21,3,28.0,0,1.63,40,41,-1,-0.04,-0.13,0,16,18,34,15,1,7,0,,,,,,,,,,,,,,,,Centre-Forward,37.0,30000000.0
ENG-Premier League,2122.0,Manchester Utd,daniel james,WAL,MF,23.0,1997.0,2,2,126,1.4,0,0,0,0,0,0,0,0,0.0,0.0,0.0,0.0,0.0,4,1,25.0,2.86,0.71,0.0,0.0,63,3.7,63.0,0,0,,1,3.0,5,1,4,2.86,2.97,0,1,0,2,5,0,1,0,,,,,,,,,,,,,,,,Right Winger,24.0,18000000.0
ENG-Premier League,2122.0,Manchester Utd,david de gea,ESP,GK,30.0,1990.0,38,38,3420,38.0,0,0,0,0,0,0,0,0,0.0,0.0,0.0,0.0,0.0,0,0,,0.0,0.0,,,90,100.0,90.0,38,0,,0,1.53,57,57,0,0.0,,0,0,1,0,0,0,0,0,57.0,1.5,175.0,123.0,67.4,16.0,10.0,12.0,8.0,21.1,6.0,3.0,3.0,0.0,50.0,Goalkeeper,31.0,15000000.0
ENG-Premier League,2122.0,Manchester Utd,diogo dalot,POR,DF,22.0,1999.0,24,19,1801,20.0,0,0,0,0,0,0,4,0,0.0,0.0,0.0,0.0,0.0,13,4,30.8,0.65,0.2,0.0,0.0,75,52.7,89.0,18,5,21.0,13,1.63,28,29,-1,-0.05,-0.11,0,18,4,1,59,28,39,0,,,,,,,,,,,,,,,,Right-Back,23.0,20000000.0
ENG-Premier League,2122.0,Manchester Utd,donny van de beek,NED,MF,24.0,1997.0,8,0,75,0.8,1,0,1,1,0,0,0,0,1.2,0.0,1.2,1.2,1.2,2,1,50.0,2.4,1.2,0.5,1.0,9,2.2,,0,8,9.0,14,1.75,2,2,0,0.0,0.0,0,2,2,0,0,2,5,0,,,,,,,,,,,,,,,,Central Midfield,25.0,25000000.0
ENG-Premier League,2122.0,Manchester Utd,edinson cavani,URU,FW,34.0,1987.0,15,7,766,8.5,2,1,3,2,0,0,0,0,0.23,0.12,0.35,0.23,0.35,18,8,44.4,2.11,0.94,0.11,0.25,51,22.4,81.0,4,8,25.0,0,1.47,13,10,3,0.35,0.45,0,7,5,6,2,2,1,0,,,,,,,,,,,,,,,,Centre-Forward,35.0,4000000.0
ENG-Premier League,2122.0,Manchester Utd,eric bailly,CIV,DF,27.0,1994.0,4,3,217,2.4,0,0,0,0,0,0,1,0,0.0,0.0,0.0,0.0,0.0,0,0,,0.0,0.0,,,54,6.3,67.0,1,1,17.0,17,1.75,5,4,1,0.41,0.44,0,2,0,0,0,3,4,1,,,,,,,,,,,,,,,,Centre-Back,28.0,6000000.0
ENG-Premier League,2122.0,Manchester Utd,fred,BRA,MF,28.0,1993.0,28,24,2028,22.5,4,4,8,4,0,0,5,0,0.18,0.18,0.36,0.18,0.36,15,9,60.0,0.67,0.4,0.27,0.44,72,59.3,81.0,14,4,23.0,3,1.75,32,31,1,0.04,0.11,0,31,30,0,3,31,27,1,,,,,,,,,,,,,,,,Central Midfield,29.0,20000000.0
ENG-Premier League,2122.0,Manchester Utd,hannibal mejbri,TUN,MF,18.0,2003.0,2,1,68,0.8,0,0,0,0,0,0,2,0,0.0,0.0,0.0,0.0,0.0,1,1,100.0,1.32,1.32,0.0,0.0,34,2.0,61.0,0,1,7.0,5,0.0,0,2,-2,-2.65,-2.7,0,3,0,1,0,0,1,0,,,,,,,,,,,,,,,,,,
ENG-Premier League,2122.0,Manchester Utd,harry maguire,ENG,DF,28.0,1993.0,30,28,2515,27.9,1,0,1,1,0,0,9,1,0.04,0.0,0.04,0.04,0.04,23,10,43.5,0.82,0.36,0.04,0.1,84,73.5,88.0,26,2,21.0,3,1.67,46,41,5,0.18,0.68,1,21,19,1,2,33,21,1,,,,,,,,,,,,,,,,Centre-Back,29.0,38000000.0
ENG-Premier League,2122.0,Manchester Utd,jadon sancho,ENG,"MF,FW",21.0,2000.0,29,20,1900,21.1,3,3,6,3,0,0,0,0,0.14,0.14,0.28,0.14,0.28,26,9,34.6,1.23,0.43,0.12,0.33,66,55.6,81.0,11,9,31.0,3,1.55,29,28,1,0.05,0.11,0,4,7,7,28,13,8,0,,,,,,,,,,,,,,,,Left Winger,22.0,75000000.0
ENG-Premier League,2122.0,Manchester Utd,jesse lingard,ENG,MF,28.0,1992.0,16,2,367,4.1,2,0,2,2,0,0,1,0,0.49,0.0,0.49,0.49,0.49,8,6,75.0,1.96,1.47,0.25,0.33,23,10.7,64.0,0,14,17.0,16,1.44,9,13,-4,-0.98,-1.1,0,5,4,1,8,0,7,0,,,,,,,,,,,,,,,,Attacking Midfield,29.0,18000000.0
ENG-Premier League,2122.0,Manchester Utd,juan mata,ESP,MF,33.0,1988.0,7,2,235,2.6,0,0,0,0,0,0,0,0,0.0,0.0,0.0,0.0,0.0,5,1,20.0,1.91,0.38,0.0,0.0,34,6.9,72.0,0,5,18.0,22,1.0,4,4,0,0.0,0.0,0,2,4,2,6,1,4,0,,,,,,,,,,,,,,,,Attacking Midfield,34.0,2500000.0
ENG-Premier League,2122.0,Manchester Utd,luke shaw,ENG,"DF,MF",26.0,1995.0,20,19,1601,17.8,0,3,3,0,0,0,8,0,0.0,0.17,0.17,0.0,0.17,6,1,16.7,0.34,0.06,0.0,0.0,80,46.8,83.0,15,1,17.0,2,1.5,31,24,7,0.39,0.74,0,32,16,2,109,9,12,0,,,,,,,,,,,,,,,,Left-Back,26.0,38000000.0
ENG-Premier League,2122.0,Manchester Utd,marcus rashford,ENG,"MF,FW",23.0,1997.0,25,13,1235,13.7,4,2,6,4,0,0,2,0,0.29,0.15,0.44,0.29,0.44,22,12,54.5,1.6,0.87,0.18,0.33,49,36.1,75.0,3,12,21.0,3,1.36,18,28,-10,-0.73,-1.14,0,13,18,14,22,5,5,0,,,,,,,,,,,,,,,,Left Winger,24.0,60000000.0
ENG-Premier League,2122.0,Manchester Utd,mason greenwood,ENG,"MF,FW",19.0,2001.0,18,16,1271,14.1,5,1,6,5,0,0,1,0,0.35,0.07,0.42,0.35,0.42,48,19,39.6,3.4,1.35,0.1,0.26,71,37.2,76.0,4,2,27.0,3,1.72,22,18,4,0.28,0.45,0,15,16,3,34,1,8,0,,,,,,,,,,,,,,,,Right Winger,20.0,
ENG-Premier League,2122.0,Manchester Utd,nemanja matic,SRB,MF,32.0,1988.0,23,16,1382,15.4,0,4,4,0,0,0,3,0,0.0,0.26,0.26,0.0,0.26,6,1,16.7,0.39,0.07,0.0,0.0,60,40.4,80.0,7,7,15.0,10,1.48,22,26,-4,-0.26,-0.44,0,26,3,0,6,30,17,0,,,,,,,,,,,,,,,,Defensive Midfield,33.0,5000000.0
ENG-Premier League,2122.0,Manchester Utd,paul pogba,FRA,MF,28.0,1993.0,20,16,1349,15.0,1,9,10,1,0,0,7,1,0.07,0.6,0.67,0.07,0.67,32,8,25.0,2.13,0.53,0.03,0.13,67,39.4,78.0,9,4,27.0,0,1.5,26,22,4,0.27,0.44,0,39,29,0,12,13,9,0,,,,,,,,,,,,,,,,Central Midfield,29.0,48000000.0
ENG-Premier League,2122.0,Manchester Utd,phil jones,ENG,DF,29.0,1992.0,4,2,163,1.8,0,0,0,0,0,0,0,0,0.0,0.0,0.0,0.0,0.0,0,0,,0.0,0.0,,,41,4.8,68.0,1,2,14.0,20,1.0,0,3,-3,-1.66,-1.74,0,0,2,0,0,3,5,0,,,,,,,,,,,,,,,,Centre-Back,30.0,3000000.0
ENG-Premier League,2122.0,Manchester Utd,raphael varane,FRA,DF,28.0,1993.0,22,20,1831,20.3,1,1,2,1,0,0,0,0,0.05,0.05,0.1,0.05,0.1,9,1,11.1,0.44,0.05,0.11,1.0,83,53.5,90.0,20,2,16.0,2,1.73,30,22,8,0.39,0.85,0,5,7,0,1,17,20,0,,,,,,,,,,,,,,,,Centre-Back,29.0,48000000.0
ENG-Premier League,2122.0,Manchester Utd,scott mctominay,SCO,MF,24.0,1996.0,30,28,2387,26.5,1,1,2,1,0,0,9,0,0.04,0.04,0.08,0.04,0.08,27,7,25.9,1.02,0.26,0.04,0.14,80,69.8,84.0,20,2,13.0,1,1.47,40,37,3,0.11,0.37,0,55,33,1,13,32,34,0,,,,,,,,,,,,,,,,Central Midfield,25.0,32000000.0
ENG-Premier League,2122.0,Manchester Utd,shola shoretire,ENG,"FW,MF",17.0,2004.0,1,0,16,0.2,0,0,0,0,0,0,0,0,0.0,0.0,0.0,0.0,0.0,0,0,,0.0,0.0,,,16,0.5,,0,1,16.0,1,0.0,0,0,0,0.0,0.0,0,0,1,0,0,0,0,0,,,,,,,,,,,,,,,,Left Winger,18.0,4000000.0
ENG-Premier League,2122.0,Manchester Utd,victor lindelof,SWE,DF,27.0,1994.0,28,26,2355,26.2,0,2,2,0,0,0,4,0,0.0,0.08,0.08,0.0,0.08,3,2,66.7,0.11,0.08,0.0,0.0,84,68.9,89.0,25,2,16.0,5,1.39,38,47,-9,-0.34,-1.1,0,19,6,2,0,25,11,0,,,,,,,,,,,,,,,,Centre-Back,27.0,22000000.0
ENG-Premier League,2122.0,Newcastle,allan saint maximin,FRA,"FW,MF",24.0,1997.0,35,31,2804,31.2,5,5,10,5,0,0,6,0,0.16,0.16,0.32,0.16,0.32,64,26,40.6,2.05,0.83,0.08,0.19,80,82.0,87.0,20,4,29.0,0,1.2,35,54,-19,-0.61,-0.76,0,22,47,13,61,11,7,0,,,,,,,,,,,,,,,,Left Winger,25.0,32000000.0
ENG-Premier League,2122.0,Newcastle,bruno guimaraes,BRA,MF,23.0,1997.0,17,11,1034,11.5,5,1,6,5,0,0,4,0,0.44,0.09,0.52,0.44,0.52,23,12,52.2,2.0,1.04,0.22,0.42,61,30.2,87.0,7,6,13.0,0,2.0,13,13,0,0.0,0.68,0,13,36,4,12,11,27,0,,,,,,,,,,,,,,,,Central Midfield,24.0,40000000.0
ENG-Premier League,2122.0,Newcastle,callum wilson,ENG,FW,29.0,1992.0,18,16,1386,15.4,8,0,8,6,2,2,4,0,0.52,0.0,0.52,0.39,0.39,35,15,42.9,2.27,0.97,0.17,0.4,77,40.5,84.0,11,2,18.0,0,0.83,16,32,-16,-1.04,-0.95,0,27,22,17,3,1,8,0,,,,,,,,,,,,,,,,Centre-Forward,30.0,18000000.0
ENG-Premier League,2122.0,Newcastle,chris wood,NZL,FW,29.0,1991.0,17,15,1327,14.7,2,0,2,1,1,1,0,0,0.14,0.0,0.14,0.07,0.07,21,7,33.3,1.42,0.47,0.05,0.14,78,38.8,86.0,12,2,22.0,1,1.88,17,15,2,0.14,1.0,0,19,10,10,2,2,0,0,,,,,,,,,,,,,,,,Centre-Forward,30.0,10000000.0
ENG-Premier League,2122.0,Newcastle,ciaran clark,IRL,DF,31.0,1989.0,13,12,1014,11.3,0,1,1,0,0,0,2,1,0.0,0.09,0.09,0.0,0.09,7,1,14.3,0.62,0.09,0.0,0.0,78,29.6,83.0,10,1,23.0,4,0.69,14,26,-12,-1.07,-0.84,0,6,5,1,1,15,9,0,,,,,,,,,,,,,,,,Centre-Back,32.0,1800000.0
ENG-Premier League,2122.0,Newcastle,dan burn,ENG,DF,29.0,1992.0,16,16,1440,16.0,0,1,1,0,0,0,4,0,0.0,0.06,0.06,0.0,0.06,11,1,9.1,0.69,0.06,0.0,0.0,90,42.1,90.0,16,0,,1,1.94,20,18,2,0.12,1.03,0,10,6,5,0,18,11,0,,,,,,,,,,,,,,,,Centre-Back,30.0,12000000.0
ENG-Premier League,2122.0,Newcastle,dwight gayle,ENG,FW,30.0,1990.0,8,0,38,0.4,0,0,0,0,0,0,1,0,0.0,0.0,0.0,0.0,0.0,2,0,0.0,4.74,0.0,0.0,,5,1.1,,0,8,5.0,28,1.5,1,0,1,2.37,2.87,0,2,2,0,0,1,0,0,,,,,,,,,,,,,,,,Centre-Forward,32.0,1500000.0
ENG-Premier League,2122.0,Newcastle,emil krafth,SWE,DF,26.0,1994.0,20,18,1634,18.2,0,1,1,0,0,0,5,0,0.0,0.06,0.06,0.0,0.06,6,2,33.3,0.33,0.11,0.0,0.0,82,47.8,88.0,12,2,27.0,15,1.6,21,20,1,0.06,1.01,0,22,11,0,21,25,16,0,,,,,,,,,,,,,,,,Right-Back,27.0,5000000.0
ENG-Premier League,2122.0,Newcastle,fabian schar,SUI,DF,29.0,1991.0,25,25,2158,24.0,2,2,4,2,0,0,4,0,0.08,0.08,0.17,0.08,0.17,20,7,35.0,0.83,0.29,0.1,0.29,86,63.1,86.0,22,0,,13,1.56,26,32,-6,-0.25,0.61,0,24,11,3,8,36,11,0,,,,,,,,,,,,,,,,Centre-Back,30.0,7000000.0
ENG-Premier League,2122.0,Newcastle,federico fernandez,ARG,DF,32.0,1989.0,7,5,523,5.8,0,0,0,0,0,0,0,0,0.0,0.0,0.0,0.0,0.0,6,1,16.7,1.03,0.17,0.0,0.0,75,15.3,87.0,4,2,43.0,11,0.86,7,12,-5,-0.86,-0.46,0,1,2,0,1,5,0,0,,,,,,,,,,,,,,,,Centre-Back,33.0,1500000.0
ENG-Premier League,2122.0,Newcastle,freddie woodman,ENG,GK,24.0,1997.0,4,4,360,4.0,0,0,0,0,0,0,0,0,0.0,0.0,0.0,0.0,0.0,0,0,,0.0,0.0,,,90,10.5,90.0,4,0,,1,0.25,5,12,-7,-1.75,-1.43,0,0,0,0,0,0,0,0,12.0,3.0,21.0,9.0,42.9,0.0,1.0,3.0,0.0,0.0,3.0,2.0,1.0,0.0,33.3,Goalkeeper,25.0,9000000.0
ENG-Premier League,2122.0,Newcastle,isaac hayden,JAM,"MF,DF",26.0,1995.0,14,12,1002,11.1,1,0,1,1,0,0,5,0,0.09,0.0,0.09,0.09,0.09,5,1,20.0,0.45,0.09,0.2,1.0,72,29.3,82.0,9,2,11.0,3,0.36,11,25,-14,-1.26,-1.11,0,14,8,0,8,13,14,0,,,,,,,,,,,,,,,,Defensive Midfield,27.0,8000000.0
ENG-Premier League,2122.0,Newcastle,jacob murphy,ENG,"FW,MF",26.0,1995.0,33,13,1473,16.4,1,2,3,1,0,0,4,0,0.06,0.12,0.18,0.06,0.18,27,5,18.5,1.65,0.31,0.04,0.2,45,43.1,84.0,9,20,19.0,5,1.24,24,35,-11,-0.67,-0.35,0,16,15,2,54,23,26,0,,,,,,,,,,,,,,,,Right Winger,27.0,5000000.0
ENG-Premier League,2122.0,Newcastle,jamaal lascelles,ENG,DF,27.0,1993.0,26,22,2058,22.9,1,0,1,1,0,0,5,0,0.04,0.0,0.04,0.04,0.04,17,4,23.5,0.74,0.17,0.06,0.25,79,60.2,89.0,21,4,25.0,8,1.08,25,44,-19,-0.83,-0.9,0,17,4,0,0,24,7,2,,,,,,,,,,,,,,,,Centre-Back,28.0,10000000.0
ENG-Premier League,2122.0,Newcastle,jamal lewis,NIR,DF,23.0,1998.0,5,4,262,2.9,0,0,0,0,0,0,1,0,0.0,0.0,0.0,0.0,0.0,0,0,,0.0,0.0,,,52,7.7,64.0,2,1,7.0,14,0.8,3,4,-1,-0.34,0.14,0,2,2,0,3,3,6,0,,,,,,,,,,,,,,,,Left-Back,24.0,10000000.0
ENG-Premier League,2122.0,Newcastle,javier manquillo,ESP,DF,27.0,1994.0,19,15,1257,14.0,1,2,3,1,0,0,5,0,0.07,0.14,0.21,0.07,0.21,4,2,50.0,0.29,0.14,0.25,0.5,66,36.8,82.0,9,4,8.0,11,1.05,14,27,-13,-0.93,-0.72,0,9,17,1,9,9,30,0,,,,,,,,,,,,,,,,Right-Back,28.0,3000000.0
ENG-Premier League,2122.0,Newcastle,jeff hendrick,IRL,MF,29.0,1992.0,3,0,72,0.8,1,0,1,1,0,0,0,0,1.25,0.0,1.25,1.25,1.25,1,1,100.0,1.25,1.25,1.0,1.0,24,2.1,,0,3,24.0,14,0.0,1,3,-2,-2.5,-2.07,0,1,0,0,0,0,0,0,,,,,,,,,,,,,,,,Central Midfield,30.0,5000000.0
ENG-Premier League,2122.0,Newcastle,joe willock,ENG,MF,21.0,1999.0,29,24,2038,22.6,2,0,2,2,0,0,0,0,0.09,0.0,0.09,0.09,0.09,35,11,31.4,1.55,0.49,0.06,0.18,70,59.6,81.0,9,5,18.0,2,1.28,26,36,-10,-0.44,0.08,0,34,26,0,16,19,37,0,,,,,,,,,,,,,,,,Central Midfield,22.0,22000000.0
ENG-Premier League,2122.0,Newcastle,joelinton,BRA,"MF,FW",24.0,1996.0,35,30,2558,28.4,4,1,5,4,0,0,8,0,0.14,0.04,0.18,0.14,0.18,45,14,31.1,1.58,0.49,0.09,0.29,73,74.8,83.0,24,5,14.0,1,1.31,34,46,-12,-0.42,0.2,0,64,33,3,22,35,36,0,,,,,,,,,,,,,,,,Central Midfield,25.0,20000000.0
ENG-Premier League,2122.0,Newcastle,jonjo shelvey,ENG,MF,29.0,1992.0,24,22,1983,22.0,2,1,3,2,0,0,7,1,0.09,0.05,0.14,0.09,0.14,30,14,46.7,1.36,0.64,0.07,0.14,83,58.0,89.0,19,2,17.0,1,1.5,28,31,-3,-0.14,0.8,1,18,8,0,44,25,20,0,,,,,,,,,,,,,,,,Central Midfield,30.0,10000000.0
ENG-Premier League,2122.0,Newcastle,karl darlow,WAL,GK,30.0,1990.0,8,8,720,8.0,0,0,0,0,0,0,1,0,0.0,0.0,0.0,0.0,0.0,0,0,,0.0,0.0,,,90,21.1,90.0,8,0,,26,0.63,10,15,-5,-0.62,-0.19,0,1,1,0,0,1,0,0,15.0,1.87,39.0,24.0,61.5,0.0,5.0,3.0,0.0,0.0,2.0,2.0,0.0,0.0,0.0,Goalkeeper,31.0,2500000.0
ENG-Premier League,2122.0,Newcastle,kieran trippier,ENG,DF,30.0,1990.0,6,5,429,4.8,2,0,2,2,0,0,0,0,0.42,0.0,0.42,0.42,0.42,2,2,100.0,0.42,0.42,1.0,1.0,72,12.5,81.0,3,1,23.0,1,2.17,8,5,3,0.63,1.26,0,3,3,0,29,10,9,0,,,,,,,,,,,,,,,,Right-Back,31.0,15000000.0
ENG-Premier League,2122.0,Newcastle,martin dubravka,SVK,GK,32.0,1989.0,26,26,2340,26.0,0,0,0,0,0,0,1,0,0.0,0.0,0.0,0.0,0.0,0,0,,0.0,0.0,,,90,68.4,90.0,26,0,,3,1.65,29,35,-6,-0.23,0.77,0,0,5,0,0,1,1,0,35.0,1.35,108.0,73.0,67.6,13.0,4.0,9.0,8.0,30.8,1.0,1.0,0.0,0.0,0.0,Goalkeeper,33.0,4000000.0
ENG-Premier League,2122.0,Newcastle,matt ritchie,SCO,"DF,MF",31.0,1989.0,18,14,1337,14.9,0,2,2,0,0,0,5,0,0.0,0.13,0.13,0.0,0.13,10,1,10.0,0.67,0.07,0.0,0.0,74,39.1,88.0,13,4,25.0,12,0.67,15,36,-21,-1.41,-1.54,0,13,10,0,103,13,15,0,,,,,,,,,,,,,,,,Right Midfield,32.0,1800000.0
ENG-Premier League,2122.0,Newcastle,matt targett,ENG,DF,25.0,1995.0,16,16,1440,16.0,0,0,0,0,0,0,1,0,0.0,0.0,0.0,0.0,0.0,6,4,66.7,0.37,0.25,0.0,0.0,90,42.1,90.0,16,0,,0,1.94,22,19,3,0.19,1.14,0,9,12,1,73,23,29,0,,,,,,,,,,,,,,,,Left-Back,26.0,17000000.0
ENG-Premier League,2122.0,Newcastle,miguel almiron,PAR,"MF,FW",27.0,1994.0,30,19,1716,19.1,1,0,1,1,0,0,2,0,0.05,0.0,0.05,0.05,0.05,32,7,21.9,1.68,0.37,0.03,0.14,57,50.2,78.0,5,11,21.0,6,1.2,16,32,-16,-0.84,-0.73,0,17,25,9,23,20,29,0,,,,,,,,,,,,,,,,Right Winger,28.0,16000000.0
ENG-Premier League,2122.0,Newcastle,paul dummett,WAL,DF,29.0,1991.0,3,2,198,2.2,0,0,0,0,0,0,2,0,0.0,0.0,0.0,0.0,0.0,0,0,,0.0,0.0,,,66,5.8,76.0,1,1,46.0,13,2.33,1,1,0,0.0,0.5,0,3,3,0,3,3,3,0,,,,,,,,,,,,,,,,Left-Back,30.0,1500000.0
ENG-Premier League,2122.0,Newcastle,ryan fraser,SCO,"FW,MF",27.0,1994.0,27,18,1465,16.3,2,3,5,2,0,0,3,0,0.12,0.18,0.31,0.12,0.31,24,8,33.3,1.47,0.49,0.08,0.25,54,42.8,74.0,5,9,15.0,3,1.19,21,24,-3,-0.18,0.51,0,9,24,2,87,11,4,0,,,,,,,,,,,,,,,,Left Winger,28.0,10000000.0
ENG-Premier League,2122.0,Newcastle,sean longstaff,ENG,MF,23.0,1997.0,24,15,1464,16.3,1,1,2,1,0,0,1,0,0.06,0.06,0.12,0.06,0.12,15,2,13.3,0.92,0.12,0.07,0.5,61,42.8,86.0,12,9,20.0,13,1.29,19,29,-10,-0.61,-0.25,0,14,17,0,11,9,32,0,,,,,,,,,,,,,,,,Central Midfield,24.0,13000000.0
ENG-Premier League,2122.0,Norwich City,adam idah,IRL,"FW,MF",20.0,2001.0,17,6,625,6.9,1,1,2,1,0,0,0,0,0.14,0.14,0.29,0.14,0.29,14,4,28.6,2.02,0.58,0.07,0.25,37,18.3,83.0,3,11,12.0,6,0.76,7,11,-4,-0.58,1.26,0,7,10,10,13,2,7,0,,,,,,,,,,,,,,,,Centre-Forward,21.0,3000000.0
ENG-Premier League,2122.0,Norwich City,andrew omobamidele,IRL,DF,19.0,2002.0,5,4,382,4.2,1,0,1,1,0,0,1,0,0.24,0.0,0.24,0.24,0.24,2,1,50.0,0.47,0.24,0.5,1.0,76,11.2,90.0,4,1,22.0,9,0.6,3,9,-6,-1.41,0.22,0,3,5,0,0,5,5,0,,,,,,,,,,,,,,,,Centre-Back,20.0,1200000.0
ENG-Premier League,2122.0,Norwich City,angus gunn,SCO,GK,25.0,1996.0,9,9,810,9.0,0,0,0,0,0,0,0,0,0.0,0.0,0.0,0.0,0.0,0,0,,0.0,0.0,,,90,23.7,90.0,9,0,,29,0.56,6,22,-16,-1.78,-0.23,0,0,0,0,0,0,0,0,22.0,2.44,56.0,34.0,60.7,1.0,2.0,6.0,1.0,11.1,4.0,2.0,1.0,1.0,33.3,Goalkeeper,26.0,3000000.0
ENG-Premier League,2122.0,Norwich City,bali mumba,ENG,"DF,MF",19.0,2001.0,1,0,45,0.5,0,0,0,0,0,0,0,0,0.0,0.0,0.0,0.0,0.0,0,0,,0.0,0.0,,,45,1.3,,0,1,45.0,5,0.0,0,3,-3,-6.0,-4.45,0,0,0,0,0,0,1,0,,,,,,,,,,,,,,,,Left-Back,20.0,400000.0
ENG-Premier League,2122.0,Norwich City,ben gibson,ENG,DF,28.0,1993.0,28,28,2494,27.7,0,0,0,0,0,0,5,1,0.0,0.0,0.0,0.0,0.0,8,4,50.0,0.29,0.14,0.0,0.0,89,72.9,89.0,27,0,,7,0.79,20,55,-35,-1.26,1.26,1,12,9,0,2,28,17,0,,,,,,,,,,,,,,,,Centre-Back,29.0,6000000.0
ENG-Premier League,2122.0,Norwich City,billy gilmour,SCO,MF,20.0,2001.0,24,21,1855,20.6,0,1,1,0,0,0,2,0,0.0,0.05,0.05,0.0,0.05,18,3,16.7,0.87,0.15,0.0,0.0,77,54.2,86.0,15,3,16.0,7,0.33,8,52,-44,-2.13,-1.16,0,28,23,1,98,16,21,0,,,,,,,,,,,,,,,,Defensive Midfield,21.0,12000000.0
ENG-Premier League,2122.0,Norwich City,brandon williams,ENG,DF,20.0,2000.0,26,23,2120,23.6,0,1,1,0,0,0,8,0,0.0,0.04,0.04,0.0,0.04,4,1,25.0,0.17,0.04,0.0,0.0,82,62.0,88.0,19,3,32.0,6,0.69,16,52,-36,-1.53,0.2,0,22,44,0,14,40,36,0,,,,,,,,,,,,,,,,Left-Back,21.0,12000000.0
ENG-Premier League,2122.0,Norwich City,christoph zimmermann,GER,DF,28.0,1993.0,3,2,157,1.7,0,0,0,0,0,0,0,0,0.0,0.0,0.0,0.0,0.0,2,1,50.0,1.15,0.57,0.0,0.0,52,4.6,51.0,0,1,55.0,10,0.0,0,8,-8,-4.59,-3.12,0,1,2,0,0,1,3,0,,,,,,,,,,,,,,,,Centre-Back,29.0,1000000.0
ENG-Premier League,2122.0,Norwich City,christos tzolis,GRE,"MF,FW",19.0,2002.0,14,3,336,3.7,0,0,0,0,0,0,0,0,0.0,0.0,0.0,0.0,0.0,6,2,33.3,1.61,0.54,0.0,0.0,24,9.8,60.0,0,11,14.0,16,0.86,0,9,-9,-2.41,-0.89,0,2,4,2,8,1,3,0,,,,,,,,,,,,,,,,Left Winger,20.0,8000000.0
ENG-Premier League,2122.0,Norwich City,dimitris giannoulis,GRE,"DF,MF",25.0,1995.0,18,14,1169,13.0,0,1,1,0,0,0,2,0,0.0,0.08,0.08,0.0,0.08,2,1,50.0,0.15,0.08,0.0,0.0,65,34.2,80.0,10,4,13.0,19,0.78,5,27,-22,-1.69,-0.13,0,16,22,0,44,19,21,0,,,,,,,,,,,,,,,,,,
ENG-Premier League,2122.0,Norwich City,grant hanley,SCO,DF,29.0,1991.0,33,33,2897,32.2,1,0,1,1,0,0,2,0,0.03,0.0,0.03,0.03,0.03,20,4,20.0,0.62,0.12,0.05,0.25,88,84.7,88.0,31,0,,0,0.58,20,70,-50,-1.55,0.34,0,22,22,2,0,56,26,0,,,,,,,,,,,,,,,,Centre-Back,30.0,3500000.0
ENG-Premier League,2122.0,Norwich City,jakob srensen,DEN,"MF,DF",23.0,1998.0,10,6,604,6.7,0,0,0,0,0,0,0,0,0.0,0.0,0.0,0.0,0.0,5,1,20.0,0.75,0.15,0.0,0.0,60,17.7,78.0,5,4,34.0,17,0.7,2,18,-16,-2.38,-0.95,0,7,1,0,2,10,11,0,,,,,,,,,,,,,,,,,,
ENG-Premier League,2122.0,Norwich City,jonathan rowe,ENG,"FW,MF",18.0,2003.0,13,0,223,2.5,0,1,1,0,0,0,0,0,0.0,0.4,0.4,0.0,0.4,3,2,66.7,1.21,0.81,0.0,0.0,17,6.5,,0,13,17.0,8,0.23,2,5,-3,-1.21,0.42,0,4,7,1,4,2,2,0,,,,,,,,,,,,,,,,Left Winger,19.0,800000.0
ENG-Premier League,2122.0,Norwich City,josh sargent,USA,"FW,MF",21.0,2000.0,26,18,1572,17.5,2,1,3,2,0,0,1,0,0.11,0.06,0.17,0.11,0.17,23,3,13.0,1.32,0.17,0.09,0.67,60,46.0,79.0,5,8,19.0,0,0.62,11,33,-22,-1.26,0.64,0,9,23,4,11,10,17,0,,,,,,,,,,,,,,,,Centre-Forward,22.0,7000000.0
ENG-Premier League,2122.0,Norwich City,kenny mclean,SCO,MF,29.0,1992.0,31,29,2706,30.1,1,0,1,1,0,0,3,0,0.03,0.0,0.03,0.03,0.03,33,6,18.2,1.1,0.2,0.03,0.17,87,79.1,89.0,27,2,58.0,1,0.58,20,62,-42,-1.4,1.0,0,16,38,3,37,32,21,0,,,,,,,,,,,,,,,,Central Midfield,30.0,2500000.0
ENG-Premier League,2122.0,Norwich City,kieran dowell,ENG,MF,23.0,1997.0,19,11,912,10.1,1,1,2,1,0,0,0,0,0.1,0.1,0.2,0.1,0.2,8,2,25.0,0.79,0.2,0.13,0.5,48,26.7,75.0,3,8,11.0,17,0.47,8,24,-16,-1.58,0.04,0,19,3,0,37,7,7,0,,,,,,,,,,,,,,,,Attacking Midfield,24.0,2500000.0
ENG-Premier League,2122.0,Norwich City,lukas rupp,GER,MF,30.0,1991.0,19,7,769,8.5,0,0,0,0,0,0,0,0,0.0,0.0,0.0,0.0,0.0,12,2,16.7,1.4,0.23,0.0,0.0,40,22.5,69.0,2,12,24.0,7,0.58,3,16,-13,-1.52,0.11,0,7,7,0,3,10,5,0,,,,,,,,,,,,,,,,Attacking Midfield,31.0,1200000.0
ENG-Premier League,2122.0,Norwich City,mathias normann,NOR,MF,25.0,1996.0,23,20,1645,18.3,1,2,3,1,0,0,6,0,0.05,0.11,0.16,0.05,0.16,26,5,19.2,1.42,0.27,0.04,0.2,72,48.1,78.0,10,3,30.0,1,0.65,13,40,-27,-1.48,0.25,0,37,28,1,33,19,22,0,,,,,,,,,,,,,,,,Defensive Midfield,26.0,10000000.0
ENG-Premier League,2122.0,Norwich City,max aarons,ENG,DF,21.0,2000.0,34,32,2881,32.0,0,2,2,0,0,0,8,0,0.0,0.06,0.06,0.0,0.06,13,2,15.4,0.41,0.06,0.0,0.0,85,84.2,89.0,29,2,22.0,2,0.53,18,69,-51,-1.59,0.08,0,26,52,1,50,26,45,1,,,,,,,,,,,,,,,,Right-Back,22.0,22000000.0
ENG-Premier League,2122.0,Norwich City,milot rashica,KVX,"MF,FW",25.0,1996.0,31,25,2229,24.8,1,2,3,1,0,0,0,0,0.04,0.08,0.12,0.04,0.12,44,17,38.6,1.78,0.69,0.02,0.06,72,65.2,83.0,11,6,27.0,1,0.65,20,56,-36,-1.45,0.44,0,23,47,13,128,14,20,0,,,,,,,,,,,,,,,,Right Winger,26.0,7000000.0
ENG-Premier League,2122.0,Norwich City,ozan kabak,TUR,DF,21.0,2000.0,11,11,922,10.2,0,0,0,0,0,0,2,0,0.0,0.0,0.0,0.0,0.0,5,2,40.0,0.49,0.2,0.0,0.0,84,27.0,84.0,9,0,,8,0.18,4,25,-21,-2.05,-0.61,0,10,9,0,1,16,5,0,,,,,,,,,,,,,,,,Centre-Back,22.0,10000000.0
ENG-Premier League,2122.0,Norwich City,pierre lees melou,FRA,MF,28.0,1993.0,33,27,2265,25.2,1,0,1,1,0,0,5,0,0.04,0.0,0.04,0.04,0.04,33,9,27.3,1.31,0.36,0.03,0.11,69,66.2,79.0,15,6,21.0,4,0.55,17,55,-38,-1.51,0.28,0,35,23,2,34,23,36,0,,,,,,,,,,,,,,,,Defensive Midfield,29.0,5000000.0
ENG-Premier League,2122.0,Norwich City,przemysaw pacheta,POL,"MF,FW",23.0,1998.0,12,6,504,5.6,0,0,0,0,0,0,1,0,0.0,0.0,0.0,0.0,0.0,8,7,87.5,1.43,1.25,0.0,0.0,42,14.7,71.0,0,6,13.0,12,0.33,1,12,-11,-1.96,-0.42,0,1,6,0,23,2,3,0,,,,,,,,,,,,,,,,Left Winger,24.0,1800000.0
ENG-Premier League,2122.0,Norwich City,sam byram,ENG,DF,27.0,1993.0,15,11,1027,11.4,0,0,0,0,0,0,3,0,0.0,0.0,0.0,0.0,0.0,7,2,28.6,0.61,0.18,0.0,0.0,68,30.0,85.0,10,4,23.0,6,0.73,7,27,-20,-1.75,-0.21,0,12,4,0,9,21,15,0,,,,,,,,,,,,,,,,Left-Back,28.0,2000000.0
ENG-Premier League,2122.0,Norwich City,teemu pukki,FIN,FW,31.0,1990.0,37,37,3253,36.1,11,3,14,8,3,3,4,0,0.3,0.08,0.39,0.22,0.3,71,27,38.0,1.96,0.75,0.11,0.3,88,95.1,88.0,29,0,,0,0.59,22,79,-57,-1.58,0.58,0,31,25,12,13,4,11,0,,,,,,,,,,,,,,,,Centre-Forward,32.0,4000000.0
ENG-Premier League,2122.0,Norwich City,tim krul,NED,GK,33.0,1988.0,29,29,2610,29.0,0,0,0,0,0,0,1,0,0.0,0.0,0.0,0.0,0.0,0,0,,0.0,0.0,,,90,76.3,90.0,29,0,,3,0.59,17,62,-45,-1.55,0.23,0,0,0,0,0,0,1,1,62.0,2.14,159.0,104.0,61.0,4.0,5.0,20.0,5.0,17.2,9.0,7.0,1.0,1.0,12.5,Goalkeeper,34.0,2000000.0
ENG-Premier League,2122.0,Norwich City,todd cantwell,ENG,"FW,MF",23.0,1998.0,8,5,441,4.9,0,0,0,0,0,0,2,0,0.0,0.0,0.0,0.0,0.0,5,0,0.0,1.02,0.0,0.0,,55,12.9,74.0,2,3,24.0,4,0.38,2,15,-13,-2.65,-1.2,0,4,12,2,3,3,13,0,,,,,,,,,,,,,,,,Attacking Midfield,24.0,18000000.0
ENG-Premier League,2122.0,Norwich City,tony springett,IRL,MF,18.0,2002.0,3,1,141,1.6,0,0,0,0,0,0,1,0,0.0,0.0,0.0,0.0,0.0,1,1,100.0,0.64,0.64,0.0,0.0,47,4.1,66.0,0,2,38.0,3,0.0,0,6,-6,-3.83,-2.32,0,1,4,0,2,0,1,0,,,,,,,,,,,,,,,,Right Winger,19.0,
ENG-Premier League,2122.0,Southampton,adam armstrong,ENG,FW,24.0,1997.0,23,17,1413,15.7,2,2,4,2,0,0,1,0,0.13,0.13,0.25,0.13,0.25,47,14,29.8,2.99,0.89,0.04,0.14,61,41.3,80.0,10,6,10.0,14,0.87,12,31,-19,-1.21,-0.99,0,13,6,2,20,3,3,0,,,,,,,,,,,,,,,,Centre-Forward,25.0,15000000.0
ENG-Premier League,2122.0,Southampton,alex mccarthy,ENG,GK,31.0,1989.0,17,17,1530,17.0,0,0,0,0,0,0,1,0,0.0,0.0,0.0,0.0,0.0,0,0,,0.0,0.0,,,90,44.7,90.0,17,0,,1,0.94,16,27,-11,-0.65,-0.03,0,0,0,0,0,0,0,0,27.0,1.59,71.0,44.0,62.0,3.0,7.0,7.0,5.0,29.4,0.0,0.0,0.0,0.0,,Goalkeeper,32.0,3000000.0
ENG-Premier League,2122.0,Southampton,armando broja,ALB,FW,19.0,2001.0,32,21,1975,21.9,6,0,6,6,0,0,2,0,0.27,0.0,0.27,0.27,0.27,45,20,44.4,2.05,0.91,0.13,0.3,62,57.7,82.0,6,11,24.0,0,1.13,26,37,-11,-0.5,0.31,0,28,26,13,8,3,7,0,,,,,,,,,,,,,,,,Centre-Forward,20.0,22000000.0
ENG-Premier League,2122.0,Southampton,che adams,SCO,FW,25.0,1996.0,30,23,2039,22.7,7,3,10,7,0,0,0,0,0.31,0.13,0.44,0.31,0.44,49,24,49.0,2.16,1.06,0.14,0.29,68,59.6,82.0,13,7,22.0,4,1.03,25,40,-15,-0.66,-0.08,0,29,40,7,8,8,6,0,,,,,,,,,,,,,,,,Centre-Forward,25.0,18000000.0
ENG-Premier League,2122.0,Southampton,fraser forster,ENG,GK,33.0,1988.0,19,19,1710,19.0,0,0,0,0,0,0,1,0,0.0,0.0,0.0,0.0,0.0,0,0,,0.0,0.0,,,90,50.0,90.0,19,0,,14,1.21,25,35,-10,-0.53,0.21,0,0,3,0,0,0,0,0,35.0,1.84,103.0,68.0,66.0,6.0,5.0,8.0,3.0,15.8,2.0,2.0,0.0,0.0,0.0,Goalkeeper,34.0,2000000.0
ENG-Premier League,2122.0,Southampton,ibrahima diallo,FRA,MF,22.0,1999.0,23,10,1023,11.4,0,2,2,0,0,0,1,0,0.0,0.18,0.18,0.0,0.18,8,4,50.0,0.7,0.35,0.0,0.0,44,29.9,81.0,7,13,17.0,12,1.13,13,21,-8,-0.7,-0.1,0,8,15,0,8,7,11,0,,,,,,,,,,,,,,,,Defensive Midfield,23.0,10000000.0
ENG-Premier League,2122.0,Southampton,jack stephens,ENG,DF,27.0,1994.0,11,9,811,9.0,0,0,0,0,0,0,3,0,0.0,0.0,0.0,0.0,0.0,0,0,,0.0,0.0,,,74,23.7,84.0,8,2,28.0,11,0.73,8,19,-11,-1.22,-0.77,0,8,2,0,0,19,12,0,,,,,,,,,,,,,,,,Centre-Back,28.0,7000000.0
ENG-Premier League,2122.0,Southampton,james ward prowse,ENG,MF,26.0,1994.0,36,36,3215,35.7,10,5,15,6,4,4,3,1,0.28,0.14,0.42,0.17,0.31,55,24,43.6,1.54,0.67,0.11,0.25,89,94.0,89.0,34,0,,0,1.0,40,63,-23,-0.64,-0.2,0,23,15,0,299,39,25,0,,,,,,,,,,,,,,,,Central Midfield,27.0,32000000.0
ENG-Premier League,2122.0,Southampton,jan bednarek,POL,DF,25.0,1996.0,31,30,2629,29.2,4,0,4,4,0,0,10,0,0.14,0.0,0.14,0.14,0.14,19,7,36.8,0.65,0.24,0.21,0.57,85,76.9,86.0,26,1,45.0,6,1.16,33,52,-19,-0.65,-0.08,0,30,15,1,1,73,16,1,,,,,,,,,,,,,,,,Centre-Back,26.0,22000000.0
ENG-Premier League,2122.0,Southampton,kyle walker peters,ENG,DF,24.0,1997.0,32,29,2633,29.3,1,2,3,1,0,0,5,0,0.03,0.07,0.1,0.03,0.1,26,7,26.9,0.89,0.24,0.04,0.14,82,77.0,89.0,27,3,16.0,5,1.0,33,49,-16,-0.55,0.37,0,27,47,3,50,37,39,0,,,,,,,,,,,,,,,,Right-Back,25.0,22000000.0
ENG-Premier League,2122.0,Southampton,lyanco,BRA,DF,24.0,1997.0,15,9,911,10.1,0,0,0,0,0,0,2,0,0.0,0.0,0.0,0.0,0.0,6,1,16.7,0.59,0.1,0.0,0.0,61,26.6,90.0,9,6,17.0,9,1.07,11,20,-9,-0.89,-0.35,0,13,7,0,4,14,15,0,,,,,,,,,,,,,,,,Centre-Back,25.0,5000000.0
ENG-Premier League,2122.0,Southampton,mohamed elyounoussi,NOR,MF,26.0,1994.0,30,23,2042,22.7,4,2,6,4,0,0,4,0,0.18,0.09,0.26,0.18,0.26,43,19,44.2,1.9,0.84,0.09,0.21,68,59.7,82.0,12,7,23.0,5,1.1,24,35,-11,-0.48,0.36,0,28,18,1,29,12,17,0,,,,,,,,,,,,,,,,Second Striker,27.0,12000000.0
ENG-Premier League,2122.0,Southampton,mohammed salisu,GHA,DF,22.0,1999.0,34,33,2972,33.0,0,0,0,0,0,0,10,1,0.0,0.0,0.0,0.0,0.0,24,10,41.7,0.73,0.3,0.0,0.0,87,86.9,88.0,32,1,54.0,2,1.09,42,57,-15,-0.45,1.35,1,38,7,2,13,76,46,1,,,,,,,,,,,,,,,,Centre-Back,23.0,18000000.0
ENG-Premier League,2122.0,Southampton,moussa djenepo,MLI,MF,23.0,1998.0,12,5,457,5.1,0,0,0,0,0,0,3,0,0.0,0.0,0.0,0.0,0.0,11,1,9.1,2.17,0.2,0.0,0.0,38,13.4,73.0,2,7,13.0,10,1.08,4,10,-6,-1.18,-0.63,0,9,10,0,6,2,4,0,,,,,,,,,,,,,,,,Left Winger,24.0,10000000.0
ENG-Premier League,2122.0,Southampton,nathan redmond,ENG,"MF,FW",27.0,1994.0,27,20,1833,20.4,1,5,6,1,0,0,0,0,0.05,0.25,0.29,0.05,0.29,26,9,34.6,1.28,0.44,0.04,0.11,68,53.6,84.0,14,7,21.0,3,0.93,25,33,-8,-0.39,0.51,0,16,15,3,62,7,11,0,,,,,,,,,,,,,,,,Right Winger,28.0,18000000.0
ENG-Premier League,2122.0,Southampton,nathan tella,NGA,"MF,FW",22.0,1999.0,14,10,804,8.9,0,1,1,0,0,0,2,0,0.0,0.11,0.11,0.0,0.11,12,5,41.7,1.34,0.56,0.0,0.0,57,23.5,74.0,1,4,15.0,14,0.79,14,18,-4,-0.45,0.24,0,17,22,3,12,7,9,0,,,,,,,,,,,,,,,,Right Winger,22.0,1800000.0
ENG-Premier League,2122.0,Southampton,oriol romeu,ESP,MF,29.0,1991.0,36,34,2889,32.1,2,2,4,2,0,0,9,0,0.06,0.06,0.12,0.06,0.12,24,4,16.7,0.75,0.12,0.08,0.5,80,84.5,84.0,21,2,14.0,1,1.08,40,52,-12,-0.37,1.66,0,46,24,0,13,50,43,0,,,,,,,,,,,,,,,,Defensive Midfield,30.0,5000000.0
ENG-Premier League,2122.0,Southampton,romain perraud,FRA,"DF,MF",23.0,1997.0,20,18,1623,18.0,0,1,1,0,0,0,3,0,0.0,0.06,0.06,0.0,0.06,19,3,15.8,1.05,0.17,0.0,0.0,81,47.5,87.0,14,2,30.0,15,1.0,21,33,-12,-0.67,-0.06,0,31,16,0,68,17,21,0,,,,,,,,,,,,,,,,Left-Back,24.0,8000000.0
ENG-Premier League,2122.0,Southampton,shane long,IRL,FW,34.0,1987.0,13,3,308,3.4,1,0,1,1,0,0,1,0,0.29,0.0,0.29,0.29,0.29,9,5,55.6,2.63,1.46,0.11,0.2,24,9.0,71.0,0,10,10.0,18,1.23,6,5,1,0.29,1.02,0,9,8,3,1,0,4,0,,,,,,,,,,,,,,,,Centre-Forward,35.0,800000.0
ENG-Premier League,2122.0,Southampton,stuart armstrong,SCO,"MF,FW",29.0,1992.0,25,15,1473,16.4,2,0,2,2,0,0,1,0,0.12,0.0,0.12,0.12,0.12,38,9,23.7,2.32,0.55,0.05,0.22,59,43.1,84.0,8,10,21.0,2,1.32,16,30,-14,-0.86,-0.39,0,11,20,1,35,8,18,0,,,,,,,,,,,,,,,,Central Midfield,30.0,6000000.0
ENG-Premier League,2122.0,Southampton,theo walcott,ENG,MF,32.0,1989.0,9,5,379,4.2,0,0,0,0,0,0,0,0,0.0,0.0,0.0,0.0,0.0,6,0,0.0,1.42,0.0,0.0,,42,11.1,66.0,0,4,12.0,14,1.33,7,8,-1,-0.24,0.44,0,1,6,2,5,6,2,0,,,,,,,,,,,,,,,,Right Winger,33.0,1800000.0
ENG-Premier League,2122.0,Southampton,tino livramento,ENG,DF,18.0,2002.0,28,25,2202,24.5,1,1,2,1,0,0,2,0,0.04,0.04,0.08,0.04,0.08,12,3,25.0,0.49,0.12,0.08,0.33,79,64.4,87.0,22,3,10.0,0,1.14,25,42,-17,-0.69,-0.18,0,12,36,1,62,47,30,0,,,,,,,,,,,,,,,,Right-Back,19.0,25000000.0
ENG-Premier League,2122.0,Southampton,william smallbone,IRL,"MF,FW",21.0,2000.0,4,2,133,1.5,0,0,0,0,0,0,0,0,0.0,0.0,0.0,0.0,0.0,1,0,0.0,0.68,0.0,0.0,,33,3.9,57.0,0,2,10.0,12,0.25,3,5,-2,-1.35,-0.75,0,2,1,0,4,2,4,0,,,,,,,,,,,,,,,,,,
ENG-Premier League,2122.0,Southampton,willy caballero,ARG,GK,39.0,1981.0,2,2,180,2.0,0,0,0,0,0,0,1,0,0.0,0.0,0.0,0.0,0.0,0,0,,0.0,0.0,,,90,5.3,90.0,2,0,,19,0.5,2,5,-3,-1.5,-0.92,0,0,0,0,0,0,0,0,5.0,2.5,11.0,6.0,54.5,0.0,1.0,1.0,0.0,0.0,0.0,0.0,0.0,0.0,,Goalkeeper,40.0,250000.0
ENG-Premier League,2122.0,Southampton,yan valery,TUN,DF,22.0,1999.0,5,3,370,4.1,0,0,0,0,0,0,0,0,0.0,0.0,0.0,0.0,0.0,2,0,0.0,0.49,0.0,0.0,,74,10.8,90.0,3,2,50.0,29,0.8,2,7,-5,-1.22,-0.66,0,3,3,0,4,7,6,0,,,,,,,,,,,,,,,,Right-Back,23.0,2500000.0
ENG-Premier League,2122.0,Tottenham,ben davies,WAL,DF,28.0,1993.0,29,28,2538,28.2,1,1,2,1,0,0,6,0,0.04,0.04,0.07,0.04,0.07,18,7,38.9,0.64,0.25,0.06,0.14,88,74.2,90.0,26,1,31.0,8,1.83,57,30,27,0.96,0.75,0,31,18,5,18,30,21,0,,,,,,,,,,,,,,,,Centre-Back,29.0,20000000.0
ENG-Premier League,2122.0,Tottenham,bryan gil,ESP,"FW,MF",20.0,2001.0,9,0,94,1.0,0,0,0,0,0,0,0,0,0.0,0.0,0.0,0.0,0.0,1,1,100.0,0.96,0.96,0.0,0.0,10,2.7,,0,9,10.0,7,1.44,2,1,1,0.96,0.2,0,1,4,0,6,0,0,0,,,,,,,,,,,,,,,,Left Winger,21.0,18000000.0
ENG-Premier League,2122.0,Tottenham,cristian romero,ARG,DF,23.0,1998.0,22,21,1844,20.5,1,0,1,1,0,0,8,0,0.05,0.0,0.05,0.05,0.05,6,2,33.3,0.29,0.1,0.17,0.5,84,53.9,88.0,19,1,1.0,2,1.64,38,25,13,0.63,-0.28,0,28,15,2,0,32,41,0,,,,,,,,,,,,,,,,Centre-Back,24.0,48000000.0
ENG-Premier League,2122.0,Tottenham,dane scarlett,ENG,FW,17.0,2004.0,1,0,4,0.0,0,0,0,0,0,0,0,0,0.0,0.0,0.0,0.0,0.0,0,0,,0.0,0.0,,,4,0.1,,0,1,4.0,23,3.0,0,0,0,0.0,-0.76,0,0,0,0,0,0,0,0,,,,,,,,,,,,,,,,Centre-Forward,18.0,250000.0
ENG-Premier League,2122.0,Tottenham,davinson sanchez,COL,DF,25.0,1996.0,23,17,1631,18.1,2,0,2,2,0,0,4,0,0.11,0.0,0.11,0.11,0.11,13,3,23.1,0.72,0.17,0.15,0.67,71,47.7,90.0,17,6,17.0,14,2.0,33,16,17,0.94,0.33,0,16,12,1,2,29,22,0,,,,,,,,,,,,,,,,Centre-Back,26.0,28000000.0
ENG-Premier League,2122.0,Tottenham,dejan kulusevski,SWE,"MF,FW",21.0,2000.0,18,14,1261,14.0,5,8,13,5,0,0,3,0,0.36,0.57,0.93,0.36,0.93,26,10,38.5,1.86,0.71,0.19,0.5,70,36.9,81.0,4,4,32.0,0,1.94,35,11,24,1.71,1.5,0,20,15,4,25,13,12,0,,,,,,,,,,,,,,,,Attacking Midfield,22.0,40000000.0
ENG-Premier League,2122.0,Tottenham,dele alli,ENG,MF,25.0,1996.0,10,8,657,7.3,1,0,1,0,1,1,1,0,0.14,0.0,0.14,0.0,0.0,4,3,75.0,0.55,0.41,0.0,0.0,66,19.2,80.0,5,2,11.0,9,1.4,6,13,-7,-0.96,-2.13,0,12,11,2,5,6,8,0,,,,,,,,,,,,,,,,Attacking Midfield,26.0,16000000.0
ENG-Premier League,2122.0,Tottenham,emerson,BRA,"MF,DF",22.0,1999.0,31,26,2286,25.4,1,1,2,1,0,0,5,0,0.04,0.04,0.08,0.04,0.08,15,4,26.7,0.59,0.16,0.07,0.25,74,66.8,85.0,17,5,16.0,3,1.81,43,26,17,0.67,-0.28,0,28,45,2,74,24,44,0,,,,,,,,,,,,,,,,,,
ENG-Premier League,2122.0,Tottenham,eric dier,ENG,DF,27.0,1994.0,35,35,3071,34.1,0,0,0,0,0,0,1,0,0.0,0.0,0.0,0.0,0.0,13,5,38.5,0.38,0.15,0.0,0.0,88,89.8,88.0,34,0,,0,1.94,64,30,34,1.0,2.29,0,12,9,0,2,26,8,1,,,,,,,,,,,,,,,,Centre-Back,28.0,28000000.0
ENG-Premier League,2122.0,Tottenham,giovani lo celso,ARG,MF,25.0,1996.0,9,2,238,2.6,0,0,0,0,0,0,0,0,0.0,0.0,0.0,0.0,0.0,9,1,11.1,3.4,0.38,0.0,0.0,26,7.0,67.0,0,7,15.0,4,1.78,3,5,-2,-0.76,-1.63,0,2,6,1,10,0,4,0,,,,,,,,,,,,,,,,Attacking Midfield,26.0,22000000.0
ENG-Premier League,2122.0,Tottenham,harry kane,ENG,FW,28.0,1993.0,37,36,3232,35.9,17,9,26,13,4,4,5,0,0.47,0.25,0.72,0.36,0.61,133,55,41.4,3.7,1.53,0.1,0.24,87,94.5,89.0,35,1,19.0,0,1.84,66,40,26,0.72,-0.71,0,42,54,17,37,2,5,0,,,,,,,,,,,,,,,,Centre-Forward,28.0,90000000.0
ENG-Premier League,2122.0,Tottenham,harry winks,ENG,MF,25.0,1996.0,19,9,912,10.1,0,1,1,0,0,0,2,0,0.0,0.1,0.1,0.0,0.1,3,1,33.3,0.3,0.1,0.0,0.0,48,26.7,84.0,6,10,15.0,16,1.58,15,15,0,0.0,-1.04,0,11,13,0,26,13,10,0,,,,,,,,,,,,,,,,Defensive Midfield,26.0,15000000.0
ENG-Premier League,2122.0,Tottenham,hugo lloris,FRA,GK,34.0,1986.0,38,38,3420,38.0,0,0,0,0,0,0,2,0,0.0,0.0,0.0,0.0,0.0,0,0,,0.0,0.0,,,90,100.0,90.0,38,0,,0,1.87,69,40,29,0.76,,0,0,2,0,0,1,1,0,40.0,1.05,137.0,97.0,70.8,22.0,5.0,11.0,16.0,42.1,2.0,2.0,0.0,0.0,0.0,Goalkeeper,35.0,7000000.0
ENG-Premier League,2122.0,Tottenham,japhet tanganga,ENG,"DF,MF",22.0,1999.0,11,10,735,8.2,0,0,0,0,0,0,4,1,0.0,0.0,0.0,0.0,0.0,7,2,28.6,0.86,0.24,0.0,0.0,67,21.5,73.0,4,1,8.0,7,2.18,11,8,3,0.37,-0.5,1,19,8,1,10,9,9,0,,,,,,,,,,,,,,,,Centre-Back,23.0,12000000.0
ENG-Premier League,2122.0,Tottenham,joe rodon,WAL,DF,23.0,1997.0,3,0,89,1.0,0,0,0,0,0,0,0,0,0.0,0.0,0.0,0.0,0.0,0,0,,0.0,0.0,,,30,2.6,,0,3,30.0,29,2.0,0,3,-3,-3.03,-3.9,0,0,1,0,0,0,0,0,,,,,,,,,,,,,,,,Centre-Back,24.0,8000000.0
ENG-Premier League,2122.0,Tottenham,lucas moura,BRA,"MF,FW",28.0,1992.0,34,19,1775,19.7,2,6,8,2,0,0,4,0,0.1,0.3,0.41,0.1,0.41,37,11,29.7,1.88,0.56,0.05,0.18,52,51.9,80.0,6,15,17.0,2,1.88,29,21,8,0.41,-0.74,0,20,37,3,33,16,10,0,,,,,,,,,,,,,,,,Right Winger,29.0,20000000.0
ENG-Premier League,2122.0,Tottenham,matt doherty,IRL,MF,29.0,1992.0,15,9,875,9.7,2,4,6,2,0,0,0,0,0.21,0.41,0.62,0.21,0.62,16,6,37.5,1.65,0.62,0.13,0.33,58,25.6,80.0,6,6,26.0,13,2.13,27,11,16,1.65,1.19,0,11,5,0,20,13,11,0,,,,,,,,,,,,,,,,Right-Back,30.0,12000000.0
ENG-Premier League,2122.0,Tottenham,oliver skipp,ENG,MF,20.0,2000.0,18,14,1350,15.0,0,0,0,0,0,0,6,0,0.0,0.0,0.0,0.0,0.0,4,1,25.0,0.27,0.07,0.0,0.0,75,39.5,87.0,12,4,34.0,1,1.78,21,13,8,0.53,-0.38,0,16,16,1,7,13,21,0,,,,,,,,,,,,,,,,Defensive Midfield,21.0,18000000.0
ENG-Premier League,2122.0,Tottenham,pierre hjbjerg,DEN,MF,25.0,1995.0,36,36,3196,35.5,2,2,4,2,0,0,3,0,0.06,0.06,0.11,0.06,0.11,31,11,35.5,0.87,0.31,0.06,0.18,89,93.5,89.0,33,0,,1,1.94,66,34,32,0.9,2.11,0,28,38,0,18,46,42,0,,,,,,,,,,,,,,,,,,
ENG-Premier League,2122.0,Tottenham,rodrigo bentancur,URU,MF,24.0,1997.0,17,16,1361,15.1,0,4,4,0,0,0,5,0,0.0,0.26,0.26,0.0,0.26,14,2,14.3,0.93,0.13,0.0,0.0,80,39.8,83.0,10,1,31.0,0,1.88,36,12,24,1.59,1.37,0,22,13,0,9,21,19,0,,,,,,,,,,,,,,,,Defensive Midfield,25.0,28000000.0
ENG-Premier League,2122.0,Tottenham,ryan sessegnon,ENG,MF,21.0,2000.0,15,13,1047,11.6,0,2,2,0,0,0,2,0,0.0,0.17,0.17,0.0,0.17,6,1,16.7,0.52,0.09,0.0,0.0,70,30.6,74.0,4,2,41.0,7,2.0,26,10,16,1.38,0.88,0,19,7,5,38,7,21,0,,,,,,,,,,,,,,,,Left-Back,22.0,18000000.0
ENG-Premier League,2122.0,Tottenham,sergio reguilon,ESP,"MF,DF",24.0,1996.0,25,22,1916,21.3,2,3,5,2,0,0,4,0,0.09,0.14,0.23,0.09,0.23,21,9,42.9,0.99,0.42,0.1,0.22,77,56.0,82.0,13,3,40.0,6,1.92,32,25,7,0.33,-0.99,0,21,24,1,85,28,25,0,,,,,,,,,,,,,,,,Left-Back,25.0,25000000.0
ENG-Premier League,2122.0,Tottenham,son heung min,KOR,"MF,FW",29.0,1992.0,35,35,3006,33.4,23,7,30,23,0,0,2,0,0.69,0.21,0.9,0.69,0.9,86,49,57.0,2.57,1.47,0.27,0.47,86,87.9,86.0,20,0,,0,1.94,65,30,35,1.05,2.35,0,14,36,16,193,12,7,0,,,,,,,,,,,,,,,,,,
ENG-Premier League,2122.0,Tottenham,steven bergwijn,NED,"MF,FW",23.0,1997.0,25,4,565,6.3,3,1,4,3,0,0,1,0,0.48,0.16,0.64,0.48,0.64,19,10,52.6,3.03,1.59,0.16,0.3,23,16.5,81.0,1,21,12.0,7,1.96,9,6,3,0.48,-0.34,0,10,9,1,8,1,3,0,,,,,,,,,,,,,,,,Left Winger,24.0,18000000.0
ENG-Premier League,2122.0,Tottenham,tanguy ndombele,FRA,MF,24.0,1996.0,9,6,484,5.4,1,1,2,1,0,0,1,0,0.19,0.19,0.37,0.19,0.37,9,3,33.3,1.67,0.56,0.11,0.33,54,14.2,74.0,1,3,14.0,6,1.22,6,11,-5,-0.93,-1.97,0,3,9,0,3,1,7,0,,,,,,,,,,,,,,,,Central Midfield,25.0,30000000.0
ENG-Premier League,2122.0,Watford,adam masina,MAR,DF,27.0,1994.0,15,13,1077,12.0,0,1,1,0,0,0,0,0,0.0,0.08,0.08,0.0,0.08,5,0,0.0,0.42,0.0,0.0,,72,31.5,80.0,11,2,16.0,18,0.67,17,26,-9,-0.75,0.55,0,14,4,0,31,19,12,0,,,,,,,,,,,,,,,,Centre-Back,28.0,3000000.0
ENG-Premier League,2122.0,Watford,ashley fletcher,ENG,FW,25.0,1995.0,3,0,30,0.3,0,0,0,0,0,0,0,0,0.0,0.0,0.0,0.0,0.0,2,1,50.0,6.0,3.0,0.0,0.0,10,0.9,,0,3,10.0,14,0.0,0,0,0,0.0,1.14,0,1,0,0,1,0,1,0,,,,,,,,,,,,,,,,Centre-Forward,26.0,2000000.0
ENG-Premier League,2122.0,Watford,ben foster,ENG,GK,38.0,1983.0,26,26,2340,26.0,0,1,1,0,0,0,0,0,0.0,0.04,0.04,0.0,0.04,0,0,,0.0,0.0,,,90,68.4,90.0,26,0,,2,0.77,24,49,-25,-0.96,0.54,0,1,3,0,0,0,0,0,49.0,1.88,118.0,69.0,58.5,5.0,5.0,16.0,4.0,15.4,4.0,3.0,1.0,0.0,25.0,Goalkeeper,39.0,300000.0
ENG-Premier League,2122.0,Watford,christian kabasele,BEL,DF,30.0,1991.0,16,12,1193,13.3,0,0,0,0,0,0,0,0,0.0,0.0,0.0,0.0,0.0,7,0,0.0,0.53,0.0,0.0,,75,34.9,90.0,12,4,28.0,15,0.69,10,30,-20,-1.51,-0.58,0,5,3,0,1,14,5,0,,,,,,,,,,,,,,,,Centre-Back,31.0,3000000.0
ENG-Premier League,2122.0,Watford,craig cathcart,NIR,DF,32.0,1989.0,31,27,2396,26.6,0,1,1,0,0,0,3,0,0.0,0.04,0.04,0.0,0.04,3,0,0.0,0.11,0.0,0.0,,77,70.1,88.0,24,4,8.0,4,0.74,28,55,-27,-1.01,0.39,0,12,4,0,4,25,15,0,,,,,,,,,,,,,,,,Centre-Back,33.0,1200000.0
ENG-Premier League,2122.0,Watford,cucho,COL,"MF,FW",22.0,1999.0,25,11,1147,12.7,5,2,7,5,0,0,3,0,0.39,0.16,0.55,0.39,0.55,33,11,33.3,2.59,0.86,0.15,0.45,46,33.5,75.0,5,14,23.0,7,0.68,19,34,-15,-1.18,-0.07,0,12,12,1,54,7,5,1,,,,,,,,,,,,,,,,,,
ENG-Premier League,2122.0,Watford,dan gosling,ENG,MF,31.0,1990.0,4,2,166,1.8,1,0,1,1,0,0,0,0,0.54,0.0,0.54,0.54,0.54,2,1,50.0,1.08,0.54,0.5,1.0,42,4.9,68.0,1,2,16.0,14,1.0,2,6,-4,-2.17,-1.09,0,2,5,0,1,1,1,0,,,,,,,,,,,,,,,,Central Midfield,32.0,1000000.0
ENG-Premier League,2122.0,Watford,daniel bachmann,AUT,GK,27.0,1994.0,12,12,1080,12.0,0,0,0,0,0,0,0,0,0.0,0.0,0.0,0.0,0.0,0,0,,0.0,0.0,,,90,31.6,90.0,12,0,,25,0.25,10,28,-18,-1.5,-0.54,0,1,1,0,0,1,0,0,28.0,2.33,75.0,47.0,62.7,1.0,0.0,11.0,0.0,0.0,3.0,3.0,0.0,0.0,0.0,Goalkeeper,27.0,2500000.0
ENG-Premier League,2122.0,Watford,danny rose,ENG,DF,31.0,1990.0,8,7,689,7.7,0,0,0,0,0,0,4,0,0.0,0.0,0.0,0.0,0.0,4,1,25.0,0.52,0.13,0.0,0.0,86,20.1,87.0,6,1,79.0,7,0.5,5,16,-11,-1.44,-0.38,0,10,14,0,26,14,14,0,,,,,,,,,,,,,,,,Left-Back,31.0,2200000.0
ENG-Premier League,2122.0,Watford,edo kayembe,COD,MF,23.0,1998.0,13,9,799,8.9,0,0,0,0,0,0,0,0,0.0,0.0,0.0,0.0,0.0,6,0,0.0,0.68,0.0,0.0,,61,23.4,80.0,4,4,20.0,7,0.23,3,17,-14,-1.58,-0.58,0,3,5,1,8,9,14,0,,,,,,,,,,,,,,,,Central Midfield,24.0,3000000.0
ENG-Premier League,2122.0,Watford,emmanuel dennis,NGA,"FW,MF",23.0,1997.0,33,30,2581,28.7,10,6,16,10,0,0,9,1,0.35,0.21,0.56,0.35,0.56,60,26,43.3,2.09,0.91,0.17,0.38,78,75.5,83.0,17,3,31.0,0,0.64,28,59,-31,-1.08,0.21,1,58,40,12,40,15,34,0,,,,,,,,,,,,,,,,Centre-Forward,24.0,14000000.0
ENG-Premier League,2122.0,Watford,francisco sierralta,CHI,DF,24.0,1997.0,5,5,427,4.7,0,0,0,0,0,0,0,0,0.0,0.0,0.0,0.0,0.0,1,1,100.0,0.21,0.21,0.0,0.0,85,12.5,85.0,4,0,,11,0.0,1,9,-8,-1.69,-0.63,0,4,3,0,0,6,3,1,,,,,,,,,,,,,,,,Centre-Back,25.0,1500000.0
ENG-Premier League,2122.0,Watford,hassane kamara,CIV,DF,27.0,1994.0,19,18,1623,18.0,1,0,1,1,0,0,5,1,0.06,0.0,0.06,0.06,0.06,5,1,20.0,0.28,0.06,0.2,1.0,85,47.5,88.0,15,1,45.0,0,0.47,10,36,-26,-1.44,-0.59,1,24,14,0,23,69,34,0,,,,,,,,,,,,,,,,Left-Back,28.0,4000000.0
ENG-Premier League,2122.0,Watford,imran louza,MAR,MF,22.0,1999.0,20,17,1416,15.7,0,0,0,0,0,0,6,0,0.0,0.0,0.0,0.0,0.0,17,4,23.5,1.08,0.25,0.0,0.0,71,41.4,77.0,8,3,37.0,9,0.5,12,38,-26,-1.65,-0.89,0,24,14,0,54,42,22,0,,,,,,,,,,,,,,,,Central Midfield,23.0,9000000.0
ENG-Premier League,2122.0,Watford,ismaila sarr,SEN,"MF,FW",23.0,1998.0,22,21,1861,20.7,5,2,7,5,0,1,2,0,0.24,0.1,0.34,0.24,0.34,39,17,43.6,1.89,0.82,0.13,0.29,85,54.4,86.0,17,1,45.0,0,0.77,15,40,-25,-1.21,-0.17,0,17,47,12,60,9,7,0,,,,,,,,,,,,,,,,Right Winger,24.0,27000000.0
ENG-Premier League,2122.0,Watford,jeremy ngakia,,DF,20.0,2000.0,16,9,903,10.0,0,0,0,0,0,0,0,0,0.0,0.0,0.0,0.0,0.0,5,0,0.0,0.5,0.0,0.0,,56,26.4,81.0,5,7,24.0,17,0.63,8,19,-11,-1.1,0.05,0,10,6,0,25,16,19,0,,,,,,,,,,,,,,,,Right-Back,21.0,3500000.0
ENG-Premier League,2122.0,Watford,joshua king,NOR,"FW,MF",29.0,1992.0,32,27,2248,25.0,5,3,8,4,1,1,5,0,0.2,0.12,0.32,0.16,0.28,49,17,34.7,1.96,0.68,0.08,0.24,70,65.7,81.0,20,5,12.0,1,0.59,23,47,-24,-0.96,0.5,0,42,21,8,13,8,14,0,,,,,,,,,,,,,,,,Centre-Forward,30.0,8000000.0
ENG-Premier League,2122.0,Watford,joao pedro,BRA,"FW,MF",19.0,2001.0,28,15,1644,18.3,3,1,4,3,0,0,1,0,0.16,0.05,0.22,0.16,0.22,47,16,34.0,2.57,0.88,0.06,0.19,59,48.1,84.0,10,13,29.0,1,0.46,19,35,-16,-0.88,0.49,0,15,30,6,24,12,15,0,,,,,,,,,,,,,,,,Centre-Forward,20.0,14000000.0
ENG-Premier League,2122.0,Watford,juraj kucka,SVK,MF,34.0,1987.0,26,22,1920,21.3,1,1,2,1,0,0,5,1,0.05,0.05,0.09,0.05,0.09,46,11,23.9,2.16,0.52,0.02,0.09,74,56.1,84.0,15,4,19.0,2,0.62,18,34,-16,-0.75,0.87,1,46,49,2,15,30,40,1,,,,,,,,,,,,,,,,Central Midfield,35.0,1800000.0
ENG-Premier League,2122.0,Watford,ken sema,SWE,"MF,FW",27.0,1993.0,18,7,852,9.5,0,0,0,0,0,0,1,0,0.0,0.0,0.0,0.0,0.0,3,1,33.3,0.32,0.11,0.0,0.0,47,24.9,87.0,4,11,22.0,13,0.83,6,15,-9,-0.95,0.24,0,15,7,0,31,6,6,0,,,,,,,,,,,,,,,,Left-Back,28.0,2500000.0
ENG-Premier League,2122.0,Watford,kiko femenia,ESP,DF,30.0,1991.0,27,26,2142,23.8,0,5,5,0,0,0,2,0,0.0,0.21,0.21,0.0,0.21,3,1,33.3,0.13,0.04,0.0,0.0,79,62.6,81.0,17,1,25.0,0,0.56,21,49,-28,-1.18,-0.12,0,12,13,2,105,37,23,0,,,,,,,,,,,,,,,,Right-Back,31.0,2500000.0
ENG-Premier League,2122.0,Watford,moussa sissoko,FRA,MF,31.0,1989.0,36,36,3220,35.8,2,1,3,2,0,0,5,0,0.06,0.03,0.08,0.06,0.08,25,8,32.0,0.7,0.22,0.08,0.25,89,94.2,89.0,35,0,,0,0.56,31,73,-42,-1.17,-0.72,0,36,12,2,26,34,27,0,,,,,,,,,,,,,,,,Central Midfield,32.0,4500000.0
ENG-Premier League,2122.0,Watford,nicolas nkoulou,CMR,DF,31.0,1990.0,3,2,168,1.9,0,0,0,0,0,0,0,0,0.0,0.0,0.0,0.0,0.0,0,0,,0.0,0.0,,,56,4.9,77.0,1,1,15.0,2,2.0,6,2,4,2.14,3.44,0,1,0,0,0,2,0,0,,,,,,,,,,,,,,,,,,
ENG-Premier League,2122.0,Watford,oghenekaro etebo,NGA,MF,25.0,1995.0,9,4,401,4.5,0,0,0,0,0,0,3,0,0.0,0.0,0.0,0.0,0.0,3,0,0.0,0.67,0.0,0.0,,45,11.7,87.0,3,5,11.0,3,0.89,3,8,-5,-1.12,0.01,0,8,3,0,2,5,6,0,,,,,,,,,,,,,,,,,,
ENG-Premier League,2122.0,Watford,ozan tufan,TUR,MF,26.0,1995.0,7,4,334,3.7,0,0,0,0,0,0,0,0,0.0,0.0,0.0,0.0,0.0,3,0,0.0,0.81,0.0,0.0,,48,9.8,61.0,0,3,30.0,9,0.57,4,9,-5,-1.35,-0.24,0,9,0,1,7,2,2,0,,,,,,,,,,,,,,,,Central Midfield,27.0,3800000.0
ENG-Premier League,2122.0,Watford,samir santos,BRA,DF,26.0,1994.0,19,19,1673,18.6,0,0,0,0,0,0,4,0,0.0,0.0,0.0,0.0,0.0,8,2,25.0,0.43,0.11,0.0,0.0,88,48.9,88.0,16,0,,0,0.53,11,36,-25,-1.34,-0.42,0,17,16,0,0,40,10,0,,,,,,,,,,,,,,,,,,
ENG-Premier League,2122.0,Watford,samuel kalu,NGA,FW,23.0,1997.0,4,2,222,2.5,0,0,0,0,0,0,0,0,0.0,0.0,0.0,0.0,0.0,4,1,25.0,1.62,0.41,0.0,0.0,56,6.5,88.0,1,2,24.0,7,0.25,1,6,-5,-2.03,-0.96,0,0,4,3,8,3,2,0,,,,,,,,,,,,,,,,Right Winger,24.0,3000000.0
ENG-Premier League,2122.0,Watford,tom cleverley,ENG,MF,31.0,1989.0,28,20,1616,18.0,0,2,2,0,0,0,2,0,0.0,0.11,0.11,0.0,0.11,12,7,58.3,0.67,0.39,0.0,0.0,58,47.3,73.0,5,8,21.0,6,0.57,20,38,-18,-1.0,0.24,0,28,19,2,53,18,22,0,,,,,,,,,,,,,,,,Central Midfield,32.0,1800000.0
ENG-Premier League,2122.0,Watford,troy deeney,ENG,FW,33.0,1988.0,2,0,25,0.3,0,0,0,0,0,0,0,0,0.0,0.0,0.0,0.0,0.0,2,0,0.0,7.2,0.0,0.0,,13,0.7,,0,2,13.0,0,1.5,0,1,-1,-3.6,-2.49,0,0,0,0,0,0,0,0,,,,,,,,,,,,,,,,Centre-Forward,34.0,1000000.0
ENG-Premier League,2122.0,Watford,william troost ekong,NGA,DF,27.0,1993.0,17,15,1390,15.4,0,0,0,0,0,0,3,0,0.0,0.0,0.0,0.0,0.0,2,0,0.0,0.13,0.0,0.0,,82,40.6,90.0,15,2,20.0,11,0.76,19,30,-11,-0.71,0.71,0,13,2,1,0,9,8,0,,,,,,,,,,,,,,,,Centre-Back,28.0,4000000.0
ENG-Premier League,2122.0,West Ham,aaron cresswell,ENG,DF,31.0,1989.0,31,31,2726,30.3,2,3,5,2,0,0,3,0,0.07,0.1,0.17,0.07,0.17,18,4,22.2,0.59,0.13,0.11,0.5,88,79.7,88.0,29,0,,0,1.45,44,38,6,0.2,-0.19,0,14,10,2,144,32,19,0,,,,,,,,,,,,,,,,Left-Back,32.0,3000000.0
ENG-Premier League,2122.0,West Ham,alex kral,CZE,MF,23.0,1998.0,1,0,1,0.0,0,0,0,0,0,0,0,0,0.0,0.0,0.0,0.0,0.0,0,0,,0.0,0.0,,,1,0.0,,0,1,1.0,31,3.0,1,0,1,90.0,89.79,0,0,0,0,0,0,0,0,,,,,,,,,,,,,,,,Central Midfield,24.0,7000000.0
ENG-Premier League,2122.0,West Ham,alphonse areola,FRA,GK,28.0,1993.0,1,1,90,1.0,0,0,0,0,0,0,0,0,0.0,0.0,0.0,0.0,0.0,0,0,,0.0,0.0,,,90,2.6,90.0,1,0,,37,0.0,0,1,-1,-1.0,-1.27,0,0,0,0,0,0,0,0,1.0,1.0,3.0,2.0,66.7,0.0,0.0,1.0,0.0,0.0,0.0,0.0,0.0,0.0,,Goalkeeper,29.0,8000000.0
ENG-Premier League,2122.0,West Ham,andriy yarmolenko,UKR,MF,31.0,1989.0,19,1,316,3.5,1,0,1,1,0,0,1,0,0.28,0.0,0.28,0.28,0.28,11,5,45.5,3.13,1.42,0.09,0.2,17,9.2,72.0,0,18,14.0,16,1.42,3,4,-1,-0.28,-0.57,0,1,4,3,8,0,2,0,,,,,,,,,,,,,,,,Right Winger,32.0,2500000.0
ENG-Premier League,2122.0,West Ham,angelo ogbonna,ITA,DF,33.0,1988.0,11,11,921,10.2,1,0,1,1,0,0,1,0,0.1,0.0,0.1,0.1,0.1,3,1,33.3,0.29,0.1,0.33,1.0,84,26.9,84.0,10,0,,0,2.09,21,11,10,0.98,1.01,0,5,3,0,0,9,4,0,,,,,,,,,,,,,,,,Centre-Back,34.0,1200000.0
ENG-Premier League,2122.0,West Ham,arthur masuaku,COD,"MF,DF",27.0,1993.0,13,6,650,7.2,1,1,2,1,0,0,1,0,0.14,0.14,0.28,0.14,0.28,4,1,25.0,0.55,0.14,0.25,1.0,50,19.0,81.0,4,7,23.0,16,1.31,7,12,-5,-0.69,-1.15,0,8,4,0,23,11,24,0,,,,,,,,,,,,,,,,Left-Back,28.0,5000000.0
ENG-Premier League,2122.0,West Ham,ben johnson,ENG,"DF,MF",21.0,2000.0,20,16,1397,15.5,1,0,1,1,0,0,1,0,0.06,0.0,0.06,0.06,0.06,5,1,20.0,0.32,0.06,0.2,1.0,70,40.8,84.0,13,4,14.0,12,1.7,23,18,5,0.32,0.14,0,10,4,0,55,21,15,0,,,,,,,,,,,,,,,,Right-Back,22.0,9000000.0
ENG-Premier League,2122.0,West Ham,craig dawson,ENG,DF,31.0,1990.0,34,30,2754,30.6,2,2,4,2,0,0,5,1,0.07,0.07,0.13,0.07,0.13,25,6,24.0,0.82,0.2,0.08,0.33,81,80.5,89.0,28,4,21.0,3,1.56,48,42,6,0.2,-0.21,0,39,12,1,1,30,16,0,,,,,,,,,,,,,,,,Centre-Back,32.0,3000000.0
ENG-Premier League,2122.0,West Ham,daniel chesters,ENG,MF,19.0,2002.0,1,0,1,0.0,0,0,0,0,0,0,0,0,0.0,0.0,0.0,0.0,0.0,0,0,,0.0,0.0,,,1,0.0,,0,1,1.0,1,0.0,0,0,0,0.0,-0.24,0,0,0,0,0,0,0,0,,,,,,,,,,,,,,,,,,
ENG-Premier League,2122.0,West Ham,declan rice,ENG,MF,22.0,1999.0,36,35,3179,35.3,1,4,5,1,0,0,8,0,0.03,0.11,0.14,0.03,0.14,26,8,30.8,0.74,0.23,0.04,0.13,88,93.0,90.0,35,1,29.0,0,1.47,56,49,7,0.2,-0.55,0,28,10,0,30,60,41,0,,,,,,,,,,,,,,,,Central Midfield,23.0,80000000.0
ENG-Premier League,2122.0,West Ham,harrison ashby,SCO,"DF,MF",19.0,2001.0,1,0,7,0.1,0,0,0,0,0,0,0,0,0.0,0.0,0.0,0.0,0.0,0,0,,0.0,0.0,,,7,0.2,,0,1,7.0,7,0.0,0,1,-1,-12.86,-13.12,0,0,0,0,0,1,0,0,,,,,,,,,,,,,,,,Right-Back,20.0,300000.0
ENG-Premier League,2122.0,West Ham,issa diop,MAR,DF,24.0,1997.0,13,10,963,10.7,0,1,1,0,0,0,0,0,0.0,0.09,0.09,0.0,0.09,2,2,100.0,0.19,0.19,0.0,0.0,74,28.2,90.0,9,3,22.0,21,1.62,19,19,0,0.0,-0.33,0,5,5,1,0,6,8,0,,,,,,,,,,,,,,,,Centre-Back,25.0,10000000.0
ENG-Premier League,2122.0,West Ham,jarrod bowen,ENG,MF,24.0,1996.0,36,34,2983,33.1,12,10,22,12,0,0,6,0,0.36,0.3,0.66,0.36,0.66,80,35,43.8,2.41,1.06,0.15,0.34,83,87.2,87.0,22,2,18.0,0,1.47,57,46,11,0.33,0.74,0,25,43,13,141,20,20,0,,,,,,,,,,,,,,,,Right Winger,25.0,42000000.0
ENG-Premier League,2122.0,West Ham,kurt zouma,FRA,DF,26.0,1994.0,24,24,2078,23.1,1,0,1,1,0,0,1,0,0.04,0.0,0.04,0.04,0.04,6,3,50.0,0.26,0.13,0.17,0.33,87,60.8,87.0,22,0,,1,1.5,33,29,4,0.17,-0.16,0,11,6,0,1,30,6,1,,,,,,,,,,,,,,,,Centre-Back,27.0,28000000.0
ENG-Premier League,2122.0,West Ham,manuel lanzini,ARG,MF,28.0,1993.0,30,19,1786,19.8,5,3,8,2,3,3,2,0,0.25,0.15,0.4,0.1,0.25,16,7,43.8,0.81,0.35,0.13,0.29,60,52.2,82.0,7,11,20.0,6,1.3,32,29,3,0.15,-0.18,0,11,18,1,28,20,15,0,,,,,,,,,,,,,,,,Attacking Midfield,29.0,12000000.0
ENG-Premier League,2122.0,West Ham,mark noble,ENG,MF,34.0,1987.0,11,3,332,3.7,1,0,1,0,1,2,0,0,0.27,0.0,0.27,0.0,0.0,2,2,100.0,0.54,0.54,0.0,0.0,30,9.7,76.0,1,8,13.0,22,1.45,5,5,0,0.0,-0.26,0,3,4,0,2,4,2,0,,,,,,,,,,,,,,,,Central Midfield,35.0,1000000.0
ENG-Premier League,2122.0,West Ham,michail antonio,JAM,FW,31.0,1990.0,36,34,2971,33.0,10,8,18,10,0,1,8,1,0.3,0.24,0.55,0.3,0.55,83,29,34.9,2.51,0.88,0.12,0.34,83,86.9,85.0,23,2,33.0,1,1.56,55,43,12,0.36,0.96,1,52,52,13,64,4,17,0,,,,,,,,,,,,,,,,Centre-Forward,32.0,10000000.0
ENG-Premier League,2122.0,West Ham,nikola vlasic,CRO,MF,23.0,1997.0,19,6,560,6.2,1,0,1,1,0,0,0,0,0.16,0.0,0.16,0.16,0.16,7,3,42.9,1.13,0.48,0.14,0.33,29,16.4,62.0,0,13,14.0,13,1.37,7,10,-3,-0.48,-0.86,0,8,16,3,15,2,5,0,,,,,,,,,,,,,,,,Attacking Midfield,24.0,22000000.0
ENG-Premier League,2122.0,West Ham,pablo fornals,ESP,MF,25.0,1996.0,36,32,2795,31.1,6,3,9,6,0,0,4,0,0.19,0.1,0.29,0.19,0.29,43,12,27.9,1.38,0.39,0.14,0.5,78,81.7,85.0,19,4,20.0,0,1.39,45,38,7,0.23,-0.06,0,24,28,6,86,23,26,0,,,,,,,,,,,,,,,,Central Midfield,26.0,22000000.0
ENG-Premier League,2122.0,West Ham,ryan fredericks,ENG,DF,28.0,1992.0,7,3,307,3.4,0,0,0,0,0,0,1,0,0.0,0.0,0.0,0.0,0.0,0,0,,0.0,0.0,,,44,9.0,75.0,2,4,21.0,18,1.57,7,6,1,0.29,0.06,0,3,1,0,9,4,2,0,,,,,,,,,,,,,,,,Right-Back,29.0,1500000.0
ENG-Premier League,2122.0,West Ham,said benrahma,ALG,MF,25.0,1995.0,32,26,2168,24.1,8,6,14,8,0,0,0,0,0.33,0.25,0.58,0.33,0.58,63,22,34.9,2.62,0.91,0.13,0.36,68,63.4,78.0,4,6,22.0,1,1.53,44,27,17,0.71,1.28,0,10,15,9,75,8,17,0,,,,,,,,,,,,,,,,Left Winger,26.0,25000000.0
ENG-Premier League,2122.0,West Ham,sonny perkins,ENG,"FW,MF",17.0,2004.0,1,0,4,0.0,0,0,0,0,0,0,0,0,0.0,0.0,0.0,0.0,0.0,0,0,,0.0,0.0,,,4,0.1,,0,1,4.0,4,0.0,0,0,0,0.0,-0.24,0,0,0,0,0,0,0,0,,,,,,,,,,,,,,,,Right Winger,18.0,1200000.0
ENG-Premier League,2122.0,West Ham,tomas soucek,CZE,MF,26.0,1995.0,35,34,3062,34.0,5,1,6,5,0,0,3,0,0.15,0.03,0.18,0.15,0.18,45,12,26.7,1.32,0.35,0.11,0.42,87,89.5,90.0,33,1,14.0,1,1.43,51,46,5,0.15,-0.86,0,38,18,4,14,51,31,0,,,,,,,,,,,,,,,,Defensive Midfield,27.0,45000000.0
ENG-Premier League,2122.0,West Ham,vladimir coufal,CZE,DF,28.0,1992.0,28,25,2209,24.5,0,4,4,0,0,0,5,1,0.0,0.16,0.16,0.0,0.16,11,5,45.5,0.45,0.2,0.0,0.0,79,64.6,87.0,21,3,13.0,3,1.39,42,35,7,0.29,0.14,1,29,15,2,107,21,25,1,,,,,,,,,,,,,,,,Right-Back,29.0,12000000.0
ENG-Premier League,2122.0,West Ham,ukasz fabianski,POL,GK,36.0,1985.0,37,37,3330,37.0,0,0,0,0,0,0,2,0,0.0,0.0,0.0,0.0,0.0,0,0,,0.0,0.0,,,90,97.4,90.0,37,0,,0,1.51,60,50,10,0.27,1.27,0,1,5,0,0,1,0,0,50.0,1.35,161.0,111.0,68.9,16.0,8.0,13.0,8.0,21.6,6.0,2.0,3.0,1.0,60.0,,,
ENG-Premier League,2122.0,Wolves,adama traore,ESP,"FW,MF",25.0,1996.0,20,10,1067,11.9,1,0,1,1,0,0,0,0,0.08,0.0,0.08,0.08,0.08,23,5,21.7,1.94,0.42,0.04,0.2,53,31.2,85.0,5,10,22.0,1,1.55,9,10,-1,-0.08,0.07,0,10,26,9,39,2,5,0,,,,,,,,,,,,,,,,Right Winger,26.0,20000000.0
ENG-Premier League,2122.0,Wolves,chem campbell,WAL,"FW,MF",18.0,2002.0,1,0,13,0.1,0,0,0,0,0,0,0,0,0.0,0.0,0.0,0.0,0.0,0,0,,0.0,0.0,,,13,0.4,,0,1,13.0,6,0.0,0,0,0,0.0,0.13,0,0,0,0,0,0,1,0,,,,,,,,,,,,,,,,Left Winger,19.0,
ENG-Premier League,2122.0,Wolves,chiquinho,POR,MF,21.0,2000.0,8,1,208,2.3,0,3,3,0,0,0,0,0,0.0,1.3,1.3,0.0,1.3,5,2,40.0,2.16,0.87,0.0,0.0,26,6.1,90.0,1,7,17.0,7,1.0,5,5,0,0.0,0.14,0,9,7,0,25,1,6,0,,,,,,,,,,,,,,,,Left Winger,22.0,3000000.0
ENG-Premier League,2122.0,Wolves,conor coady,ENG,DF,28.0,1993.0,38,38,3361,37.3,4,0,4,4,0,0,4,0,0.11,0.0,0.11,0.11,0.11,12,4,33.3,0.32,0.11,0.33,1.0,88,98.3,88.0,35,0,,0,1.34,37,43,-6,-0.16,-1.69,0,20,2,2,2,29,14,0,,,,,,,,,,,,,,,,Centre-Back,29.0,25000000.0
ENG-Premier League,2122.0,Wolves,daniel podence,POR,"FW,MF",25.0,1995.0,26,15,1484,16.5,2,3,5,2,0,0,2,0,0.12,0.18,0.3,0.12,0.3,35,15,42.9,2.12,0.91,0.06,0.13,57,43.4,83.0,4,11,22.0,3,1.73,26,12,14,0.85,1.73,0,8,25,3,50,9,10,0,,,,,,,,,,,,,,,,Left Winger,26.0,20000000.0
ENG-Premier League,2122.0,Wolves,fernando marcal,BRA,MF,32.0,1989.0,18,17,1449,16.1,0,0,0,0,0,0,3,0,0.0,0.0,0.0,0.0,0.0,11,1,9.1,0.68,0.06,0.0,0.0,81,42.4,85.0,12,1,3.0,14,1.56,10,14,-4,-0.25,-0.2,0,28,9,1,61,27,22,0,,,,,,,,,,,,,,,,,,
ENG-Premier League,2122.0,Wolves,francisco trincao,POR,"FW,MF",21.0,1999.0,28,16,1336,14.8,2,1,3,2,0,0,0,0,0.13,0.07,0.2,0.13,0.2,32,14,43.8,2.16,0.94,0.06,0.14,48,39.1,74.0,1,12,12.0,9,1.21,13,15,-2,-0.13,-0.01,0,13,22,1,33,10,14,0,,,,,,,,,,,,,,,,Attacking Midfield,22.0,20000000.0
ENG-Premier League,2122.0,Wolves,fabio silva,POR,FW,19.0,2002.0,22,6,572,6.4,0,0,0,0,0,0,0,0,0.0,0.0,0.0,0.0,0.0,19,5,26.3,2.99,0.79,0.0,0.0,26,16.7,76.0,2,16,7.0,15,1.41,9,7,2,0.31,0.54,0,13,8,4,2,1,2,0,,,,,,,,,,,,,,,,Centre-Forward,19.0,15000000.0
ENG-Premier League,2122.0,Wolves,hwang hee chan,KOR,"FW,MF",25.0,1996.0,30,20,1816,20.2,5,1,6,5,0,0,2,0,0.25,0.05,0.3,0.25,0.3,27,12,44.4,1.34,0.59,0.19,0.42,61,53.1,77.0,4,10,29.0,1,1.37,19,22,-3,-0.15,-0.04,0,29,41,3,7,13,12,0,,,,,,,,,,,,,,,,,,
ENG-Premier League,2122.0,Wolves,john ruddy,ENG,GK,34.0,1986.0,2,1,135,1.5,0,0,0,0,0,0,0,0,0.0,0.0,0.0,0.0,0.0,0,0,,0.0,0.0,,,68,3.9,90.0,1,1,45.0,36,0.5,1,3,-2,-1.33,-1.25,0,0,0,0,0,0,0,0,3.0,2.0,7.0,4.0,57.1,0.0,1.0,0.0,0.0,0.0,0.0,0.0,0.0,0.0,,Goalkeeper,35.0,300000.0
ENG-Premier League,2122.0,Wolves,jonny castro,ESP,"MF,DF",27.0,1994.0,13,10,1024,11.4,2,0,2,2,0,0,1,0,0.18,0.0,0.18,0.18,0.18,10,5,50.0,0.88,0.44,0.2,0.4,79,29.9,89.0,8,3,45.0,4,0.85,13,21,-8,-0.7,-0.82,0,10,16,0,14,11,14,0,,,,,,,,,,,,,,,,,,
ENG-Premier League,2122.0,Wolves,jose sa,POR,GK,28.0,1993.0,37,37,3285,36.5,0,1,1,0,0,0,3,0,0.0,0.03,0.03,0.0,0.03,0,0,,0.0,0.0,,,89,96.1,89.0,36,0,,1,1.35,37,40,-3,-0.08,1.25,0,3,11,0,0,2,1,1,40.0,1.1,161.0,121.0,75.2,15.0,5.0,17.0,11.0,29.7,10.0,9.0,0.0,1.0,0.0,Goalkeeper,29.0,18000000.0
ENG-Premier League,2122.0,Wolves,joao moutinho,POR,MF,34.0,1986.0,35,34,2970,33.0,2,1,3,2,0,0,4,0,0.06,0.03,0.09,0.06,0.09,20,7,35.0,0.61,0.21,0.1,0.29,85,86.8,87.0,28,1,12.0,1,1.37,32,40,-8,-0.24,-0.84,0,37,15,0,109,28,40,0,,,,,,,,,,,,,,,,Central Midfield,35.0,2500000.0
ENG-Premier League,2122.0,Wolves,ki jana hoever,NED,MF,19.0,2002.0,8,4,308,3.4,0,0,0,0,0,0,1,0,0.0,0.0,0.0,0.0,0.0,1,0,0.0,0.29,0.0,0.0,,39,9.0,74.0,3,4,4.0,21,0.75,0,5,-5,-1.46,-1.46,0,5,4,1,8,5,8,0,,,,,,,,,,,,,,,,Right-Back,20.0,6000000.0
ENG-Premier League,2122.0,Wolves,leander dendoncker,BEL,MF,26.0,1995.0,30,21,1950,21.7,2,2,4,2,0,0,4,0,0.09,0.09,0.18,0.09,0.18,23,10,43.5,1.06,0.46,0.09,0.2,65,57.0,89.0,17,9,8.0,7,1.47,23,28,-5,-0.23,-0.23,0,13,6,0,6,10,17,0,,,,,,,,,,,,,,,,Defensive Midfield,27.0,28000000.0
ENG-Premier League,2122.0,Wolves,luke cundle,ENG,MF,19.0,2002.0,4,2,180,2.0,0,0,0,0,0,0,0,0,0.0,0.0,0.0,0.0,0.0,0,0,,0.0,0.0,,,45,5.3,87.0,1,2,4.0,29,1.5,2,1,1,0.5,0.67,0,3,1,0,2,1,3,0,,,,,,,,,,,,,,,,Central Midfield,20.0,800000.0
ENG-Premier League,2122.0,Wolves,max kilman,ENG,DF,24.0,1997.0,30,30,2687,29.9,1,0,1,1,0,0,3,0,0.03,0.0,0.03,0.03,0.03,13,4,30.8,0.44,0.13,0.08,0.25,90,78.6,90.0,28,0,,2,1.53,27,25,2,0.07,0.93,0,17,10,0,2,43,26,0,,,,,,,,,,,,,,,,,,
ENG-Premier League,2122.0,Wolves,morgan gibbs white,ENG,"FW,MF",21.0,2000.0,2,0,9,0.1,0,0,0,0,0,0,1,0,0.0,0.0,0.0,0.0,0.0,2,0,0.0,20.0,0.0,0.0,,5,0.3,,0,2,5.0,1,0.0,0,0,0,0.0,0.13,0,2,0,0,1,0,0,0,,,,,,,,,,,,,,,,Attacking Midfield,22.0,11000000.0
ENG-Premier League,2122.0,Wolves,nelson semedo,POR,MF,27.0,1993.0,25,25,2131,23.7,0,1,1,0,0,0,1,0,0.0,0.04,0.04,0.0,0.04,19,4,21.1,0.8,0.17,0.0,0.0,85,62.3,85.0,19,0,,4,1.56,24,18,6,0.25,1.02,0,22,23,4,32,20,40,0,,,,,,,,,,,,,,,,Right-Back,28.0,22000000.0
ENG-Premier League,2122.0,Wolves,pedro neto,POR,"FW,MF",21.0,2000.0,13,5,466,5.2,1,1,2,1,0,0,3,0,0.19,0.19,0.39,0.19,0.39,17,4,23.5,3.28,0.77,0.06,0.25,36,13.6,59.0,0,8,21.0,0,0.85,4,14,-10,-1.93,-2.08,0,2,6,1,37,5,5,0,,,,,,,,,,,,,,,,Right Winger,22.0,32000000.0
ENG-Premier League,2122.0,Wolves,rayan ait nouri,ALG,MF,20.0,2001.0,23,20,1828,20.3,1,2,3,1,0,0,4,0,0.05,0.1,0.15,0.05,0.15,13,4,30.8,0.64,0.2,0.08,0.25,79,53.5,89.0,17,3,13.0,12,1.13,25,26,-1,-0.05,0.18,0,14,20,3,96,19,37,0,,,,,,,,,,,,,,,,Left-Back,21.0,20000000.0
ENG-Premier League,2122.0,Wolves,raul jimenez,MEX,FW,30.0,1991.0,34,30,2631,29.2,6,4,10,5,1,1,9,2,0.21,0.14,0.34,0.17,0.31,57,16,28.1,1.95,0.55,0.09,0.31,77,76.9,85.0,20,4,22.0,0,1.24,28,28,0,0.0,0.57,2,43,48,23,10,10,14,0,,,,,,,,,,,,,,,,Centre-Forward,31.0,18000000.0
ENG-Premier League,2122.0,Wolves,romain saiss,MAR,DF,31.0,1990.0,31,31,2705,30.1,2,0,2,2,0,0,6,0,0.07,0.0,0.07,0.07,0.07,18,6,33.3,0.6,0.2,0.11,0.33,87,79.1,87.0,27,0,,2,1.32,26,30,-4,-0.13,-0.01,0,30,15,3,9,56,29,0,,,,,,,,,,,,,,,,Centre-Back,32.0,8000000.0
ENG-Premier League,2122.0,Wolves,ruben neves,POR,MF,24.0,1997.0,33,31,2661,29.6,4,2,6,4,0,0,9,0,0.14,0.07,0.2,0.14,0.2,42,16,38.1,1.42,0.54,0.1,0.25,81,77.8,86.0,27,2,3.0,0,1.33,27,34,-7,-0.24,-0.47,0,25,12,1,44,37,37,0,,,,,,,,,,,,,,,,Defensive Midfield,25.0,40000000.0
ENG-Premier League,2122.0,Wolves,toti gomes,POR,DF,22.0,1999.0,4,4,360,4.0,0,0,0,0,0,0,1,0,0.0,0.0,0.0,0.0,0.0,1,0,0.0,0.25,0.0,0.0,,90,10.5,90.0,4,0,,12,1.75,7,6,1,0.25,0.43,0,2,3,1,1,7,7,0,,,,,,,,,,,,,,,,,,
ENG-Premier League,2122.0,Wolves,willy boly,CIV,DF,30.0,1991.0,10,10,900,10.0,0,0,0,0,0,0,1,0,0.0,0.0,0.0,0.0,0.0,2,1,50.0,0.2,0.1,0.0,0.0,90,26.3,90.0,10,0,,14,0.8,13,20,-7,-0.7,-0.77,0,7,2,1,0,15,18,0,,,,,,,,,,,,,,,,Centre-Back,31.0,6000000.0
ENG-Premier League,2223.0,Arsenal,aaron ramsdale,ENG,GK,24.0,1998.0,38,38,3420,38.0,0,0,0,0,0,0,1,0,0.0,0.0,0.0,0.0,0.0,0,0,,0.0,0.0,,,90,100.0,90.0,38,0,,0,2.21,88,43,45,1.18,,0,0,4,0,0,0,1,0,43.0,1.13,137.0,94.0,68.6,26.0,6.0,6.0,14.0,36.8,5.0,3.0,0.0,2.0,0.0,Goalkeeper,25.0,40000000.0
ENG-Premier League,2223.0,Arsenal,albert sambi lokonga,BEL,MF,22.0,1999.0,6,2,198,2.2,0,0,0,0,0,0,0,0,0.0,0.0,0.0,0.0,0.0,0,0,,0.0,0.0,,,33,5.8,82.0,1,4,9.0,12,2.5,3,3,0,0.0,-1.26,0,1,5,0,0,4,1,0,,,,,,,,,,,,,,,,Central Midfield,23.0,15000000.0
ENG-Premier League,2223.0,Arsenal,ben white,ENG,DF,24.0,1997.0,38,36,3055,33.9,2,5,7,2,0,0,5,0,0.06,0.15,0.21,0.06,0.21,10,3,30.0,0.29,0.09,0.2,0.67,80,89.3,83.0,21,2,27.0,0,2.21,81,35,46,1.36,1.6,0,28,30,1,57,21,33,0,,,,,,,,,,,,,,,,Right-Back,25.0,55000000.0
ENG-Premier League,2223.0,Arsenal,bukayo saka,ENG,"FW,MF",20.0,2001.0,38,37,3181,35.3,14,11,25,12,2,3,6,0,0.4,0.31,0.71,0.34,0.65,89,32,36.0,2.52,0.91,0.13,0.38,84,93.0,85.0,23,1,31.0,0,2.21,79,42,37,1.05,-1.97,0,43,65,9,175,11,33,0,,,,,,,,,,,,,,,,Right Winger,21.0,120000000.0
ENG-Premier League,2223.0,Arsenal,cedric soares,POR,"DF,MF",30.0,1991.0,2,0,29,0.3,0,0,0,0,0,0,0,0,0.0,0.0,0.0,0.0,0.0,0,0,,0.0,0.0,,,15,0.8,,0,2,15.0,10,3.0,1,0,1,3.1,1.94,0,1,0,0,2,0,0,0,,,,,,,,,,,,,,,,Right-Back,31.0,3000000.0
ENG-Premier League,2223.0,Arsenal,eddie nketiah,ENG,FW,23.0,1999.0,30,9,1089,12.1,4,1,5,4,0,0,3,0,0.33,0.08,0.41,0.33,0.41,41,14,34.1,3.39,1.16,0.1,0.29,36,31.8,90.0,8,21,13.0,3,2.07,26,16,10,0.83,-0.52,0,30,25,8,5,1,9,0,,,,,,,,,,,,,,,,Centre-Forward,24.0,25000000.0
ENG-Premier League,2223.0,Arsenal,emile smith rowe,ENG,MF,22.0,2000.0,12,0,172,1.9,0,2,2,0,0,0,0,0,0.0,1.05,1.05,0.0,1.05,4,1,25.0,2.09,0.52,0.0,0.0,14,5.0,,0,12,14.0,11,2.25,3,5,-2,-1.05,-2.35,0,1,0,1,5,0,1,0,,,,,,,,,,,,,,,,Attacking Midfield,22.0,35000000.0
ENG-Premier League,2223.0,Arsenal,ethan nwaneri,ENG,MF,15.0,2007.0,1,0,1,0.0,0,0,0,0,0,0,0,0,0.0,0.0,0.0,0.0,0.0,0,0,,0.0,0.0,,,1,0.0,,0,1,1.0,0,3.0,0,0,0,0.0,-1.18,0,0,0,0,0,0,0,0,,,,,,,,,,,,,,,,Attacking Midfield,16.0,
ENG-Premier League,2223.0,Arsenal,fabio vieira,POR,MF,22.0,2000.0,22,3,514,5.7,1,2,3,1,0,0,0,0,0.18,0.35,0.53,0.18,0.53,15,2,13.3,2.63,0.35,0.07,0.5,23,15.0,76.0,0,19,15.0,14,2.09,13,5,8,1.4,0.25,0,3,5,0,21,4,4,0,,,,,,,,,,,,,,,,Attacking Midfield,23.0,25000000.0
ENG-Premier League,2223.0,Arsenal,gabriel jesus,BRA,FW,25.0,1997.0,26,24,2064,22.9,11,6,17,10,1,1,6,0,0.48,0.26,0.74,0.44,0.7,77,32,41.6,3.36,1.4,0.13,0.31,79,60.4,84.0,11,2,20.0,0,2.23,53,23,30,1.31,0.31,0,43,56,16,11,11,24,0,,,,,,,,,,,,,,,,Centre-Forward,26.0,75000000.0
ENG-Premier League,2223.0,Arsenal,gabriel magalhaes,BRA,DF,24.0,1997.0,38,38,3409,37.9,3,0,3,3,0,0,5,0,0.08,0.0,0.08,0.08,0.08,32,10,31.3,0.84,0.26,0.09,0.3,90,99.7,90.0,36,0,,0,2.21,88,43,45,1.19,1.19,0,26,41,1,5,32,28,0,,,,,,,,,,,,,,,,,,
ENG-Premier League,2223.0,Arsenal,gabriel martinelli,BRA,"FW,MF",21.0,2001.0,36,34,2789,31.0,15,5,20,15,0,0,3,0,0.48,0.16,0.65,0.48,0.65,79,32,40.5,2.55,1.03,0.19,0.47,77,81.5,80.0,16,2,28.0,0,2.25,72,33,39,1.26,0.4,0,39,37,8,113,9,22,0,,,,,,,,,,,,,,,,Left Winger,22.0,80000000.0
ENG-Premier League,2223.0,Arsenal,granit xhaka,SUI,MF,29.0,1992.0,37,36,2993,33.3,7,7,14,7,0,0,4,0,0.21,0.21,0.42,0.21,0.42,40,14,35.0,1.2,0.42,0.18,0.5,81,87.5,83.0,24,1,7.0,0,2.24,75,35,40,1.2,0.15,0,25,39,5,39,15,26,0,,,,,,,,,,,,,,,,Defensive Midfield,30.0,20000000.0
ENG-Premier League,2223.0,Arsenal,jakub kiwior,POL,DF,22.0,2000.0,7,5,427,4.7,1,0,1,1,0,0,0,0,0.21,0.0,0.21,0.21,0.21,1,1,100.0,0.21,0.21,1.0,1.0,61,12.5,82.0,3,2,8.0,11,1.86,10,6,4,0.84,-0.39,0,1,1,0,1,6,6,0,,,,,,,,,,,,,,,,Centre-Back,23.0,25000000.0
ENG-Premier League,2223.0,Arsenal,jorginho,ITA,MF,30.0,1991.0,14,9,855,9.5,0,1,1,0,0,0,0,0,0.0,0.11,0.11,0.0,0.11,6,0,0.0,0.63,0.0,0.0,,61,25.0,81.0,6,5,25.0,5,1.79,20,11,9,0.95,-0.32,0,6,18,0,2,7,12,0,,,,,,,,,,,,,,,,Defensive Midfield,31.0,25000000.0
ENG-Premier League,2223.0,Arsenal,kieran tierney,SCO,DF,25.0,1997.0,27,6,795,8.8,0,1,1,0,0,0,0,0,0.0,0.11,0.11,0.0,0.11,7,2,28.6,0.79,0.23,0.0,0.0,29,23.2,81.0,3,21,15.0,11,2.56,16,10,6,0.68,-0.66,0,5,9,1,25,10,10,0,,,,,,,,,,,,,,,,Left-Back,26.0,25000000.0
ENG-Premier League,2223.0,Arsenal,leandro trossard,BEL,FW,27.0,1994.0,20,10,931,10.3,1,10,11,1,0,0,0,0,0.1,0.97,1.06,0.1,1.06,17,5,29.4,1.64,0.48,0.06,0.2,47,27.2,66.0,1,10,27.0,0,1.85,29,15,14,1.35,0.23,0,9,17,4,56,5,6,0,,,,,,,,,,,,,,,,Left Winger,28.0,35000000.0
ENG-Premier League,2223.0,Arsenal,marquinhos,BRA,MF,19.0,2003.0,1,0,1,0.0,0,0,0,0,0,0,0,0,0.0,0.0,0.0,0.0,0.0,0,0,,0.0,0.0,,,1,0.0,,0,1,1.0,14,3.0,0,0,0,0.0,-1.18,0,0,0,0,0,0,0,0,,,,,,,,,,,,,,,,Right Winger,20.0,12000000.0
ENG-Premier League,2223.0,Arsenal,martin degaard,NOR,MF,23.0,1998.0,37,37,3127,34.7,15,7,22,15,0,0,4,0,0.43,0.2,0.63,0.43,0.63,93,33,35.5,2.68,0.95,0.16,0.45,85,91.4,85.0,14,0,,0,2.19,81,38,43,1.24,0.62,0,30,26,1,93,5,24,0,,,,,,,,,,,,,,,,Attacking Midfield,24.0,90000000.0
ENG-Premier League,2223.0,Arsenal,mohamed elneny,EGY,MF,30.0,1992.0,5,1,113,1.3,0,0,0,0,0,0,0,0,0.0,0.0,0.0,0.0,0.0,0,0,,0.0,0.0,,,23,3.3,90.0,1,4,6.0,4,3.0,2,2,0,0.0,-1.22,0,1,1,0,0,0,1,0,,,,,,,,,,,,,,,,Defensive Midfield,30.0,6000000.0
ENG-Premier League,2223.0,Arsenal,oleksandr zinchenko,UKR,DF,25.0,1996.0,27,26,2118,23.5,1,2,3,1,0,0,3,0,0.04,0.08,0.13,0.04,0.13,28,7,25.0,1.19,0.3,0.04,0.14,78,61.9,81.0,8,1,18.0,0,2.26,53,28,25,1.06,-0.32,0,6,11,1,38,22,18,0,,,,,,,,,,,,,,,,Left-Back,26.0,42000000.0
ENG-Premier League,2223.0,Arsenal,reiss nelson,ENG,"FW,MF",22.0,1999.0,11,0,212,2.4,3,2,5,3,0,0,0,0,1.27,0.85,2.12,1.27,2.12,12,7,58.3,5.09,2.97,0.25,0.43,19,6.2,,0,11,19.0,11,2.09,10,3,7,2.97,1.91,0,8,4,0,12,0,1,0,,,,,,,,,,,,,,,,Left Winger,23.0,12000000.0
ENG-Premier League,2223.0,Arsenal,rob holding,ENG,DF,26.0,1995.0,14,6,566,6.3,1,0,1,1,0,0,0,0,0.16,0.0,0.16,0.16,0.16,5,2,40.0,0.8,0.32,0.2,0.5,40,16.5,90.0,6,8,3.0,24,2.36,17,13,4,0.64,-0.66,0,5,2,0,0,3,5,0,,,,,,,,,,,,,,,,Centre-Back,27.0,8000000.0
ENG-Premier League,2223.0,Arsenal,takehiro tomiyasu,JPN,DF,23.0,1998.0,21,6,663,7.4,0,1,1,0,0,0,2,0,0.0,0.14,0.14,0.0,0.14,3,0,0.0,0.41,0.0,0.0,,32,19.4,77.0,3,15,14.0,2,2.38,16,11,5,0.68,-0.63,0,6,3,0,12,12,19,0,,,,,,,,,,,,,,,,Centre-Back,24.0,25000000.0
ENG-Premier League,2223.0,Arsenal,thomas partey,GHA,MF,29.0,1993.0,33,28,2483,27.6,3,0,3,3,0,0,5,0,0.11,0.0,0.11,0.11,0.11,28,4,14.3,1.01,0.14,0.11,0.75,75,72.6,85.0,21,5,20.0,0,2.27,69,28,41,1.49,1.1,0,37,23,0,9,26,40,0,,,,,,,,,,,,,,,,Defensive Midfield,30.0,35000000.0
ENG-Premier League,2223.0,Arsenal,william saliba,FRA,DF,21.0,2001.0,27,27,2415,26.8,2,1,3,2,0,0,4,0,0.07,0.04,0.11,0.07,0.11,6,3,50.0,0.22,0.11,0.33,0.67,89,70.6,89.0,26,0,,0,2.44,61,25,36,1.34,0.54,0,19,13,0,1,18,19,1,,,,,,,,,,,,,,,,Centre-Back,22.0,65000000.0
ENG-Premier League,2223.0,Aston Villa,ashley young,ENG,DF,37.0,1985.0,29,23,2036,22.6,1,0,1,1,0,0,7,0,0.04,0.0,0.04,0.04,0.04,15,3,20.0,0.66,0.13,0.07,0.33,70,59.5,82.0,15,6,25.0,9,1.69,27,28,-1,-0.04,-0.43,0,24,28,1,42,22,27,0,,,,,,,,,,,,,,,,Right-Back,37.0,600000.0
ENG-Premier League,2223.0,Aston Villa,bertrand traore,BFA,MF,26.0,1995.0,8,1,233,2.6,2,0,2,2,0,0,1,0,0.77,0.0,0.77,0.77,0.77,9,3,33.3,3.48,1.16,0.22,0.67,29,6.8,45.0,0,7,27.0,8,1.75,6,1,5,1.93,1.93,0,2,8,3,5,2,1,0,,,,,,,,,,,,,,,,Right Winger,27.0,12000000.0
ENG-Premier League,2223.0,Aston Villa,boubacar kamara,FRA,MF,22.0,1999.0,24,21,1777,19.7,0,1,1,0,0,0,4,0,0.0,0.05,0.05,0.0,0.05,4,1,25.0,0.2,0.05,0.0,0.0,74,52.0,83.0,14,3,14.0,0,1.63,28,30,-2,-0.1,-0.48,0,34,31,0,2,19,27,0,,,,,,,,,,,,,,,,Defensive Midfield,23.0,30000000.0
ENG-Premier League,2223.0,Aston Villa,calum chambers,ENG,DF,27.0,1995.0,14,2,353,3.9,0,0,0,0,0,0,2,0,0.0,0.0,0.0,0.0,0.0,2,0,0.0,0.51,0.0,0.0,,25,10.3,90.0,2,12,14.0,22,2.07,4,4,0,0.0,-0.15,0,7,3,0,3,7,7,0,,,,,,,,,,,,,,,,Centre-Back,28.0,8000000.0
ENG-Premier League,2223.0,Aston Villa,cameron archer,ENG,"FW,MF",21.0,2001.0,6,0,49,0.5,0,0,0,0,0,0,0,0,0.0,0.0,0.0,0.0,0.0,0,0,,0.0,0.0,,,8,1.4,,0,6,8.0,8,1.17,0,1,-1,-1.84,-2.0,0,2,1,1,1,0,0,0,,,,,,,,,,,,,,,,Centre-Forward,21.0,12000000.0
ENG-Premier League,2223.0,Aston Villa,danny ings,ENG,FW,30.0,1992.0,18,8,824,9.2,6,0,6,4,2,2,3,0,0.66,0.0,0.66,0.44,0.44,27,14,51.9,2.95,1.53,0.15,0.29,46,24.1,80.0,3,10,19.0,1,1.33,9,13,-4,-0.44,-0.75,0,8,5,9,4,1,5,0,,,,,,,,,,,,,,,,Centre-Forward,30.0,12000000.0
ENG-Premier League,2223.0,Aston Villa,diego carlos,BRA,DF,29.0,1993.0,3,2,205,2.3,0,0,0,0,0,0,0,0,0.0,0.0,0.0,0.0,0.0,4,0,0.0,1.76,0.0,0.0,,68,6.0,90.0,1,1,26.0,11,1.0,2,3,-1,-0.44,-0.61,0,2,0,0,1,1,0,0,,,,,,,,,,,,,,,,Centre-Back,30.0,20000000.0
ENG-Premier League,2223.0,Aston Villa,douglas luiz,BRA,MF,24.0,1998.0,37,33,2927,32.5,6,6,12,6,0,0,6,1,0.18,0.18,0.37,0.18,0.37,34,12,35.3,1.05,0.37,0.18,0.5,79,85.6,86.0,23,4,23.0,1,1.57,46,33,13,0.4,1.86,0,48,42,2,107,42,40,0,,,,,,,,,,,,,,,,Central Midfield,25.0,40000000.0
ENG-Premier League,2223.0,Aston Villa,emi buendia,ARG,"MF,FW",25.0,1996.0,38,27,2412,26.8,5,2,7,5,0,0,0,0,0.19,0.07,0.26,0.19,0.26,49,12,24.5,1.83,0.45,0.1,0.42,63,70.5,79.0,8,11,26.0,0,1.61,40,34,6,0.22,0.31,0,43,44,2,17,19,24,0,,,,,,,,,,,,,,,,,,
ENG-Premier League,2223.0,Aston Villa,emiliano martinez,ARG,GK,29.0,1992.0,36,36,3139,34.9,0,0,0,0,0,0,7,0,0.0,0.0,0.0,0.0,0.0,0,0,,0.0,0.0,,,87,91.8,87.0,34,0,,1,1.61,47,38,9,0.26,1.54,0,1,6,0,0,1,0,1,38.0,1.09,135.0,97.0,71.9,17.0,7.0,12.0,11.0,30.6,5.0,4.0,1.0,0.0,20.0,Goalkeeper,30.0,28000000.0
ENG-Premier League,2223.0,Aston Villa,ezri konsa,ENG,DF,24.0,1997.0,38,37,3322,36.9,0,0,0,0,0,0,6,0,0.0,0.0,0.0,0.0,0.0,8,0,0.0,0.22,0.0,0.0,,87,97.1,90.0,36,1,1.0,0,1.61,49,45,4,0.11,-0.81,0,12,64,0,4,27,20,0,,,,,,,,,,,,,,,,Centre-Back,25.0,25000000.0
ENG-Premier League,2223.0,Aston Villa,jacob ramsey,ENG,MF,21.0,2001.0,35,31,2636,29.3,6,7,13,6,0,0,5,0,0.2,0.24,0.44,0.2,0.44,33,13,39.4,1.13,0.44,0.18,0.46,75,77.1,82.0,16,4,26.0,0,1.63,40,33,7,0.24,0.47,0,35,45,2,18,22,40,1,,,,,,,,,,,,,,,,Central Midfield,22.0,42000000.0
ENG-Premier League,2223.0,Aston Villa,jan bednarek,POL,DF,26.0,1996.0,3,1,100,1.1,0,0,0,0,0,0,0,0,0.0,0.0,0.0,0.0,0.0,0,0,,0.0,0.0,,,33,2.9,45.0,0,2,28.0,10,1.33,0,1,-1,-0.9,-1.06,0,1,1,0,0,2,3,0,,,,,,,,,,,,,,,,Centre-Back,27.0,14000000.0
ENG-Premier League,2223.0,Aston Villa,john mcginn,SCO,MF,27.0,1994.0,34,30,2693,29.9,1,3,4,1,0,0,7,0,0.03,0.1,0.13,0.03,0.13,42,11,26.2,1.4,0.37,0.02,0.09,79,78.7,86.0,22,4,26.0,1,1.59,36,31,5,0.17,0.17,0,41,64,0,51,23,36,0,,,,,,,,,,,,,,,,Central Midfield,28.0,27000000.0
ENG-Premier League,2223.0,Aston Villa,jader duran,COL,FW,18.0,2003.0,12,0,136,1.5,0,0,0,0,0,0,1,0,0.0,0.0,0.0,0.0,0.0,7,2,28.6,4.63,1.32,0.0,0.0,11,4.0,,0,12,11.0,5,1.42,3,4,-1,-0.66,-0.83,0,9,3,3,2,1,1,0,,,,,,,,,,,,,,,,,,
ENG-Premier League,2223.0,Aston Villa,leander dendoncker,BEL,MF,27.0,1995.0,20,7,697,7.7,0,0,0,0,0,0,0,0,0.0,0.0,0.0,0.0,0.0,2,0,0.0,0.26,0.0,0.0,,35,20.4,75.0,2,13,13.0,7,1.55,13,11,2,0.26,0.16,0,1,2,0,2,8,10,0,,,,,,,,,,,,,,,,Defensive Midfield,28.0,15000000.0
ENG-Premier League,2223.0,Aston Villa,leon bailey,JAM,"FW,MF",24.0,1997.0,33,26,1967,21.9,4,4,8,4,0,0,4,0,0.18,0.18,0.37,0.18,0.37,51,14,27.5,2.33,0.64,0.08,0.29,60,57.5,70.0,4,7,21.0,0,1.61,27,32,-5,-0.23,-0.85,0,29,22,8,98,3,6,0,,,,,,,,,,,,,,,,Right Winger,25.0,28000000.0
ENG-Premier League,2223.0,Aston Villa,lucas digne,FRA,DF,29.0,1993.0,28,18,1502,16.7,1,0,1,1,0,0,5,0,0.06,0.0,0.06,0.06,0.06,8,3,37.5,0.48,0.18,0.13,0.33,54,43.9,75.0,10,10,15.0,4,1.46,22,25,-3,-0.18,-0.56,0,19,22,2,77,18,13,1,,,,,,,,,,,,,,,,Left-Back,29.0,15000000.0
ENG-Premier League,2223.0,Aston Villa,ludwig augustinsson,SWE,DF,28.0,1994.0,3,1,77,0.9,0,0,0,0,0,0,1,0,0.0,0.0,0.0,0.0,0.0,2,2,100.0,2.34,2.34,0.0,0.0,26,2.3,44.0,0,2,17.0,9,1.67,1,0,1,1.17,1.06,0,1,3,0,5,0,0,0,,,,,,,,,,,,,,,,Left-Back,29.0,2500000.0
ENG-Premier League,2223.0,Aston Villa,matty cash,POL,DF,24.0,1997.0,26,20,1820,20.2,0,1,1,0,0,0,4,0,0.0,0.05,0.05,0.0,0.05,7,1,14.3,0.35,0.05,0.0,0.0,70,53.2,85.0,15,6,21.0,1,1.46,28,29,-1,-0.05,-0.39,0,21,16,2,47,26,33,0,,,,,,,,,,,,,,,,Right-Back,25.0,25000000.0
ENG-Premier League,2223.0,Aston Villa,morgan sanson,FRA,MF,27.0,1994.0,2,0,11,0.1,0,0,0,0,0,0,0,0,0.0,0.0,0.0,0.0,0.0,0,0,,0.0,0.0,,,6,0.3,,0,2,6.0,11,3.0,0,1,-1,-8.18,-8.34,0,0,2,0,0,0,1,0,,,,,,,,,,,,,,,,Central Midfield,28.0,6000000.0
ENG-Premier League,2223.0,Aston Villa,ollie watkins,ENG,FW,26.0,1995.0,37,36,3127,34.7,15,6,21,14,1,2,4,0,0.43,0.17,0.6,0.4,0.58,85,47,55.3,2.45,1.35,0.16,0.3,85,91.4,86.0,26,1,25.0,0,1.57,47,40,7,0.2,0.82,0,26,39,18,9,10,11,0,,,,,,,,,,,,,,,,Centre-Forward,27.0,40000000.0
ENG-Premier League,2223.0,Aston Villa,philippe coutinho,BRA,"FW,MF",30.0,1992.0,20,7,788,8.8,1,0,1,1,0,0,3,0,0.11,0.0,0.11,0.11,0.11,21,8,38.1,2.4,0.91,0.05,0.13,39,23.0,72.0,1,13,22.0,2,1.1,9,9,0,0.0,-0.17,0,16,14,2,19,4,14,0,,,,,,,,,,,,,,,,Attacking Midfield,31.0,10000000.0
ENG-Premier League,2223.0,Aston Villa,robin olsen,SWE,GK,32.0,1990.0,4,2,281,3.1,0,0,0,0,0,0,0,0,0.0,0.0,0.0,0.0,0.0,0,0,,0.0,0.0,,,70,8.2,90.0,2,2,51.0,30,1.0,4,8,-4,-1.28,-1.54,0,0,0,0,0,0,0,0,8.0,2.56,19.0,11.0,57.9,1.0,0.0,1.0,1.0,50.0,1.0,1.0,0.0,0.0,0.0,Goalkeeper,33.0,1500000.0
ENG-Premier League,2223.0,Aston Villa,tyrone mings,ENG,DF,29.0,1993.0,35,35,3150,35.0,1,2,3,1,0,0,7,0,0.03,0.06,0.09,0.03,0.09,7,2,28.6,0.2,0.06,0.14,0.5,90,92.1,90.0,35,0,,1,1.74,50,40,10,0.29,1.95,0,18,22,3,3,52,7,1,,,,,,,,,,,,,,,,Centre-Back,30.0,22000000.0
ENG-Premier League,2223.0,Aston Villa,alex moreno,ESP,DF,29.0,1993.0,19,14,1329,14.8,0,3,3,0,0,0,3,0,0.0,0.2,0.2,0.0,0.2,13,3,23.1,0.88,0.2,0.0,0.0,70,38.9,81.0,5,5,40.0,0,1.89,23,10,13,0.88,1.22,0,17,11,0,48,7,15,0,,,,,,,,,,,,,,,,Left-Back,30.0,15000000.0
ENG-Premier League,2223.0,Bournemouth,adam smith,ENG,DF,31.0,1991.0,37,34,2943,32.7,0,1,1,0,0,0,11,0,0.0,0.03,0.03,0.0,0.03,5,1,20.0,0.15,0.03,0.0,0.0,80,86.1,84.0,25,3,29.0,0,1.05,34,59,-25,-0.76,0.93,0,29,27,0,49,26,28,0,,,,,,,,,,,,,,,,Right-Back,32.0,1200000.0
ENG-Premier League,2223.0,Bournemouth,antoine semenyo,GHA,"MF,FW",22.0,2000.0,11,2,258,2.9,1,0,1,1,0,0,0,0,0.35,0.0,0.35,0.35,0.35,3,1,33.3,1.05,0.35,0.33,1.0,23,7.5,77.0,1,9,12.0,4,1.45,3,6,-3,-1.05,-0.16,0,6,5,1,1,2,0,0,,,,,,,,,,,,,,,,Right Winger,23.0,9000000.0
ENG-Premier League,2223.0,Bournemouth,ben pearson,ENG,MF,27.0,1995.0,7,3,286,3.2,0,0,0,0,0,0,1,0,0.0,0.0,0.0,0.0,0.0,2,1,50.0,0.63,0.31,0.0,0.0,41,8.4,69.0,1,4,20.0,7,1.0,1,10,-9,-2.83,-2.11,0,9,2,0,0,2,4,0,,,,,,,,,,,,,,,,Defensive Midfield,28.0,2200000.0
ENG-Premier League,2223.0,Bournemouth,chris mepham,WAL,DF,24.0,1997.0,26,24,2199,24.4,0,0,0,0,0,0,7,0,0.0,0.0,0.0,0.0,0.0,8,4,50.0,0.33,0.16,0.0,0.0,85,64.3,90.0,23,2,24.0,7,1.0,23,52,-29,-1.19,-0.82,0,16,7,0,0,29,23,2,,,,,,,,,,,,,,,,Centre-Back,25.0,8000000.0
ENG-Premier League,2223.0,Bournemouth,dango ouattara,BFA,MF,20.0,2002.0,19,15,1241,13.8,1,3,4,1,0,0,1,0,0.07,0.22,0.29,0.07,0.29,26,5,19.2,1.89,0.36,0.04,0.2,65,36.3,78.0,7,4,17.0,0,1.21,13,23,-10,-0.73,0.27,0,5,15,8,30,10,15,0,,,,,,,,,,,,,,,,Right Winger,21.0,25000000.0
ENG-Premier League,2223.0,Bournemouth,david brooks,WAL,MF,25.0,1997.0,6,2,173,1.9,0,0,0,0,0,0,1,0,0.0,0.0,0.0,0.0,0.0,5,1,20.0,2.6,0.52,0.0,0.0,29,5.1,55.0,0,4,16.0,5,0.0,0,4,-4,-2.08,-1.25,0,3,1,0,6,2,0,0,,,,,,,,,,,,,,,,Right Winger,25.0,12000000.0
ENG-Premier League,2223.0,Bournemouth,dominic solanke,ENG,FW,24.0,1997.0,33,32,2860,31.8,6,7,13,6,0,0,2,0,0.19,0.22,0.41,0.19,0.41,76,29,38.2,2.39,0.91,0.08,0.21,87,83.6,88.0,19,1,45.0,0,1.15,35,52,-17,-0.53,2.2,0,41,53,11,13,6,9,0,,,,,,,,,,,,,,,,Centre-Forward,25.0,20000000.0
ENG-Premier League,2223.0,Bournemouth,emiliano marcondes,DEN,"FW,MF",27.0,1995.0,1,0,9,0.1,0,0,0,0,0,0,0,0,0.0,0.0,0.0,0.0,0.0,0,0,,0.0,0.0,,,9,0.3,,0,1,9.0,9,0.0,0,1,-1,-10.0,-9.13,0,0,1,0,0,0,0,0,,,,,,,,,,,,,,,,Attacking Midfield,28.0,1500000.0
ENG-Premier League,2223.0,Bournemouth,hamed junior traore,CIV,MF,22.0,2000.0,7,5,427,4.7,0,0,0,0,0,0,0,0,0.0,0.0,0.0,0.0,0.0,6,0,0.0,1.26,0.0,0.0,,61,12.5,75.0,1,2,26.0,0,1.0,3,8,-5,-1.05,-0.18,0,4,4,1,41,3,12,0,,,,,,,,,,,,,,,,,,
ENG-Premier League,2223.0,Bournemouth,illia zabarnyi,UKR,DF,19.0,2002.0,5,3,299,3.3,0,0,0,0,0,0,0,0,0.0,0.0,0.0,0.0,0.0,0,0,,0.0,0.0,,,60,8.7,90.0,3,2,15.0,6,0.6,0,5,-5,-1.51,-0.67,0,1,2,0,0,3,2,0,,,,,,,,,,,,,,,,,,
ENG-Premier League,2223.0,Bournemouth,jack stacey,ENG,"DF,MF",26.0,1996.0,10,3,299,3.3,0,0,0,0,0,0,2,0,0.0,0.0,0.0,0.0,0.0,1,0,0.0,0.3,0.0,0.0,,30,8.7,75.0,2,7,11.0,17,1.1,1,10,-9,-2.71,-1.99,0,4,0,1,10,5,4,0,,,,,,,,,,,,,,,,Right-Back,27.0,2000000.0
ENG-Premier League,2223.0,Bournemouth,jack stephens,ENG,DF,28.0,1994.0,15,13,1173,13.0,0,0,0,0,0,0,3,0,0.0,0.0,0.0,0.0,0.0,2,1,50.0,0.15,0.08,0.0,0.0,78,34.3,90.0,13,2,2.0,15,1.4,16,22,-6,-0.46,0.66,0,8,2,0,2,16,11,0,,,,,,,,,,,,,,,,Centre-Back,29.0,3500000.0
ENG-Premier League,2223.0,Bournemouth,jaidon anthony,ENG,MF,22.0,1999.0,30,11,1257,14.0,3,1,4,3,0,0,2,0,0.21,0.07,0.29,0.21,0.29,21,13,61.9,1.5,0.93,0.14,0.23,42,36.8,76.0,4,19,22.0,8,0.97,9,29,-20,-1.43,-0.85,0,9,12,5,45,10,17,0,,,,,,,,,,,,,,,,Left Winger,23.0,9000000.0
ENG-Premier League,2223.0,Bournemouth,jamal lowe,JAM,"FW,MF",28.0,1994.0,2,0,12,0.1,0,0,0,0,0,0,0,0,0.0,0.0,0.0,0.0,0.0,0,0,,0.0,0.0,,,6,0.4,,0,2,6.0,8,0.0,0,0,0,0.0,0.9,0,0,0,0,0,0,0,0,,,,,,,,,,,,,,,,Centre-Forward,28.0,1500000.0
ENG-Premier League,2223.0,Bournemouth,jefferson lerma,COL,MF,27.0,1994.0,37,37,3252,36.1,5,0,5,5,0,0,7,0,0.14,0.0,0.14,0.14,0.14,35,12,34.3,0.97,0.33,0.14,0.42,88,95.1,88.0,33,0,,0,1.05,34,67,-33,-0.91,-0.38,0,37,33,2,12,45,30,1,,,,,,,,,,,,,,,,Defensive Midfield,28.0,20000000.0
ENG-Premier League,2223.0,Bournemouth,joe rothwell,ENG,MF,27.0,1995.0,20,12,1016,11.3,0,1,1,0,0,0,1,0,0.0,0.09,0.09,0.0,0.09,3,2,66.7,0.27,0.18,0.0,0.0,51,29.7,71.0,3,8,20.0,7,1.1,16,15,1,0.09,1.4,0,17,3,0,27,8,15,0,,,,,,,,,,,,,,,,Central Midfield,28.0,4000000.0
ENG-Premier League,2223.0,Bournemouth,jordan zemura,ZIM,"DF,MF",22.0,1999.0,19,17,1454,16.2,0,1,1,0,0,0,1,0,0.0,0.06,0.06,0.0,0.06,4,1,25.0,0.25,0.06,0.0,0.0,77,42.5,83.0,12,2,23.0,5,0.95,14,31,-17,-1.05,-0.27,0,17,14,0,18,15,23,0,,,,,,,,,,,,,,,,Left-Back,23.0,6000000.0
ENG-Premier League,2223.0,Bournemouth,junior stanislas,ENG,MF,32.0,1989.0,4,0,61,0.7,0,0,0,0,0,0,0,0,0.0,0.0,0.0,0.0,0.0,1,0,0.0,1.48,0.0,0.0,,15,1.8,,0,4,15.0,5,0.75,0,1,-1,-1.48,-0.59,0,0,0,0,1,0,0,0,,,,,,,,,,,,,,,,Left Winger,33.0,500000.0
ENG-Premier League,2223.0,Bournemouth,kieffer moore,WAL,FW,29.0,1992.0,27,12,1279,14.2,4,0,4,4,0,0,1,0,0.28,0.0,0.28,0.28,0.28,23,9,39.1,1.62,0.63,0.17,0.44,47,37.4,86.0,8,15,17.0,8,0.85,11,33,-22,-1.55,-1.04,0,26,30,1,7,1,12,0,,,,,,,,,,,,,,,,Centre-Forward,30.0,4000000.0
ENG-Premier League,2223.0,Bournemouth,lewis cook,ENG,MF,25.0,1997.0,28,18,1720,19.1,0,2,2,0,0,0,4,0,0.0,0.1,0.1,0.0,0.1,6,0,0.0,0.31,0.0,0.0,,61,50.3,84.0,14,10,21.0,5,0.89,18,39,-21,-1.1,-0.41,0,15,10,0,45,22,23,0,,,,,,,,,,,,,,,,Central Midfield,26.0,10000000.0
ENG-Premier League,2223.0,Bournemouth,lloyd kelly,ENG,DF,23.0,1998.0,23,23,2040,22.7,0,2,2,0,0,0,3,0,0.0,0.09,0.09,0.0,0.09,3,0,0.0,0.13,0.0,0.0,,89,59.6,89.0,22,0,,0,1.13,19,38,-19,-0.84,0.14,0,17,5,0,14,25,19,0,,,,,,,,,,,,,,,,Centre-Back,24.0,18000000.0
ENG-Premier League,2223.0,Bournemouth,marcos senesi,ARG,DF,25.0,1997.0,31,29,2491,27.7,2,0,2,2,0,0,7,0,0.07,0.0,0.07,0.07,0.07,8,3,37.5,0.29,0.11,0.25,0.67,80,72.8,85.0,22,2,12.0,5,0.9,28,55,-27,-0.98,-0.3,0,29,14,0,8,42,33,0,,,,,,,,,,,,,,,,Centre-Back,26.0,22000000.0
ENG-Premier League,2223.0,Bournemouth,marcus tavernier,ENG,MF,23.0,1999.0,23,19,1743,19.4,5,4,9,5,0,0,1,0,0.26,0.21,0.46,0.26,0.46,37,15,40.5,1.91,0.77,0.14,0.33,76,51.0,83.0,10,4,40.0,0,1.39,25,37,-12,-0.62,0.56,0,21,28,4,93,8,22,0,,,,,,,,,,,,,,,,Attacking Midfield,24.0,17000000.0
ENG-Premier League,2223.0,Bournemouth,mark travers,IRL,GK,23.0,1999.0,12,11,1035,11.5,0,0,0,0,0,0,0,0,0.0,0.0,0.0,0.0,0.0,0,0,,0.0,0.0,,,86,30.3,90.0,11,1,45.0,26,0.5,10,32,-22,-1.91,-1.46,0,0,0,0,0,0,0,0,32.0,2.78,68.0,36.0,52.9,2.0,0.0,9.0,2.0,18.2,2.0,2.0,0.0,0.0,0.0,Goalkeeper,24.0,2000000.0
ENG-Premier League,2223.0,Bournemouth,matias vina,URU,"DF,MF",24.0,1997.0,12,5,458,5.1,2,0,2,2,0,0,1,0,0.39,0.0,0.39,0.39,0.39,9,6,66.7,1.77,1.18,0.22,0.33,38,13.4,70.0,2,7,16.0,4,1.25,5,10,-5,-0.98,-0.1,0,7,11,0,4,4,11,0,,,,,,,,,,,,,,,,Left-Back,25.0,8000000.0
ENG-Premier League,2223.0,Bournemouth,neto,BRA,GK,33.0,1989.0,27,27,2385,26.5,0,0,0,0,0,0,4,0,0.0,0.0,0.0,0.0,0.0,0,0,,0.0,0.0,,,88,69.7,88.0,26,0,,3,1.22,27,39,-12,-0.45,1.46,0,0,4,0,0,0,1,0,39.0,1.47,139.0,100.0,71.9,9.0,6.0,12.0,6.0,22.2,5.0,4.0,0.0,1.0,0.0,Goalkeeper,33.0,2500000.0
ENG-Premier League,2223.0,Bournemouth,owen bevan,WAL,DF,18.0,2003.0,1,0,9,0.1,0,0,0,0,0,0,0,0,0.0,0.0,0.0,0.0,0.0,0,0,,0.0,0.0,,,9,0.3,,0,1,9.0,0,0.0,0,1,-1,-10.0,-9.13,0,0,0,0,0,0,0,0,,,,,,,,,,,,,,,,Centre-Back,19.0,
ENG-Premier League,2223.0,Bournemouth,philip billing,DEN,"MF,FW",26.0,1996.0,36,34,2764,30.7,7,1,8,7,0,0,5,0,0.23,0.03,0.26,0.23,0.26,38,18,47.4,1.24,0.59,0.18,0.39,77,80.8,79.0,11,2,36.0,0,1.06,32,53,-21,-0.68,1.1,0,30,34,3,38,32,40,0,,,,,,,,,,,,,,,,Central Midfield,27.0,20000000.0
ENG-Premier League,2223.0,Bournemouth,ryan christie,SCO,MF,27.0,1995.0,32,22,1834,20.4,1,1,2,1,0,0,2,0,0.05,0.05,0.1,0.05,0.1,33,9,27.3,1.62,0.44,0.03,0.11,57,53.6,74.0,5,10,20.0,6,1.09,19,36,-17,-0.83,0.13,0,35,45,1,32,26,22,0,,,,,,,,,,,,,,,,Central Midfield,28.0,10000000.0
ENG-Premier League,2223.0,Bournemouth,ryan fredericks,ENG,DF,29.0,1992.0,12,5,533,5.9,0,0,0,0,0,0,1,0,0.0,0.0,0.0,0.0,0.0,0,0,,0.0,0.0,,,44,15.6,74.0,1,7,23.0,2,1.0,11,11,0,0.0,1.06,0,3,1,0,15,1,3,0,,,,,,,,,,,,,,,,Right-Back,30.0,1500000.0
ENG-Premier League,2223.0,Bournemouth,siriki dembele,CIV,"FW,MF",25.0,1996.0,6,0,110,1.2,0,0,0,0,0,0,0,0,0.0,0.0,0.0,0.0,0.0,2,2,100.0,1.64,1.64,0.0,0.0,18,3.2,,0,6,18.0,9,0.17,0,2,-2,-1.64,-0.77,0,1,2,0,3,1,1,0,,,,,,,,,,,,,,,,Left Winger,26.0,2000000.0
ENG-Premier League,2223.0,Brentford,aaron hickey,SCO,DF,20.0,2002.0,26,23,1916,21.3,0,1,1,0,0,0,7,0,0.0,0.05,0.05,0.0,0.05,11,2,18.2,0.52,0.09,0.0,0.0,74,56.0,81.0,8,3,16.0,2,1.46,33,30,3,0.14,-0.4,0,20,35,1,27,17,25,0,,,,,,,,,,,,,,,,Right-Back,21.0,25000000.0
ENG-Premier League,2223.0,Brentford,ben mee,ENG,DF,32.0,1989.0,37,37,3269,36.3,3,2,5,3,0,0,2,0,0.08,0.06,0.14,0.08,0.14,27,7,25.9,0.74,0.19,0.11,0.43,88,95.6,88.0,34,0,,1,1.59,56,40,16,0.44,2.82,0,14,15,1,7,48,25,0,,,,,,,,,,,,,,,,Centre-Back,33.0,2000000.0
ENG-Premier League,2223.0,Brentford,bryan mbeumo,CMR,FW,22.0,1999.0,38,36,2906,32.3,9,8,17,8,1,1,5,0,0.28,0.25,0.53,0.25,0.5,71,33,46.5,2.2,1.02,0.11,0.24,76,85.0,79.0,10,2,24.0,0,1.55,50,39,11,0.34,0.17,0,26,23,6,156,11,17,0,,,,,,,,,,,,,,,,Right Winger,23.0,35000000.0
ENG-Premier League,2223.0,Brentford,christian nrgaard,DEN,MF,28.0,1994.0,22,21,1763,19.6,1,3,4,1,0,0,6,0,0.05,0.15,0.2,0.05,0.2,19,10,52.6,0.97,0.51,0.05,0.1,80,51.5,83.0,12,1,29.0,0,1.5,31,23,8,0.41,0.19,0,35,20,0,11,33,30,0,,,,,,,,,,,,,,,,Defensive Midfield,29.0,16000000.0
ENG-Premier League,2223.0,Brentford,david raya,ESP,GK,26.0,1995.0,38,38,3420,38.0,0,0,0,0,0,0,1,0,0.0,0.0,0.0,0.0,0.0,1,0,0.0,0.03,0.0,0.0,,90,100.0,90.0,38,0,,0,1.55,58,46,12,0.32,,0,0,5,0,0,1,0,1,46.0,1.21,200.0,154.0,77.0,15.0,14.0,9.0,12.0,31.6,2.0,2.0,0.0,0.0,0.0,Goalkeeper,27.0,30000000.0
ENG-Premier League,2223.0,Brentford,ethan pinnock,JAM,DF,29.0,1993.0,30,30,2700,30.0,3,0,3,3,0,0,0,0,0.1,0.0,0.1,0.1,0.1,15,9,60.0,0.5,0.3,0.2,0.33,90,78.9,90.0,30,0,,0,1.63,43,34,9,0.3,-0.07,0,6,10,0,10,31,29,1,,,,,,,,,,,,,,,,Centre-Back,30.0,14000000.0
ENG-Premier League,2223.0,Brentford,frank onyeka,NGA,MF,24.0,1998.0,21,8,848,9.4,0,2,2,0,0,0,0,0,0.0,0.21,0.21,0.0,0.21,9,4,44.4,0.96,0.42,0.0,0.0,40,24.8,65.0,0,13,25.0,6,1.71,12,11,1,0.11,-0.28,0,15,26,2,2,9,12,0,,,,,,,,,,,,,,,,Central Midfield,25.0,8000000.0
ENG-Premier League,2223.0,Brentford,halil dervisoglu,TUR,FW,22.0,1999.0,1,0,8,0.1,0,0,0,0,0,0,0,0,0.0,0.0,0.0,0.0,0.0,1,0,0.0,11.25,0.0,0.0,,8,0.2,,0,1,8.0,1,1.0,1,0,1,11.25,10.96,0,0,0,0,0,0,0,0,,,,,,,,,,,,,,,,Centre-Forward,23.0,2000000.0
ENG-Premier League,2223.0,Brentford,ivan toney,ENG,FW,26.0,1996.0,33,33,2951,32.8,20,4,24,14,6,7,9,0,0.61,0.12,0.73,0.43,0.55,94,42,44.7,2.87,1.28,0.15,0.33,89,86.3,89.0,29,0,,0,1.39,47,42,5,0.15,-1.19,0,54,74,27,34,15,11,0,,,,,,,,,,,,,,,,Centre-Forward,27.0,35000000.0
ENG-Premier League,2223.0,Brentford,josh dasilva,ENG,MF,23.0,1998.0,36,14,1389,15.4,4,2,6,4,0,0,1,0,0.26,0.13,0.39,0.26,0.39,18,6,33.3,1.17,0.39,0.22,0.67,39,40.6,68.0,0,22,20.0,2,1.47,28,17,11,0.71,0.67,0,14,22,0,33,5,8,0,,,,,,,,,,,,,,,,Central Midfield,24.0,16000000.0
ENG-Premier League,2223.0,Brentford,keane lewis potter,ENG,FW,21.0,2001.0,10,3,321,3.6,0,1,1,0,0,0,0,0,0.0,0.28,0.28,0.0,0.28,7,2,28.6,1.96,0.56,0.0,0.0,32,9.4,61.0,0,7,20.0,9,1.5,10,4,6,1.68,1.51,0,1,4,1,8,1,0,0,,,,,,,,,,,,,,,,Left Midfield,22.0,12000000.0
ENG-Premier League,2223.0,Brentford,kevin schade,GER,FW,20.0,2001.0,18,7,732,8.1,0,1,1,0,0,0,2,0,0.0,0.12,0.12,0.0,0.12,12,4,33.3,1.48,0.49,0.0,0.0,41,21.4,75.0,1,11,19.0,2,1.72,11,7,4,0.49,0.22,0,13,8,6,15,4,9,0,,,,,,,,,,,,,,,,Left Winger,21.0,25000000.0
ENG-Premier League,2223.0,Brentford,kristoffer ajer,NOR,DF,24.0,1998.0,9,9,763,8.5,0,0,0,0,0,0,0,0,0.0,0.0,0.0,0.0,0.0,1,0,0.0,0.12,0.0,0.0,,85,22.3,85.0,6,0,,10,1.11,7,14,-7,-0.83,-1.47,0,5,8,0,6,6,8,0,,,,,,,,,,,,,,,,Centre-Back,25.0,16000000.0
ENG-Premier League,2223.0,Brentford,mads bech srensen,DEN,DF,23.0,1999.0,4,0,21,0.2,0,0,0,0,0,0,0,0,0.0,0.0,0.0,0.0,0.0,0,0,,0.0,0.0,,,5,0.6,,0,4,5.0,3,2.0,1,0,1,4.29,3.99,0,0,0,0,0,0,0,0,,,,,,,,,,,,,,,,Centre-Back,24.0,2500000.0
ENG-Premier League,2223.0,Brentford,mads roerslev,DEN,"MF,DF",23.0,1999.0,20,12,1108,12.3,0,0,0,0,0,0,0,0,0.0,0.0,0.0,0.0,0.0,3,1,33.3,0.24,0.08,0.0,0.0,55,32.4,85.0,10,8,11.0,15,2.1,20,12,8,0.65,0.49,0,4,3,0,20,8,12,0,,,,,,,,,,,,,,,,Right-Back,24.0,6000000.0
ENG-Premier League,2223.0,Brentford,mathias jensen,DEN,MF,26.0,1996.0,37,37,2803,31.1,5,6,11,5,0,0,5,0,0.16,0.19,0.35,0.16,0.35,23,7,30.4,0.74,0.22,0.22,0.71,76,82.0,76.0,10,0,,0,1.51,45,40,5,0.16,-0.86,0,32,26,1,158,31,35,0,,,,,,,,,,,,,,,,Central Midfield,27.0,22000000.0
ENG-Premier League,2223.0,Brentford,mathias jrgensen,DEN,DF,32.0,1990.0,18,11,1103,12.3,0,0,0,0,0,0,2,0,0.0,0.0,0.0,0.0,0.0,5,1,20.0,0.41,0.08,0.0,0.0,61,32.3,85.0,9,7,24.0,15,1.83,17,15,2,0.16,-0.23,0,9,4,2,3,16,7,1,,,,,,,,,,,,,,,,,,
ENG-Premier League,2223.0,Brentford,mikkel damsgaard,DEN,"MF,FW",22.0,2000.0,26,9,988,11.0,0,0,0,0,0,0,4,0,0.0,0.0,0.0,0.0,0.0,12,6,50.0,1.09,0.55,0.0,0.0,38,28.9,66.0,0,17,23.0,9,1.5,19,14,5,0.46,0.2,0,13,11,0,29,9,20,0,,,,,,,,,,,,,,,,Attacking Midfield,22.0,13000000.0
ENG-Premier League,2223.0,Brentford,pontus jansson,SWE,DF,31.0,1991.0,12,9,724,8.0,1,0,1,1,0,0,0,0,0.12,0.0,0.12,0.12,0.12,4,2,50.0,0.5,0.25,0.25,0.5,60,21.2,79.0,7,3,5.0,3,1.33,17,14,3,0.37,0.07,0,2,1,1,0,9,3,0,,,,,,,,,,,,,,,,Centre-Back,32.0,2500000.0
ENG-Premier League,2223.0,Brentford,rico henry,JAM,"DF,MF",25.0,1997.0,37,37,3238,36.0,0,2,2,0,0,0,4,0,0.0,0.06,0.06,0.0,0.06,22,4,18.2,0.61,0.11,0.0,0.0,88,94.7,88.0,29,0,,0,1.51,53,46,7,0.19,-2.28,0,32,36,2,89,31,30,0,,,,,,,,,,,,,,,,Left-Back,25.0,28000000.0
ENG-Premier League,2223.0,Brentford,saman ghoddos,IRN,"FW,MF",28.0,1993.0,15,0,139,1.5,0,0,0,0,0,0,0,0,0.0,0.0,0.0,0.0,0.0,1,1,100.0,0.65,0.65,0.0,0.0,9,4.1,,0,15,9.0,19,1.53,3,5,-2,-1.29,-1.68,0,3,3,0,7,3,1,0,,,,,,,,,,,,,,,,Attacking Midfield,29.0,2000000.0
ENG-Premier League,2223.0,Brentford,sergi canos,ESP,"FW,MF",25.0,1997.0,5,0,77,0.9,0,0,0,0,0,0,0,0,0.0,0.0,0.0,0.0,0.0,1,0,0.0,1.17,0.0,0.0,,15,2.3,,0,5,15.0,7,1.6,0,2,-2,-2.34,-2.71,0,3,3,0,3,0,0,0,,,,,,,,,,,,,,,,Left Winger,26.0,9000000.0
ENG-Premier League,2223.0,Brentford,shandon baptiste,GRN,MF,24.0,1998.0,23,4,618,6.9,0,1,1,0,0,0,3,1,0.0,0.15,0.15,0.0,0.15,4,1,25.0,0.58,0.15,0.0,0.0,27,18.1,68.0,0,19,18.0,5,1.35,12,6,6,0.87,0.68,1,10,13,1,11,6,9,0,,,,,,,,,,,,,,,,Central Midfield,25.0,3000000.0
ENG-Premier League,2223.0,Brentford,vitaly janelt,GER,MF,24.0,1998.0,35,24,2208,24.5,3,1,4,3,0,0,3,0,0.12,0.04,0.16,0.12,0.16,14,5,35.7,0.57,0.2,0.21,0.6,63,64.6,80.0,13,11,26.0,0,1.63,34,28,6,0.24,-0.2,0,22,21,2,22,28,26,0,,,,,,,,,,,,,,,,Defensive Midfield,25.0,20000000.0
ENG-Premier League,2223.0,Brentford,yoane wissa,COD,FW,25.0,1996.0,38,16,1606,17.8,7,3,10,7,0,0,3,0,0.39,0.17,0.56,0.39,0.56,32,15,46.9,1.79,0.84,0.22,0.47,42,47.0,75.0,1,22,19.0,0,1.55,30,17,13,0.73,0.78,0,21,27,19,13,6,13,0,,,,,,,,,,,,,,,,Centre-Forward,26.0,18000000.0
ENG-Premier League,2223.0,Brighton,adam lallana,ENG,MF,34.0,1988.0,16,12,722,8.0,2,1,3,2,0,0,0,0,0.25,0.12,0.37,0.25,0.37,8,5,62.5,1.0,0.62,0.25,0.4,45,21.1,55.0,0,4,15.0,0,1.56,16,10,6,0.75,0.31,0,2,7,0,3,2,6,0,,,,,,,,,,,,,,,,Attacking Midfield,35.0,1200000.0
ENG-Premier League,2223.0,Brighton,adam webster,ENG,DF,27.0,1995.0,27,23,1985,22.1,0,0,0,0,0,0,2,0,0.0,0.0,0.0,0.0,0.0,18,2,11.1,0.82,0.09,0.0,0.0,74,58.0,85.0,17,4,7.0,4,1.74,41,27,14,0.63,0.32,0,10,6,1,3,19,11,1,,,,,,,,,,,,,,,,Centre-Back,28.0,25000000.0
ENG-Premier League,2223.0,Brighton,alexis mac allister,ARG,MF,23.0,1998.0,35,31,2886,32.1,10,2,12,4,6,6,8,0,0.31,0.06,0.37,0.12,0.19,86,34,39.5,2.68,1.06,0.05,0.12,82,84.4,89.0,27,4,32.0,0,1.6,54,45,9,0.28,-1.4,0,34,57,0,28,20,38,1,,,,,,,,,,,,,,,,Central Midfield,24.0,65000000.0
ENG-Premier League,2223.0,Brighton,andrew moran,IRL,MF,18.0,2003.0,1,0,12,0.1,0,0,0,0,0,0,0,0,0.0,0.0,0.0,0.0,0.0,0,0,,0.0,0.0,,,12,0.4,,0,1,12.0,12,3.0,0,1,-1,-7.5,-8.03,0,0,0,0,0,0,0,0,,,,,,,,,,,,,,,,Attacking Midfield,19.0,300000.0
ENG-Premier League,2223.0,Brighton,billy gilmour,SCO,MF,21.0,2001.0,14,7,507,5.6,0,1,1,0,0,0,1,0,0.0,0.18,0.18,0.0,0.18,6,1,16.7,1.07,0.18,0.0,0.0,36,14.8,68.0,2,7,5.0,16,1.79,14,8,6,1.07,0.66,0,7,3,0,2,5,2,0,,,,,,,,,,,,,,,,Defensive Midfield,22.0,12000000.0
ENG-Premier League,2223.0,Brighton,cameron peupion,AUS,MF,19.0,2002.0,1,0,6,0.1,0,0,0,0,0,0,0,0,0.0,0.0,0.0,0.0,0.0,1,0,0.0,15.0,0.0,0.0,,6,0.2,,0,1,6.0,4,0.0,0,2,-2,-30.0,-30.55,0,0,0,0,0,0,0,0,,,,,,,,,,,,,,,,Left Winger,20.0,125000.0
ENG-Premier League,2223.0,Brighton,danny welbeck,ENG,FW,31.0,1990.0,31,21,1854,20.6,6,3,9,6,0,0,0,0,0.29,0.15,0.44,0.29,0.44,62,23,37.1,3.01,1.12,0.1,0.26,60,54.2,76.0,7,10,26.0,1,1.68,36,28,8,0.39,-0.24,0,27,18,5,0,5,7,0,,,,,,,,,,,,,,,,Centre-Forward,32.0,7000000.0
ENG-Premier League,2223.0,Brighton,deniz undav,GER,"MF,FW",26.0,1996.0,22,6,628,7.0,5,0,5,5,0,0,2,0,0.72,0.0,0.72,0.72,0.72,27,12,44.4,3.87,1.72,0.19,0.42,29,18.4,71.0,0,16,13.0,14,1.41,14,9,5,0.72,0.27,0,16,4,7,1,1,4,1,,,,,,,,,,,,,,,,Centre-Forward,26.0,10000000.0
ENG-Premier League,2223.0,Brighton,enock mwepu,ZAM,"MF,FW",24.0,1998.0,6,2,213,2.4,0,1,1,0,0,0,0,0,0.0,0.42,0.42,0.0,0.42,2,1,50.0,0.85,0.42,0.0,0.0,36,6.2,73.0,0,4,17.0,0,2.17,5,4,1,0.42,-0.08,0,2,1,2,3,2,5,0,,,,,,,,,,,,,,,,Central Midfield,25.0,
ENG-Premier League,2223.0,Brighton,evan ferguson,IRL,FW,17.0,2004.0,19,10,950,10.6,6,2,8,6,0,0,1,0,0.57,0.19,0.76,0.57,0.76,36,17,47.2,3.41,1.61,0.17,0.35,50,27.8,70.0,1,9,28.0,2,1.63,21,12,9,0.85,0.49,0,9,11,5,3,2,3,0,,,,,,,,,,,,,,,,Centre-Forward,18.0,30000000.0
ENG-Premier League,2223.0,Brighton,facundo buonanotte,ARG,MF,17.0,2004.0,13,6,565,6.3,1,1,2,1,0,0,2,0,0.16,0.16,0.32,0.16,0.32,11,3,27.3,1.75,0.48,0.09,0.33,43,16.5,69.0,1,7,22.0,6,1.54,11,12,-1,-0.16,-0.79,0,9,7,3,7,4,1,0,,,,,,,,,,,,,,,,Attacking Midfield,18.0,12000000.0
ENG-Premier League,2223.0,Brighton,jack hinshelwood,ENG,"DF,MF",17.0,2005.0,1,0,2,0.0,0,0,0,0,0,0,0,0,0.0,0.0,0.0,0.0,0.0,0,0,,0.0,0.0,,,2,0.1,,0,1,2.0,2,0.0,0,0,0,0.0,-0.5,0,0,0,0,0,0,0,0,,,,,,,,,,,,,,,,Defensive Midfield,18.0,
ENG-Premier League,2223.0,Brighton,jan paul van hecke,NED,DF,22.0,2000.0,8,3,295,3.3,0,0,0,0,0,0,2,0,0.0,0.0,0.0,0.0,0.0,2,0,0.0,0.61,0.0,0.0,,37,8.6,86.0,2,5,8.0,24,1.5,3,7,-4,-1.22,-1.88,0,7,4,0,0,6,6,0,,,,,,,,,,,,,,,,Centre-Back,23.0,5000000.0
ENG-Premier League,2223.0,Brighton,jason steele,ENG,GK,31.0,1990.0,15,15,1350,15.0,0,1,1,0,0,0,1,0,0.0,0.07,0.07,0.0,0.07,0,0,,0.0,0.0,,,90,39.5,90.0,15,0,,22,1.6,31,23,8,0.53,0.06,0,1,1,0,0,0,0,1,23.0,1.53,59.0,36.0,61.0,7.0,3.0,5.0,6.0,40.0,2.0,1.0,1.0,0.0,50.0,Goalkeeper,32.0,4000000.0
ENG-Premier League,2223.0,Brighton,jeremy sarmiento,ECU,MF,20.0,2002.0,9,1,176,2.0,0,1,1,0,0,0,1,0,0.0,0.51,0.51,0.0,0.51,5,2,40.0,2.56,1.02,0.0,0.0,20,5.1,61.0,0,8,14.0,11,2.33,9,2,7,3.58,3.25,0,4,4,0,3,1,3,0,,,,,,,,,,,,,,,,Left Winger,21.0,5000000.0
ENG-Premier League,2223.0,Brighton,joel veltman,NED,DF,30.0,1992.0,31,25,2188,24.3,1,1,2,1,0,0,6,0,0.04,0.04,0.08,0.04,0.08,14,6,42.9,0.58,0.25,0.07,0.17,71,64.0,79.0,14,6,35.0,2,1.71,47,29,18,0.74,0.67,0,27,38,0,23,17,34,0,,,,,,,,,,,,,,,,Right-Back,31.0,10000000.0
ENG-Premier League,2223.0,Brighton,julio enciso,PAR,"MF,FW",18.0,2004.0,20,7,806,9.0,4,2,6,4,0,0,1,0,0.45,0.22,0.67,0.45,0.67,38,18,47.4,4.24,2.01,0.11,0.22,40,23.6,67.0,1,13,26.0,11,1.75,21,12,9,1.0,0.66,0,13,15,3,12,3,4,0,,,,,,,,,,,,,,,,Attacking Midfield,19.0,22000000.0
ENG-Premier League,2223.0,Brighton,kaoru mitoma,JPN,MF,25.0,1997.0,33,24,2318,25.8,7,5,12,7,0,0,0,0,0.27,0.19,0.47,0.27,0.47,52,21,40.4,2.02,0.82,0.13,0.33,70,67.8,88.0,16,9,24.0,2,1.67,48,35,13,0.5,0.01,0,29,27,6,41,17,26,0,,,,,,,,,,,,,,,,Left Winger,26.0,32000000.0
ENG-Premier League,2223.0,Brighton,leandro trossard,BEL,"MF,FW",27.0,1994.0,16,16,1315,14.6,7,2,9,7,0,0,1,0,0.48,0.14,0.62,0.48,0.62,38,18,47.4,2.6,1.23,0.18,0.39,82,38.5,82.0,5,0,,1,1.5,23,23,0,0.0,-0.81,0,10,13,4,35,5,4,0,,,,,,,,,,,,,,,,Left Winger,28.0,35000000.0
ENG-Premier League,2223.0,Brighton,levi colwill,ENG,DF,19.0,2003.0,17,13,1220,13.6,0,2,2,0,0,0,1,0,0.0,0.15,0.15,0.0,0.15,8,0,0.0,0.59,0.0,0.0,,72,35.7,88.0,11,4,19.0,11,1.71,29,21,8,0.59,0.14,0,8,10,0,0,14,7,0,,,,,,,,,,,,,,,,Centre-Back,20.0,30000000.0
ENG-Premier League,2223.0,Brighton,lewis dunk,ENG,DF,30.0,1991.0,36,36,3239,36.0,1,0,1,1,0,0,4,0,0.03,0.0,0.03,0.03,0.03,22,3,13.6,0.61,0.08,0.05,0.33,90,94.7,90.0,35,0,,2,1.69,70,50,20,0.56,1.05,0,18,27,1,2,30,18,1,,,,,,,,,,,,,,,,Centre-Back,31.0,16000000.0
ENG-Premier League,2223.0,Brighton,moises caicedo,ECU,MF,20.0,2001.0,37,34,3139,34.9,1,1,2,1,0,0,10,0,0.03,0.03,0.06,0.03,0.06,27,8,29.6,0.77,0.23,0.04,0.13,85,91.8,89.0,30,3,35.0,0,1.68,62,47,15,0.43,-0.85,0,65,54,0,18,50,50,0,,,,,,,,,,,,,,,,Defensive Midfield,21.0,75000000.0
ENG-Premier League,2223.0,Brighton,odeluga offiah,ENG,DF,19.0,2002.0,2,0,25,0.3,0,0,0,0,0,0,0,0,0.0,0.0,0.0,0.0,0.0,0,0,,0.0,0.0,,,13,0.7,,0,2,13.0,5,0.0,0,3,-3,-10.8,-11.38,0,0,0,0,0,0,1,0,,,,,,,,,,,,,,,,Centre-Back,20.0,200000.0
ENG-Premier League,2223.0,Brighton,pascal gro,GER,"MF,DF",31.0,1991.0,37,37,3239,36.0,9,8,17,9,0,0,6,0,0.25,0.22,0.47,0.25,0.47,40,19,47.5,1.11,0.53,0.23,0.47,88,94.7,88.0,30,0,,0,1.59,70,51,19,0.53,0.53,0,35,18,10,223,13,36,1,,,,,,,,,,,,,,,,Central Midfield,32.0,8000000.0
ENG-Premier League,2223.0,Brighton,pervis estupinan,ECU,"DF,MF",24.0,1998.0,35,31,2675,29.7,1,5,6,1,0,0,4,0,0.03,0.17,0.2,0.03,0.2,30,5,16.7,1.01,0.17,0.03,0.2,76,78.2,83.0,20,4,25.0,1,1.63,59,43,16,0.54,0.18,0,42,26,11,102,33,33,0,,,,,,,,,,,,,,,,Left-Back,25.0,32000000.0
ENG-Premier League,2223.0,Brighton,robert sanchez,ESP,GK,24.0,1997.0,23,23,2070,23.0,0,0,0,0,0,0,2,0,0.0,0.0,0.0,0.0,0.0,0,0,,0.0,0.0,,,90,60.5,90.0,23,0,,10,1.65,41,30,11,0.48,-0.06,0,1,0,0,0,3,0,0,30.0,1.3,77.0,47.0,61.0,11.0,5.0,7.0,6.0,26.1,6.0,5.0,1.0,0.0,16.7,Goalkeeper,25.0,22000000.0
ENG-Premier League,2223.0,Brighton,solly march,ENG,MF,28.0,1994.0,33,31,2715,30.2,6,7,13,6,0,0,2,0,0.2,0.23,0.43,0.2,0.43,73,33,45.2,2.42,1.09,0.08,0.18,82,79.4,86.0,19,2,30.0,0,1.67,58,40,18,0.6,0.47,0,44,39,12,153,20,31,0,,,,,,,,,,,,,,,,Right Winger,28.0,22000000.0
ENG-Premier League,2223.0,Brighton,tariq lamptey,GHA,"DF,MF",21.0,2000.0,20,3,453,5.0,0,0,0,0,0,0,1,0,0.0,0.0,0.0,0.0,0.0,5,0,0.0,0.99,0.0,0.0,,23,13.2,60.0,1,17,16.0,3,1.6,6,7,-1,-0.2,-0.81,0,6,14,0,31,7,5,0,,,,,,,,,,,,,,,,Right-Back,22.0,12000000.0
ENG-Premier League,2223.0,Brighton,yasin ayari,SWE,MF,18.0,2003.0,3,1,67,0.7,0,0,0,0,0,0,0,0,0.0,0.0,0.0,0.0,0.0,1,0,0.0,1.34,0.0,0.0,,22,2.0,45.0,0,2,11.0,12,2.0,2,2,0,0.0,-0.51,0,0,3,0,0,0,2,0,,,,,,,,,,,,,,,,Central Midfield,19.0,6000000.0
ENG-Premier League,2223.0,Chelsea,armando broja,ALB,FW,20.0,2001.0,12,2,294,3.3,1,0,1,1,0,0,0,0,0.31,0.0,0.31,0.31,0.31,6,5,83.3,1.84,1.53,0.17,0.2,25,8.6,67.0,0,10,16.0,1,1.5,5,5,0,0.0,0.26,0,2,6,3,0,1,1,0,,,,,,,,,,,,,,,,Centre-Forward,21.0,28000000.0
ENG-Premier League,2223.0,Chelsea,ben chilwell,ENG,"MF,DF",25.0,1996.0,23,15,1408,15.6,2,2,4,2,0,0,3,0,0.13,0.13,0.26,0.13,0.26,16,4,25.0,1.02,0.26,0.13,0.5,61,41.2,85.0,10,8,17.0,2,1.26,16,19,-3,-0.19,0.08,0,13,23,3,93,17,18,0,,,,,,,,,,,,,,,,Left-Back,26.0,35000000.0
ENG-Premier League,2223.0,Chelsea,benoit badiashile,FRA,DF,21.0,2001.0,11,10,905,10.1,1,0,1,1,0,0,2,0,0.1,0.0,0.1,0.1,0.1,6,2,33.3,0.6,0.2,0.17,0.5,82,26.5,90.0,10,1,5.0,7,1.55,11,9,2,0.2,0.59,0,9,6,0,2,14,9,0,,,,,,,,,,,,,,,,Centre-Back,22.0,40000000.0
ENG-Premier League,2223.0,Chelsea,carney chukwuemeka,AUT,MF,18.0,2003.0,14,2,354,3.9,0,0,0,0,0,0,0,0,0.0,0.0,0.0,0.0,0.0,5,1,20.0,1.27,0.25,0.0,0.0,25,10.4,72.0,0,12,18.0,7,1.29,2,7,-5,-1.27,-1.15,0,2,5,1,3,6,7,0,,,,,,,,,,,,,,,,Central Midfield,19.0,15000000.0
ENG-Premier League,2223.0,Chelsea,christian pulisic,USA,"MF,FW",23.0,1998.0,24,8,821,9.1,1,1,2,1,0,0,1,0,0.11,0.11,0.22,0.11,0.22,19,6,31.6,2.08,0.66,0.05,0.17,34,24.0,64.0,0,16,19.0,5,1.13,12,11,1,0.11,0.46,0,10,15,0,18,3,6,0,,,,,,,,,,,,,,,,Right Winger,24.0,25000000.0
ENG-Premier League,2223.0,Chelsea,conor gallagher,ENG,MF,22.0,2000.0,35,18,1621,18.0,3,1,4,3,0,0,11,1,0.17,0.06,0.22,0.17,0.22,28,11,39.3,1.55,0.61,0.11,0.27,46,47.4,73.0,8,17,18.0,2,1.23,15,22,-7,-0.39,-0.29,1,34,35,2,50,23,32,0,,,,,,,,,,,,,,,,Central Midfield,23.0,32000000.0
ENG-Premier League,2223.0,Chelsea,cesar azpilicueta,ESP,"DF,MF",32.0,1989.0,25,16,1527,17.0,0,0,0,0,0,0,3,0,0.0,0.0,0.0,0.0,0.0,9,1,11.1,0.53,0.06,0.0,0.0,61,44.6,82.0,12,9,23.0,6,1.12,17,21,-4,-0.24,0.0,0,28,7,2,26,19,25,1,,,,,,,,,,,,,,,,Centre-Back,33.0,5000000.0
ENG-Premier League,2223.0,Chelsea,david datro fofana,CIV,FW,19.0,2002.0,3,1,70,0.8,0,0,0,0,0,0,0,0,0.0,0.0,0.0,0.0,0.0,3,2,66.7,3.86,2.57,0.0,0.0,23,2.0,45.0,0,2,13.0,6,0.33,1,1,0,0.0,0.24,0,3,2,1,1,0,1,0,,,,,,,,,,,,,,,,Centre-Forward,20.0,10000000.0
ENG-Premier League,2223.0,Chelsea,denis zakaria,SUI,MF,25.0,1996.0,7,5,411,4.6,0,0,0,0,0,0,0,0,0.0,0.0,0.0,0.0,0.0,2,0,0.0,0.44,0.0,0.0,,59,12.0,72.0,1,2,26.0,9,1.0,5,5,0,0.0,0.27,0,5,2,0,1,3,5,0,,,,,,,,,,,,,,,,Defensive Midfield,26.0,18000000.0
ENG-Premier League,2223.0,Chelsea,enzo fernandez,ARG,MF,21.0,2001.0,18,18,1547,17.2,0,2,2,0,0,0,3,0,0.0,0.12,0.12,0.0,0.12,20,3,15.0,1.16,0.17,0.0,0.0,86,45.2,86.0,14,0,,0,0.83,16,25,-9,-0.52,-0.52,0,11,22,1,16,12,26,0,,,,,,,,,,,,,,,,Central Midfield,22.0,80000000.0
ENG-Premier League,2223.0,Chelsea,hakim ziyech,MAR,"MF,FW",29.0,1993.0,18,6,661,7.3,0,3,3,0,0,0,1,0,0.0,0.41,0.41,0.0,0.41,16,3,18.8,2.18,0.41,0.0,0.0,37,19.3,76.0,2,12,17.0,13,0.78,6,7,-1,-0.14,0.12,0,12,14,3,65,5,13,0,,,,,,,,,,,,,,,,Right Winger,30.0,16000000.0
ENG-Premier League,2223.0,Chelsea,jorginho,ITA,MF,30.0,1991.0,18,15,1279,14.2,2,0,2,0,2,2,4,0,0.14,0.0,0.14,0.0,0.0,5,3,60.0,0.35,0.21,0.0,0.0,71,37.4,81.0,8,3,23.0,2,1.61,15,12,3,0.21,0.72,0,12,23,0,2,19,23,0,,,,,,,,,,,,,,,,Defensive Midfield,31.0,25000000.0
ENG-Premier League,2223.0,Chelsea,joao felix,POR,"FW,MF",22.0,1999.0,16,11,941,10.5,4,0,4,4,0,0,1,1,0.38,0.0,0.38,0.38,0.38,46,16,34.8,4.4,1.53,0.09,0.25,59,27.5,75.0,3,5,22.0,1,0.88,11,15,-4,-0.38,-0.2,0,15,29,7,19,1,7,0,,,,,,,,,,,,,,,,Second Striker,23.0,50000000.0
ENG-Premier League,2223.0,Chelsea,kai havertz,GER,"FW,MF",23.0,1999.0,35,30,2569,28.5,7,1,8,6,1,1,5,0,0.25,0.04,0.28,0.21,0.25,71,33,46.5,2.49,1.16,0.08,0.18,73,75.1,81.0,15,5,25.0,1,1.23,29,31,-2,-0.07,0.67,0,59,25,28,15,7,14,0,,,,,,,,,,,,,,,,Centre-Forward,24.0,55000000.0
ENG-Premier League,2223.0,Chelsea,kalidou koulibaly,SEN,DF,31.0,1991.0,23,20,1800,20.0,2,1,3,2,0,0,7,1,0.1,0.05,0.15,0.1,0.15,11,4,36.4,0.55,0.2,0.18,0.5,78,52.6,87.0,17,3,23.0,6,1.26,20,22,-2,-0.1,0.29,1,22,9,0,4,28,30,0,,,,,,,,,,,,,,,,Centre-Back,32.0,15000000.0
ENG-Premier League,2223.0,Chelsea,kepa arrizabalaga,ESP,GK,27.0,1994.0,29,29,2565,28.5,0,0,0,0,0,0,1,0,0.0,0.0,0.0,0.0,0.0,0,0,,0.0,0.0,,,88,75.0,88.0,28,0,,7,1.14,27,33,-6,-0.21,0.11,0,0,8,0,0,1,2,0,33.0,1.16,124.0,91.0,73.4,8.0,9.0,12.0,9.0,31.0,1.0,1.0,0.0,0.0,0.0,Goalkeeper,28.0,18000000.0
ENG-Premier League,2223.0,Chelsea,lewis hall,ENG,"MF,DF",17.0,2004.0,9,8,654,7.3,0,0,0,0,0,0,1,0,0.0,0.0,0.0,0.0,0.0,11,5,45.5,1.51,0.69,0.0,0.0,73,19.1,79.0,3,1,23.0,5,0.67,6,11,-5,-0.69,-0.56,0,4,11,1,34,8,13,0,,,,,,,,,,,,,,,,Left-Back,18.0,10000000.0
ENG-Premier League,2223.0,Chelsea,marc cucurella,ESP,"DF,MF",24.0,1998.0,24,21,1671,18.6,0,2,2,0,0,0,4,0,0.0,0.11,0.11,0.0,0.11,7,0,0.0,0.38,0.0,0.0,,70,48.9,77.0,10,3,15.0,3,1.21,17,20,-3,-0.16,0.15,0,16,21,1,44,16,35,0,,,,,,,,,,,,,,,,Left-Back,24.0,35000000.0
ENG-Premier League,2223.0,Chelsea,mason mount,ENG,MF,23.0,1999.0,24,20,1648,18.3,3,2,5,3,0,0,4,0,0.16,0.11,0.27,0.16,0.27,33,9,27.3,1.8,0.49,0.09,0.33,69,48.2,77.0,7,4,25.0,2,1.29,18,21,-3,-0.16,0.14,0,28,27,1,65,8,20,0,,,,,,,,,,,,,,,,Attacking Midfield,24.0,60000000.0
ENG-Premier League,2223.0,Chelsea,mateo kovacic,CRO,MF,28.0,1994.0,27,17,1707,19.0,1,2,3,1,0,0,8,0,0.05,0.11,0.16,0.05,0.16,23,2,8.7,1.21,0.11,0.04,0.5,63,49.9,82.0,10,10,32.0,2,1.15,15,25,-10,-0.53,-0.58,0,18,12,0,6,16,23,0,,,,,,,,,,,,,,,,Central Midfield,29.0,38000000.0
ENG-Premier League,2223.0,Chelsea,mykhailo mudryk,UKR,"FW,MF",21.0,2001.0,15,7,657,7.3,0,2,2,0,0,0,1,0,0.0,0.27,0.27,0.0,0.27,14,5,35.7,1.92,0.68,0.0,0.0,44,19.2,66.0,1,8,24.0,4,0.67,6,10,-4,-0.55,-0.39,0,8,12,1,24,1,9,0,,,,,,,,,,,,,,,,,,
ENG-Premier League,2223.0,Chelsea,n golo kante,FRA,MF,31.0,1991.0,7,6,518,5.8,0,1,1,0,0,0,1,0,0.0,0.17,0.17,0.0,0.17,8,1,12.5,1.39,0.17,0.0,0.0,74,15.1,81.0,3,1,34.0,1,1.14,5,7,-2,-0.35,-0.13,0,4,2,1,11,6,10,0,,,,,,,,,,,,,,,,Defensive Midfield,32.0,15000000.0
ENG-Premier League,2223.0,Chelsea,noni madueke,ENG,"FW,MF",20.0,2002.0,12,7,643,7.1,1,0,1,1,0,0,0,0,0.14,0.0,0.14,0.14,0.14,12,6,50.0,1.68,0.84,0.08,0.17,54,18.8,75.0,0,5,24.0,4,0.83,6,13,-7,-0.98,-0.91,0,4,15,2,22,4,8,0,,,,,,,,,,,,,,,,Right Winger,21.0,30000000.0
ENG-Premier League,2223.0,Chelsea,omari hutchinson,ENG,MF,18.0,2003.0,1,0,23,0.3,0,0,0,0,0,0,0,0,0.0,0.0,0.0,0.0,0.0,0,0,,0.0,0.0,,,23,0.7,,0,1,23.0,4,0.0,0,0,0,0.0,0.24,0,0,0,0,2,1,0,0,,,,,,,,,,,,,,,,Attacking Midfield,19.0,1000000.0
ENG-Premier League,2223.0,Chelsea,pierre emerick aubameyang,GAB,FW,33.0,1989.0,15,5,554,6.2,1,0,1,1,0,0,1,0,0.16,0.0,0.16,0.16,0.16,16,7,43.8,2.6,1.14,0.06,0.14,37,16.2,62.0,0,10,24.0,5,1.07,3,8,-5,-0.81,-0.69,0,5,1,0,3,2,0,0,,,,,,,,,,,,,,,,Centre-Forward,34.0,4000000.0
ENG-Premier League,2223.0,Chelsea,raheem sterling,ENG,"FW,MF",27.0,1994.0,28,23,1891,21.0,6,3,9,6,0,0,4,0,0.29,0.14,0.43,0.29,0.43,42,17,40.5,2.0,0.81,0.14,0.35,68,55.3,76.0,7,5,28.0,1,1.14,24,27,-3,-0.14,0.21,0,21,32,11,47,0,10,0,,,,,,,,,,,,,,,,Right Winger,28.0,55000000.0
ENG-Premier League,2223.0,Chelsea,reece james,ENG,"DF,MF",22.0,1999.0,16,14,1244,13.8,1,1,2,1,0,0,4,0,0.07,0.07,0.14,0.07,0.14,16,4,25.0,1.16,0.29,0.06,0.25,78,36.4,85.0,12,2,27.0,0,1.44,15,17,-2,-0.14,0.14,0,9,18,4,91,13,20,0,,,,,,,,,,,,,,,,Right-Back,23.0,65000000.0
ENG-Premier League,2223.0,Chelsea,ruben loftus cheek,ENG,MF,26.0,1996.0,25,19,1536,17.1,0,1,1,0,0,0,1,0,0.0,0.06,0.06,0.0,0.06,9,2,22.2,0.53,0.12,0.0,0.0,61,44.9,73.0,6,6,26.0,6,1.36,22,23,-1,-0.06,0.32,0,10,34,1,18,13,15,1,,,,,,,,,,,,,,,,Central Midfield,27.0,25000000.0
ENG-Premier League,2223.0,Chelsea,thiago silva,BRA,DF,37.0,1984.0,27,26,2352,26.1,0,2,2,0,0,0,2,0,0.0,0.08,0.08,0.0,0.08,15,2,13.3,0.57,0.08,0.0,0.0,87,68.8,87.0,25,1,84.0,2,1.19,27,32,-5,-0.19,0.15,0,10,13,0,2,34,25,0,,,,,,,,,,,,,,,,Centre-Back,38.0,2000000.0
ENG-Premier League,2223.0,Chelsea,trevoh chalobah,ENG,DF,23.0,1999.0,25,18,1608,17.9,0,0,0,0,0,0,4,0,0.0,0.0,0.0,0.0,0.0,9,2,22.2,0.5,0.11,0.0,0.0,64,47.0,86.0,15,7,8.0,10,1.2,20,24,-4,-0.22,0.02,0,11,8,0,13,25,19,1,,,,,,,,,,,,,,,,Centre-Back,23.0,18000000.0
ENG-Premier League,2223.0,Chelsea,wesley fofana,FRA,DF,21.0,2000.0,15,12,1183,13.1,1,0,1,1,0,0,3,0,0.08,0.0,0.08,0.08,0.08,6,2,33.3,0.46,0.15,0.17,0.5,79,34.6,85.0,7,3,54.0,1,1.0,13,18,-5,-0.38,-0.22,0,11,22,0,3,18,18,0,,,,,,,,,,,,,,,,Centre-Back,22.0,55000000.0
ENG-Premier League,2223.0,Chelsea,edouard mendy,SEN,GK,30.0,1992.0,10,9,855,9.5,0,0,0,0,0,0,1,0,0.0,0.0,0.0,0.0,0.0,0,0,,0.0,0.0,,,86,25.0,90.0,9,1,45.0,13,1.1,11,14,-3,-0.32,-0.11,0,0,2,0,0,0,0,0,14.0,1.47,39.0,25.0,64.1,3.0,2.0,4.0,1.0,11.1,0.0,0.0,0.0,0.0,,Goalkeeper,31.0,12000000.0
ENG-Premier League,2223.0,Crystal Palace,albert sambi lokonga,BEL,MF,22.0,1999.0,9,6,536,6.0,0,0,0,0,0,0,2,0,0.0,0.0,0.0,0.0,0.0,2,1,50.0,0.34,0.17,0.0,0.0,60,15.7,79.0,3,3,20.0,8,0.67,2,5,-3,-0.5,-0.32,0,7,12,0,0,5,10,0,,,,,,,,,,,,,,,,Central Midfield,23.0,15000000.0
ENG-Premier League,2223.0,Crystal Palace,cheick doucoure,MLI,MF,22.0,2000.0,34,34,2769,30.8,0,3,3,0,0,0,10,1,0.0,0.1,0.1,0.0,0.1,36,7,19.4,1.17,0.23,0.0,0.0,81,81.0,81.0,16,0,,1,1.24,36,41,-5,-0.16,0.39,1,38,13,0,7,56,48,0,,,,,,,,,,,,,,,,Defensive Midfield,23.0,35000000.0
ENG-Premier League,2223.0,Crystal Palace,chris richards,USA,DF,22.0,2000.0,9,4,447,5.0,0,0,0,0,0,0,0,0,0.0,0.0,0.0,0.0,0.0,4,0,0.0,0.81,0.0,0.0,,50,13.1,90.0,4,5,17.0,18,0.78,2,11,-9,-1.81,-1.81,0,2,1,1,0,7,6,0,,,,,,,,,,,,,,,,Centre-Back,23.0,10000000.0
ENG-Premier League,2223.0,Crystal Palace,david ozoh,ENG,MF,17.0,2005.0,1,0,1,0.0,0,0,0,0,0,0,0,0,0.0,0.0,0.0,0.0,0.0,0,0,,0.0,0.0,,,1,0.0,,0,1,1.0,3,1.0,0,0,0,0.0,0.24,0,0,0,0,0,0,0,0,,,,,,,,,,,,,,,,Defensive Midfield,18.0,
ENG-Premier League,2223.0,Crystal Palace,eberechi eze,ENG,"MF,FW",24.0,1998.0,38,30,2636,29.3,10,4,14,9,1,1,3,0,0.34,0.14,0.48,0.31,0.44,70,25,35.7,2.39,0.85,0.13,0.36,69,77.1,82.0,15,8,23.0,0,1.18,38,35,3,0.1,1.48,0,27,57,4,78,10,24,0,,,,,,,,,,,,,,,,Attacking Midfield,25.0,40000000.0
ENG-Premier League,2223.0,Crystal Palace,james mcarthur,SCO,MF,34.0,1987.0,4,0,54,0.6,0,0,0,0,0,0,0,0,0.0,0.0,0.0,0.0,0.0,0,0,,0.0,0.0,,,14,1.6,,0,4,14.0,8,1.75,0,0,0,0.0,0.24,0,0,1,0,0,0,1,0,,,,,,,,,,,,,,,,Central Midfield,35.0,400000.0
ENG-Premier League,2223.0,Crystal Palace,james tomkins,ENG,DF,33.0,1989.0,6,3,338,3.8,1,0,1,1,0,0,3,1,0.27,0.0,0.27,0.27,0.27,3,2,66.7,0.8,0.53,0.33,0.5,56,9.9,79.0,2,3,34.0,16,0.67,2,8,-6,-1.6,-1.51,1,3,1,1,0,6,3,0,,,,,,,,,,,,,,,,Centre-Back,34.0,800000.0
ENG-Premier League,2223.0,Crystal Palace,jairo riedewald,NED,"DF,MF",25.0,1996.0,6,0,64,0.7,0,0,0,0,0,0,0,0,0.0,0.0,0.0,0.0,0.0,1,0,0.0,1.41,0.0,0.0,,11,1.9,,0,6,11.0,24,1.83,0,0,0,0.0,0.24,0,2,1,0,0,0,1,0,,,,,,,,,,,,,,,,Defensive Midfield,26.0,3000000.0
ENG-Premier League,2223.0,Crystal Palace,jean philippe mateta,FRA,FW,25.0,1997.0,29,6,770,8.6,2,0,2,2,0,0,3,0,0.23,0.0,0.23,0.23,0.23,28,8,28.6,3.27,0.94,0.07,0.25,27,22.5,65.0,0,23,17.0,8,1.1,5,10,-5,-0.58,-0.45,0,16,8,7,3,3,1,0,,,,,,,,,,,,,,,,Centre-Forward,26.0,7000000.0
ENG-Premier League,2223.0,Crystal Palace,jeffrey schlupp,GHA,MF,29.0,1992.0,34,30,2531,28.1,3,1,4,3,0,0,7,0,0.11,0.04,0.14,0.11,0.14,28,9,32.1,1.0,0.32,0.11,0.33,74,74.0,81.0,11,4,23.0,0,1.18,33,38,-5,-0.18,0.23,0,51,33,0,16,23,46,0,,,,,,,,,,,,,,,,Left Midfield,30.0,7000000.0
ENG-Premier League,2223.0,Crystal Palace,joachim andersen,DEN,DF,26.0,1996.0,32,32,2782,30.9,1,0,1,1,0,0,8,0,0.03,0.0,0.03,0.03,0.03,22,9,40.9,0.71,0.29,0.05,0.11,87,81.3,87.0,30,0,,0,1.31,35,37,-2,-0.06,0.92,0,27,16,2,10,27,21,2,,,,,,,,,,,,,,,,Centre-Back,27.0,30000000.0
ENG-Premier League,2223.0,Crystal Palace,joel ward,ENG,DF,32.0,1989.0,28,24,2256,25.1,1,0,1,1,0,0,6,0,0.04,0.0,0.04,0.04,0.04,7,2,28.6,0.28,0.08,0.14,0.5,81,66.0,89.0,22,4,30.0,7,1.36,34,35,-1,-0.04,0.58,0,29,11,0,36,22,35,0,,,,,,,,,,,,,,,,Right-Back,33.0,1200000.0
ENG-Premier League,2223.0,Crystal Palace,jordan ayew,GHA,"FW,MF",30.0,1991.0,38,31,2714,30.2,4,3,7,4,0,0,5,0,0.13,0.1,0.23,0.13,0.23,32,11,34.4,1.06,0.36,0.13,0.36,71,79.4,82.0,17,7,24.0,0,1.18,32,41,-9,-0.3,-0.3,0,48,90,4,44,15,41,0,,,,,,,,,,,,,,,,Centre-Forward,31.0,5000000.0
ENG-Premier League,2223.0,Crystal Palace,joseph whitworth,ENG,GK,18.0,2004.0,2,2,180,2.0,0,0,0,0,0,0,0,0,0.0,0.0,0.0,0.0,0.0,0,0,,0.0,0.0,,,90,5.3,90.0,2,0,,12,0.0,1,5,-4,-2.0,-1.86,0,0,0,0,0,0,0,0,5.0,2.5,10.0,5.0,50.0,0.0,0.0,2.0,0.0,0.0,0.0,0.0,0.0,0.0,,,,
ENG-Premier League,2223.0,Crystal Palace,luka milivojevic,SRB,MF,31.0,1991.0,18,5,512,5.7,0,0,0,0,0,0,2,0,0.0,0.0,0.0,0.0,0.0,7,0,0.0,1.23,0.0,0.0,,28,15.0,68.0,1,13,13.0,16,1.44,5,7,-2,-0.35,-0.13,0,15,3,0,6,12,8,0,,,,,,,,,,,,,,,,Defensive Midfield,32.0,2000000.0
ENG-Premier League,2223.0,Crystal Palace,malcolm ebiowei,ENG,MF,18.0,2003.0,3,0,34,0.4,0,0,0,0,0,0,0,0,0.0,0.0,0.0,0.0,0.0,0,0,,0.0,0.0,,,11,1.0,,0,3,11.0,14,0.0,0,1,-1,-2.65,-2.43,0,0,1,0,3,0,1,0,,,,,,,,,,,,,,,,Right Winger,19.0,3000000.0
ENG-Premier League,2223.0,Crystal Palace,marc guehi,ENG,DF,22.0,2000.0,37,37,3329,37.0,1,0,1,1,0,0,8,0,0.03,0.0,0.03,0.03,0.03,14,6,42.9,0.38,0.16,0.07,0.17,90,97.3,90.0,36,0,,0,1.22,40,46,-6,-0.16,2.8,0,24,40,0,0,42,27,1,,,,,,,,,,,,,,,,Centre-Back,22.0,35000000.0
ENG-Premier League,2223.0,Crystal Palace,michael olise,FRA,"MF,FW",20.0,2001.0,37,31,2749,30.5,2,11,13,2,0,0,2,0,0.07,0.36,0.43,0.07,0.43,51,14,27.5,1.67,0.46,0.04,0.14,74,80.4,85.0,17,6,20.0,0,1.22,35,38,-3,-0.1,0.71,0,28,69,8,244,26,35,0,,,,,,,,,,,,,,,,Right Winger,21.0,38000000.0
ENG-Premier League,2223.0,Crystal Palace,naouirou ahamada,FRA,MF,20.0,2002.0,8,0,94,1.0,0,0,0,0,0,0,1,0,0.0,0.0,0.0,0.0,0.0,3,0,0.0,2.87,0.0,0.0,,12,2.7,,0,8,12.0,3,0.38,0,2,-2,-1.91,-1.73,0,2,0,1,2,0,3,0,,,,,,,,,,,,,,,,Central Midfield,21.0,10000000.0
ENG-Premier League,2223.0,Crystal Palace,nathaniel clyne,ENG,DF,31.0,1991.0,22,19,1640,18.2,0,0,0,0,0,0,3,0,0.0,0.0,0.0,0.0,0.0,0,0,,0.0,0.0,,,75,48.0,84.0,14,3,17.0,8,0.77,13,23,-10,-0.55,-0.6,0,10,8,0,21,19,14,0,,,,,,,,,,,,,,,,Right-Back,32.0,2000000.0
ENG-Premier League,2223.0,Crystal Palace,odsonne edouard,FRA,FW,24.0,1998.0,35,20,1803,20.0,5,2,7,5,0,0,3,0,0.25,0.1,0.35,0.25,0.35,39,15,38.5,1.95,0.75,0.13,0.33,52,52.7,75.0,2,15,20.0,2,1.2,23,25,-2,-0.1,0.29,0,28,17,13,4,1,11,0,,,,,,,,,,,,,,,,Centre-Forward,25.0,15000000.0
ENG-Premier League,2223.0,Crystal Palace,sam johnstone,ENG,GK,29.0,1993.0,9,9,810,9.0,0,0,0,0,0,0,1,0,0.0,0.0,0.0,0.0,0.0,0,0,,0.0,0.0,,,90,23.7,90.0,9,0,,21,1.67,16,10,6,0.67,1.18,0,1,0,0,0,0,0,0,10.0,1.11,36.0,26.0,72.2,4.0,3.0,2.0,3.0,33.3,2.0,2.0,0.0,0.0,0.0,Goalkeeper,30.0,6000000.0
ENG-Premier League,2223.0,Crystal Palace,tyrick mitchell,ENG,DF,22.0,1999.0,36,34,2891,32.1,0,2,2,0,0,0,5,1,0.0,0.06,0.06,0.0,0.06,6,1,16.7,0.19,0.03,0.0,0.0,80,84.5,84.0,27,2,19.0,0,1.17,36,38,-2,-0.06,1.13,0,33,10,2,70,38,48,0,,,,,,,,,,,,,,,,Left-Back,23.0,22000000.0
ENG-Premier League,2223.0,Crystal Palace,vicente guaita,ESP,GK,35.0,1987.0,27,27,2430,27.0,0,0,0,0,0,0,1,0,0.0,0.0,0.0,0.0,0.0,0,0,,0.0,0.0,,,90,71.1,90.0,27,0,,5,1.11,23,34,-11,-0.41,-0.59,0,1,3,0,0,0,0,0,34.0,1.26,117.0,84.0,70.9,7.0,9.0,11.0,6.0,22.2,2.0,2.0,0.0,0.0,0.0,Goalkeeper,36.0,1000000.0
ENG-Premier League,2223.0,Crystal Palace,wilfried zaha,CIV,"FW,MF",29.0,1992.0,27,27,2288,25.4,7,2,9,7,0,2,5,0,0.28,0.08,0.35,0.28,0.35,66,22,33.3,2.6,0.87,0.11,0.32,85,66.9,85.0,21,0,,0,1.22,22,34,-12,-0.47,-0.71,0,35,77,15,39,17,20,0,,,,,,,,,,,,,,,,Left Winger,30.0,22000000.0
ENG-Premier League,2223.0,Crystal Palace,will hughes,ENG,MF,27.0,1995.0,27,7,842,9.4,1,1,2,1,0,0,4,0,0.11,0.11,0.21,0.11,0.21,6,4,66.7,0.64,0.43,0.17,0.25,31,24.6,79.0,1,20,15.0,6,1.15,7,11,-4,-0.43,-0.25,0,19,7,0,12,16,16,0,,,,,,,,,,,,,,,,Central Midfield,28.0,5000000.0
ENG-Premier League,2223.0,Everton,abdoulaye doucoure,MLI,MF,29.0,1993.0,25,17,1533,17.0,5,2,7,5,0,0,6,1,0.29,0.12,0.41,0.29,0.41,20,8,40.0,1.17,0.47,0.25,0.63,61,44.8,84.0,14,8,13.0,4,1.2,18,26,-8,-0.47,0.25,0,21,4,8,8,12,20,0,,,,,,,,,,,,,,,,Attacking Midfield,30.0,12000000.0
ENG-Premier League,2223.0,Everton,alex iwobi,NGA,MF,26.0,1996.0,38,38,3378,37.5,2,7,9,2,0,0,2,0,0.05,0.19,0.24,0.05,0.24,42,15,35.7,1.12,0.4,0.05,0.13,89,98.8,89.0,34,0,,0,0.95,34,56,-22,-0.59,1.56,0,19,15,4,104,27,37,0,,,,,,,,,,,,,,,,Left Winger,27.0,28000000.0
ENG-Premier League,2223.0,Everton,amadou onana,BEL,MF,20.0,2001.0,33,29,2488,27.6,1,2,3,1,0,0,9,0,0.04,0.07,0.11,0.04,0.11,34,6,17.6,1.23,0.22,0.03,0.17,75,72.7,83.0,16,4,21.0,1,1.03,22,37,-15,-0.54,0.23,0,44,49,2,5,38,44,0,,,,,,,,,,,,,,,,Defensive Midfield,21.0,45000000.0
ENG-Premier League,2223.0,Everton,anthony gordon,ENG,"FW,MF",21.0,2001.0,16,12,1095,12.2,3,0,3,3,0,0,6,0,0.25,0.0,0.25,0.25,0.25,26,16,61.5,2.14,1.32,0.12,0.19,68,32.0,85.0,7,4,19.0,1,0.88,10,13,-3,-0.25,0.53,0,20,15,3,26,5,21,0,,,,,,,,,,,,,,,,Left Winger,22.0,35000000.0
ENG-Premier League,2223.0,Everton,asmir begovic,BIH,GK,35.0,1987.0,1,1,90,1.0,0,0,0,0,0,0,0,0,0.0,0.0,0.0,0.0,0.0,0,0,,0.0,0.0,,,90,2.6,90.0,1,0,,37,3.0,1,0,1,1.0,1.65,0,0,0,0,0,0,0,0,0.0,0.0,4.0,4.0,100.0,1.0,0.0,0.0,1.0,100.0,0.0,0.0,0.0,0.0,,Goalkeeper,36.0,800000.0
ENG-Premier League,2223.0,Everton,ben godfrey,ENG,DF,24.0,1998.0,13,10,802,8.9,0,1,1,0,0,0,2,0,0.0,0.11,0.11,0.0,0.11,6,1,16.7,0.67,0.11,0.0,0.0,62,23.5,75.0,6,3,18.0,5,0.62,10,18,-8,-0.9,-0.38,0,10,5,1,7,8,11,0,,,,,,,,,,,,,,,,Centre-Back,25.0,13000000.0
ENG-Premier League,2223.0,Everton,conor coady,ENG,DF,29.0,1993.0,24,23,2096,23.3,1,1,2,1,0,0,2,0,0.04,0.04,0.09,0.04,0.09,4,3,75.0,0.17,0.13,0.25,0.33,87,61.3,90.0,22,1,36.0,11,1.0,16,28,-12,-0.52,0.23,0,11,14,2,1,13,10,0,,,,,,,,,,,,,,,,Centre-Back,30.0,12000000.0
ENG-Premier League,2223.0,Everton,dele alli,ENG,"FW,MF",26.0,1996.0,2,0,40,0.4,0,0,0,0,0,0,0,0,0.0,0.0,0.0,0.0,0.0,0,0,,0.0,0.0,,,20,1.2,,0,2,20.0,1,0.0,1,1,0,0.0,0.61,0,0,1,0,0,0,0,0,,,,,,,,,,,,,,,,Attacking Midfield,27.0,8000000.0
ENG-Premier League,2223.0,Everton,demarai gray,JAM,"FW,MF",26.0,1996.0,33,27,2507,27.9,4,1,5,2,2,2,3,0,0.14,0.04,0.18,0.07,0.11,59,24,40.7,2.12,0.86,0.03,0.08,76,73.3,86.0,16,6,30.0,5,0.79,20,39,-19,-0.68,-0.29,0,24,51,13,173,12,24,0,,,,,,,,,,,,,,,,Left Winger,27.0,20000000.0
ENG-Premier League,2223.0,Everton,dominic calvert lewin,ENG,FW,25.0,1997.0,17,15,1165,12.9,2,1,3,1,1,1,3,0,0.15,0.08,0.23,0.08,0.15,31,10,32.3,2.39,0.77,0.03,0.1,69,34.1,75.0,4,2,20.0,0,0.82,12,22,-10,-0.77,-0.25,0,22,14,19,6,3,2,0,,,,,,,,,,,,,,,,Centre-Forward,26.0,25000000.0
ENG-Premier League,2223.0,Everton,dwight mcneil,ENG,"MF,FW",22.0,1999.0,36,28,2498,27.8,7,3,10,7,0,0,5,0,0.25,0.11,0.36,0.25,0.36,46,15,32.6,1.66,0.54,0.15,0.47,69,73.0,83.0,19,8,22.0,2,0.97,26,46,-20,-0.72,-0.43,0,22,21,1,197,28,39,0,,,,,,,,,,,,,,,,Left Winger,23.0,20000000.0
ENG-Premier League,2223.0,Everton,ellis simms,ENG,FW,21.0,2001.0,11,2,228,2.5,1,0,1,1,0,0,0,0,0.39,0.0,0.39,0.39,0.39,8,1,12.5,3.16,0.39,0.13,1.0,21,6.7,65.0,0,9,11.0,10,0.73,3,4,-1,-0.39,0.23,0,0,1,1,1,0,0,0,,,,,,,,,,,,,,,,Centre-Forward,22.0,4000000.0
ENG-Premier League,2223.0,Everton,idrissa gueye,SEN,MF,32.0,1989.0,33,32,2577,28.6,0,1,1,0,0,0,7,0,0.0,0.03,0.03,0.0,0.03,15,6,40.0,0.52,0.21,0.0,0.0,78,75.4,80.0,14,1,29.0,0,1.0,25,45,-20,-0.7,-0.38,0,43,50,0,10,56,57,0,,,,,,,,,,,,,,,,Defensive Midfield,33.0,5000000.0
ENG-Premier League,2223.0,Everton,isaac price,NIR,MF,18.0,2003.0,1,0,33,0.4,0,0,0,0,0,0,1,0,0.0,0.0,0.0,0.0,0.0,0,0,,0.0,0.0,,,33,1.0,,0,1,33.0,2,0.0,1,0,1,2.73,3.37,0,0,0,0,1,0,0,0,,,,,,,,,,,,,,,,Central Midfield,19.0,400000.0
ENG-Premier League,2223.0,Everton,james garner,ENG,MF,21.0,2001.0,16,7,804,8.9,0,1,1,0,0,0,3,0,0.0,0.11,0.11,0.0,0.11,9,3,33.3,1.01,0.34,0.0,0.0,50,23.5,88.0,6,9,21.0,5,0.88,12,13,-1,-0.11,0.64,0,16,10,1,37,12,13,0,,,,,,,,,,,,,,,,Defensive Midfield,22.0,14000000.0
ENG-Premier League,2223.0,Everton,james tarkowski,ENG,DF,29.0,1992.0,38,38,3420,38.0,1,1,2,1,0,0,6,0,0.03,0.03,0.05,0.03,0.05,32,9,28.1,0.84,0.24,0.03,0.11,90,100.0,90.0,38,0,,0,0.95,34,57,-23,-0.61,,0,40,23,2,0,49,29,0,,,,,,,,,,,,,,,,Centre-Back,30.0,18000000.0
ENG-Premier League,2223.0,Everton,jordan pickford,ENG,GK,28.0,1994.0,37,37,3330,37.0,0,1,1,0,0,0,6,0,0.0,0.03,0.03,0.0,0.03,0,0,,0.0,0.0,,,90,97.4,90.0,37,0,,0,0.89,33,57,-24,-0.65,-1.65,0,1,5,0,0,4,0,0,57.0,1.54,180.0,123.0,68.3,7.0,12.0,18.0,8.0,21.6,6.0,5.0,1.0,0.0,16.7,Goalkeeper,29.0,22000000.0
ENG-Premier League,2223.0,Everton,mason holgate,JAM,DF,25.0,1996.0,8,5,507,5.6,0,0,0,0,0,0,3,1,0.0,0.0,0.0,0.0,0.0,4,1,25.0,0.71,0.18,0.0,0.0,63,14.8,76.0,2,3,42.0,20,0.5,4,9,-5,-0.89,-0.33,1,9,4,0,2,7,7,0,,,,,,,,,,,,,,,,Centre-Back,26.0,9000000.0
ENG-Premier League,2223.0,Everton,michael keane,ENG,DF,29.0,1993.0,12,10,985,10.9,1,2,3,1,0,0,0,0,0.09,0.18,0.27,0.09,0.27,14,4,28.6,1.28,0.37,0.07,0.25,82,28.8,90.0,10,2,43.0,20,0.83,11,22,-11,-1.01,-0.56,0,7,4,0,4,14,4,0,,,,,,,,,,,,,,,,Centre-Back,30.0,10000000.0
ENG-Premier League,2223.0,Everton,nathan patterson,SCO,"DF,MF",20.0,2001.0,19,14,1279,14.2,0,0,0,0,0,0,3,0,0.0,0.0,0.0,0.0,0.0,8,1,12.5,0.56,0.07,0.0,0.0,67,37.4,82.0,11,5,26.0,2,0.74,13,22,-9,-0.63,-0.04,0,14,13,1,39,14,24,0,,,,,,,,,,,,,,,,Right-Back,21.0,16000000.0
ENG-Premier League,2223.0,Everton,neal maupay,FRA,FW,25.0,1996.0,27,11,1118,12.4,1,0,1,1,0,0,4,0,0.08,0.0,0.08,0.08,0.08,32,16,50.0,2.58,1.29,0.03,0.06,41,32.7,78.0,1,16,16.0,6,1.0,12,19,-7,-0.56,0.06,0,13,21,1,3,6,6,0,,,,,,,,,,,,,,,,Centre-Forward,26.0,10000000.0
ENG-Premier League,2223.0,Everton,ruben vinagre,POR,"DF,MF",23.0,1999.0,2,0,26,0.3,0,0,0,0,0,0,0,0,0.0,0.0,0.0,0.0,0.0,0,0,,0.0,0.0,,,13,0.8,,0,2,13.0,19,0.5,0,0,0,0.0,0.61,0,0,3,0,2,0,2,0,,,,,,,,,,,,,,,,Left Midfield,24.0,4000000.0
ENG-Premier League,2223.0,Everton,salomon rondon,VEN,FW,32.0,1989.0,7,1,109,1.2,0,0,0,0,0,0,0,0,0.0,0.0,0.0,0.0,0.0,4,1,25.0,3.3,0.83,0.0,0.0,16,3.2,56.0,0,6,9.0,3,1.14,1,2,-1,-0.83,-0.23,0,4,0,2,0,0,0,0,,,,,,,,,,,,,,,,Centre-Forward,33.0,2000000.0
ENG-Premier League,2223.0,Everton,seamus coleman,IRL,"DF,MF",33.0,1988.0,23,20,1656,18.4,1,0,1,1,0,0,1,0,0.05,0.0,0.05,0.05,0.05,7,2,28.6,0.38,0.11,0.14,0.5,72,48.4,77.0,9,3,37.0,7,0.91,15,25,-10,-0.54,0.12,0,10,21,2,21,22,26,0,,,,,,,,,,,,,,,,Right-Back,34.0,1000000.0
ENG-Premier League,2223.0,Everton,tom cannon,IRL,FW,19.0,2002.0,2,0,25,0.3,0,0,0,0,0,0,0,0,0.0,0.0,0.0,0.0,0.0,1,1,100.0,3.6,3.6,0.0,0.0,13,0.7,,0,2,13.0,0,0.0,0,1,-1,-3.6,-3.02,0,0,2,0,0,0,0,0,,,,,,,,,,,,,,,,Centre-Forward,20.0,5000000.0
ENG-Premier League,2223.0,Everton,tom davies,ENG,MF,24.0,1998.0,19,4,538,6.0,0,0,0,0,0,0,3,0,0.0,0.0,0.0,0.0,0.0,9,2,22.2,1.51,0.33,0.0,0.0,28,15.7,66.0,1,15,18.0,15,1.0,3,9,-6,-1.0,-0.47,0,10,6,1,2,3,9,0,,,,,,,,,,,,,,,,Central Midfield,25.0,9000000.0
ENG-Premier League,2223.0,Everton,vitaliy mykolenko,UKR,"DF,MF",23.0,1999.0,34,30,2655,29.5,0,0,0,0,0,0,4,0,0.0,0.0,0.0,0.0,0.0,10,3,30.0,0.34,0.1,0.0,0.0,78,77.6,86.0,27,4,17.0,0,0.91,28,46,-18,-0.61,-0.02,0,29,21,0,56,48,37,0,,,,,,,,,,,,,,,,Left-Back,24.0,25000000.0
ENG-Premier League,2223.0,Everton,yerry mina,COL,DF,27.0,1994.0,7,7,594,6.6,2,0,2,2,0,0,2,0,0.3,0.0,0.3,0.3,0.3,8,4,50.0,1.21,0.61,0.25,0.5,85,17.4,85.0,5,0,,17,1.0,8,9,-1,-0.15,0.55,0,6,10,0,1,6,7,0,,,,,,,,,,,,,,,,Centre-Back,28.0,10000000.0
ENG-Premier League,2223.0,Fulham,aleksandar mitrovic,SRB,FW,27.0,1994.0,24,23,2008,22.3,14,1,15,10,4,8,7,0,0.63,0.04,0.67,0.45,0.49,93,35,37.6,4.17,1.57,0.11,0.29,84,58.7,86.0,14,1,26.0,0,1.5,33,29,4,0.18,0.31,0,34,40,14,4,3,6,0,,,,,,,,,,,,,,,,Centre-Forward,28.0,28000000.0
ENG-Premier League,2223.0,Fulham,andreas pereira,BRA,MF,26.0,1996.0,33,33,2692,29.9,4,6,10,3,1,1,8,0,0.13,0.2,0.33,0.1,0.3,62,23,37.1,2.07,0.77,0.05,0.13,82,78.7,82.0,7,0,,0,1.36,43,40,3,0.1,0.22,0,41,31,2,196,6,8,0,,,,,,,,,,,,,,,,Central Midfield,27.0,18000000.0
ENG-Premier League,2223.0,Fulham,antonee robinson,USA,DF,24.0,1997.0,35,35,3088,34.3,0,1,1,0,0,0,8,0,0.0,0.03,0.03,0.0,0.03,3,0,0.0,0.09,0.0,0.0,,88,90.3,88.0,34,0,,0,1.4,50,44,6,0.17,1.26,0,33,23,3,137,52,41,0,,,,,,,,,,,,,,,,Left-Back,25.0,15000000.0
ENG-Premier League,2223.0,Fulham,bernd leno,GER,GK,30.0,1992.0,36,36,3240,36.0,0,0,0,0,0,0,3,0,0.0,0.0,0.0,0.0,0.0,0,0,,0.0,0.0,,,90,94.7,90.0,36,0,,2,1.39,53,51,2,0.06,0.06,0,1,3,0,0,0,0,0,51.0,1.42,194.0,143.0,73.7,15.0,5.0,16.0,8.0,22.2,8.0,7.0,1.0,0.0,12.5,Goalkeeper,31.0,12000000.0
ENG-Premier League,2223.0,Fulham,bobby de cordova reid,JAM,"MF,DF",29.0,1993.0,36,29,2475,27.5,4,1,5,4,0,0,8,0,0.15,0.04,0.18,0.15,0.18,31,10,32.3,1.13,0.36,0.13,0.4,69,72.4,80.0,11,7,23.0,1,1.44,36,40,-4,-0.15,-0.72,0,34,21,11,53,18,24,0,,,,,,,,,,,,,,,,Attacking Midfield,30.0,7000000.0
ENG-Premier League,2223.0,Fulham,carlos vinicius,BRA,FW,27.0,1995.0,28,11,1109,12.3,5,2,7,5,0,0,3,0,0.41,0.16,0.57,0.41,0.57,21,12,57.1,1.7,0.97,0.24,0.42,40,32.4,85.0,7,17,10.0,5,1.29,18,20,-2,-0.16,-0.32,0,21,15,6,6,0,2,0,,,,,,,,,,,,,,,,Centre-Forward,28.0,6000000.0
ENG-Premier League,2223.0,Fulham,cedric soares,POR,DF,30.0,1991.0,6,2,198,2.2,0,0,0,0,0,0,0,0,0.0,0.0,0.0,0.0,0.0,2,0,0.0,0.91,0.0,0.0,,33,5.8,79.0,1,4,10.0,9,0.5,1,3,-2,-0.91,-1.02,0,1,2,0,24,1,5,0,,,,,,,,,,,,,,,,Right-Back,31.0,3000000.0
ENG-Premier League,2223.0,Fulham,daniel james,WAL,"MF,FW",24.0,1997.0,20,5,621,6.9,2,1,3,2,0,0,0,0,0.29,0.14,0.43,0.29,0.43,14,3,21.4,2.03,0.43,0.14,0.67,31,18.2,74.0,1,15,17.0,8,0.95,9,16,-7,-1.01,-1.3,0,2,14,2,26,1,5,0,,,,,,,,,,,,,,,,Right Winger,25.0,12000000.0
ENG-Premier League,2223.0,Fulham,harrison reed,ENG,MF,27.0,1995.0,37,35,2866,31.8,3,4,7,3,0,0,5,0,0.09,0.13,0.22,0.09,0.22,20,8,40.0,0.63,0.25,0.15,0.38,77,83.8,81.0,17,2,23.0,0,1.41,48,43,5,0.16,0.64,0,38,22,4,55,19,26,1,,,,,,,,,,,,,,,,Central Midfield,28.0,18000000.0
ENG-Premier League,2223.0,Fulham,harry wilson,WAL,MF,25.0,1997.0,29,13,1100,12.2,2,3,5,2,0,0,1,0,0.16,0.25,0.41,0.16,0.41,18,4,22.2,1.47,0.33,0.11,0.5,38,32.2,69.0,1,16,13.0,1,1.31,21,15,6,0.49,0.65,0,11,32,2,22,7,13,0,,,,,,,,,,,,,,,,Right Winger,26.0,16000000.0
ENG-Premier League,2223.0,Fulham,issa diop,MAR,DF,25.0,1997.0,25,21,2012,22.4,1,0,1,1,0,0,2,0,0.04,0.0,0.04,0.04,0.04,3,2,66.7,0.13,0.09,0.33,0.5,80,58.8,89.0,19,4,34.0,12,1.28,33,26,7,0.31,0.63,0,16,8,3,3,31,18,0,,,,,,,,,,,,,,,,Centre-Back,26.0,18000000.0
ENG-Premier League,2223.0,Fulham,jay stansfield,ENG,MF,19.0,2002.0,3,1,87,1.0,0,0,0,0,0,0,0,0,0.0,0.0,0.0,0.0,0.0,2,0,0.0,2.07,0.0,0.0,,29,2.5,76.0,0,2,6.0,2,1.33,2,2,0,0.0,-0.05,0,1,1,0,3,1,0,0,,,,,,,,,,,,,,,,Centre-Forward,20.0,1200000.0
ENG-Premier League,2223.0,Fulham,josh onomah,ENG,"FW,MF",25.0,1997.0,2,0,15,0.2,0,0,0,0,0,0,0,0,0.0,0.0,0.0,0.0,0.0,0,0,,0.0,0.0,,,8,0.4,,0,2,8.0,3,0.0,0,2,-2,-12.0,-12.11,0,0,0,0,0,0,0,0,,,,,,,,,,,,,,,,Central Midfield,26.0,1500000.0
ENG-Premier League,2223.0,Fulham,joao palhinha,POR,MF,27.0,1995.0,35,35,3108,34.5,3,0,3,3,0,0,14,0,0.09,0.0,0.09,0.09,0.09,38,8,21.1,1.1,0.23,0.08,0.38,89,90.9,89.0,30,0,,0,1.49,51,43,8,0.23,1.96,0,49,50,2,3,43,82,1,,,,,,,,,,,,,,,,Defensive Midfield,27.0,40000000.0
ENG-Premier League,2223.0,Fulham,kenny tete,NED,DF,26.0,1995.0,31,29,2569,28.5,1,5,6,1,0,0,8,0,0.04,0.18,0.21,0.04,0.21,13,5,38.5,0.46,0.18,0.08,0.2,83,75.1,87.0,21,2,19.0,1,1.45,42,36,6,0.21,0.63,0,42,54,0,99,51,49,0,,,,,,,,,,,,,,,,Right-Back,27.0,15000000.0
ENG-Premier League,2223.0,Fulham,kevin mbabu,SUI,DF,27.0,1995.0,6,1,144,1.6,0,1,1,0,0,0,1,0,0.0,0.62,0.62,0.0,0.62,0,0,,0.0,0.0,,,24,4.2,44.0,0,5,20.0,8,0.67,2,7,-5,-3.12,-3.32,0,4,0,0,7,3,2,0,,,,,,,,,,,,,,,,Right-Back,28.0,3500000.0
ENG-Premier League,2223.0,Fulham,layvin kurzawa,FRA,DF,29.0,1992.0,3,2,135,1.5,0,0,0,0,0,0,1,0,0.0,0.0,0.0,0.0,0.0,0,0,,0.0,0.0,,,45,3.9,67.0,1,1,1.0,6,0.33,0,4,-4,-2.67,-2.83,0,1,0,0,2,2,2,0,,,,,,,,,,,,,,,,Left-Back,30.0,3000000.0
ENG-Premier League,2223.0,Fulham,luke harris,WAL,MF,17.0,2005.0,3,0,13,0.1,0,0,0,0,0,0,0,0,0.0,0.0,0.0,0.0,0.0,0,0,,0.0,0.0,,,4,0.4,,0,3,4.0,20,2.0,0,1,-1,-6.92,-7.0,0,1,0,0,1,0,0,0,,,,,,,,,,,,,,,,Attacking Midfield,18.0,500000.0
ENG-Premier League,2223.0,Fulham,manor solomon,ISR,MF,23.0,1999.0,19,4,572,6.4,4,0,4,4,0,0,0,0,0.63,0.0,0.63,0.63,0.63,11,7,63.6,1.73,1.1,0.36,0.57,30,16.7,76.0,1,15,18.0,3,1.16,6,11,-5,-0.79,-1.01,0,5,4,2,4,5,12,0,,,,,,,,,,,,,,,,Left Winger,23.0,18000000.0
ENG-Premier League,2223.0,Fulham,marek rodak,SVK,GK,25.0,1996.0,2,2,180,2.0,0,0,0,0,0,0,0,0,0.0,0.0,0.0,0.0,0.0,0,0,,0.0,0.0,,,90,5.3,90.0,2,0,,36,1.0,2,2,0,0.0,-0.06,0,0,0,0,0,0,0,0,2.0,1.0,4.0,2.0,50.0,0.0,2.0,0.0,1.0,50.0,0.0,0.0,0.0,0.0,,Goalkeeper,26.0,3000000.0
ENG-Premier League,2223.0,Fulham,nathaniel chalobah,ENG,MF,27.0,1994.0,4,1,12,0.1,0,0,0,0,0,0,0,1,0.0,0.0,0.0,0.0,0.0,1,1,100.0,7.5,7.5,0.0,0.0,3,0.4,7.0,0,3,2.0,10,1.5,0,0,0,0.0,-0.05,0,2,0,0,0,0,1,0,,,,,,,,,,,,,,,,Defensive Midfield,28.0,1800000.0
ENG-Premier League,2223.0,Fulham,neeskens kebano,COD,MF,30.0,1992.0,17,9,764,8.5,0,3,3,0,0,0,0,0,0.0,0.35,0.35,0.0,0.35,9,2,22.2,1.06,0.24,0.0,0.0,45,22.3,74.0,1,8,13.0,3,1.47,13,10,3,0.35,0.39,0,8,15,2,24,1,9,0,,,,,,,,,,,,,,,,Left Winger,31.0,2000000.0
ENG-Premier League,2223.0,Fulham,sasa lukic,SRB,MF,25.0,1996.0,12,4,412,4.6,0,0,0,0,0,0,1,0,0.0,0.0,0.0,0.0,0.0,5,1,20.0,1.09,0.22,0.0,0.0,34,12.0,75.0,1,8,14.0,4,1.33,3,10,-7,-1.53,-1.8,0,13,10,0,2,5,3,0,,,,,,,,,,,,,,,,Central Midfield,26.0,12000000.0
ENG-Premier League,2223.0,Fulham,shane duffy,IRL,"DF,MF",30.0,1992.0,5,0,20,0.2,0,0,0,0,0,0,0,0,0.0,0.0,0.0,0.0,0.0,1,0,0.0,4.5,0.0,0.0,,4,0.6,,0,5,4.0,25,2.0,0,4,-4,-18.0,-18.16,0,0,1,0,0,0,0,0,,,,,,,,,,,,,,,,Centre-Back,31.0,2000000.0
ENG-Premier League,2223.0,Fulham,tim ream,USA,DF,34.0,1987.0,33,33,2897,32.2,1,0,1,1,0,0,2,0,0.03,0.0,0.03,0.03,0.03,3,2,66.7,0.09,0.06,0.33,0.5,88,84.7,88.0,31,0,,0,1.36,45,44,1,0.03,-0.14,0,18,7,1,4,42,19,0,,,,,,,,,,,,,,,,Centre-Back,35.0,1000000.0
ENG-Premier League,2223.0,Fulham,tom cairney,SCO,MF,31.0,1991.0,33,6,988,11.0,2,0,2,2,0,0,2,0,0.18,0.0,0.18,0.18,0.18,21,3,14.3,1.91,0.27,0.1,0.67,30,28.9,78.0,0,27,19.0,0,1.36,18,13,5,0.46,0.57,0,8,22,0,36,4,7,0,,,,,,,,,,,,,,,,Central Midfield,32.0,2000000.0
ENG-Premier League,2223.0,Fulham,tosin adarabioyo,ENG,DF,24.0,1997.0,25,23,2085,23.2,1,0,1,1,0,0,4,0,0.04,0.0,0.04,0.04,0.04,17,4,23.5,0.73,0.17,0.06,0.25,83,61.0,90.0,23,2,8.0,13,1.44,36,39,-3,-0.13,-0.47,0,15,5,3,2,25,14,0,,,,,,,,,,,,,,,,Centre-Back,25.0,16000000.0
ENG-Premier League,2223.0,Fulham,tyrese francois,AUS,MF,22.0,2000.0,1,0,1,0.0,0,0,0,0,0,0,0,0,0.0,0.0,0.0,0.0,0.0,0,0,,0.0,0.0,,,1,0.0,,0,1,1.0,6,1.0,0,0,0,0.0,-0.05,0,0,0,0,0,0,0,0,,,,,,,,,,,,,,,,Central Midfield,22.0,500000.0
ENG-Premier League,2223.0,Fulham,willian,BRA,MF,33.0,1988.0,27,25,2126,23.6,5,5,10,5,0,0,2,0,0.21,0.21,0.42,0.21,0.42,41,18,43.9,1.74,0.76,0.12,0.28,79,62.2,82.0,6,2,38.0,0,1.63,39,22,17,0.72,1.76,0,11,24,4,60,9,8,0,,,,,,,,,,,,,,,,Left Winger,34.0,3000000.0
ENG-Premier League,2223.0,Leeds United,adam forshaw,ENG,MF,30.0,1991.0,12,5,479,5.3,0,0,0,0,0,0,0,0,0.0,0.0,0.0,0.0,0.0,1,0,0.0,0.19,0.0,0.0,,40,14.0,68.0,1,7,20.0,4,0.5,4,13,-9,-1.69,-1.05,0,6,5,0,20,4,9,0,,,,,,,,,,,,,,,,Central Midfield,31.0,1200000.0
ENG-Premier League,2223.0,Leeds United,brenden aaronson,USA,MF,21.0,2000.0,36,28,2372,26.4,1,3,4,1,0,0,2,0,0.04,0.11,0.15,0.04,0.15,41,9,22.0,1.56,0.34,0.02,0.11,66,69.4,78.0,8,8,22.0,2,0.86,35,59,-24,-0.91,-0.4,0,16,55,6,72,4,18,0,,,,,,,,,,,,,,,,Attacking Midfield,22.0,25000000.0
ENG-Premier League,2223.0,Leeds United,cody drameh,ENG,DF,20.0,2001.0,1,1,69,0.8,0,0,0,0,0,0,0,0,0.0,0.0,0.0,0.0,0.0,0,0,,0.0,0.0,,,69,2.0,69.0,0,0,,5,0.0,1,3,-2,-2.61,-1.86,0,1,0,0,1,1,4,0,,,,,,,,,,,,,,,,Right-Back,21.0,3500000.0
ENG-Premier League,2223.0,Leeds United,crysencio summerville,NED,"MF,FW",20.0,2001.0,28,12,1426,15.8,4,2,6,4,0,0,4,0,0.25,0.13,0.38,0.25,0.38,29,9,31.0,1.83,0.57,0.14,0.44,51,41.7,82.0,7,16,28.0,8,0.86,19,38,-19,-1.2,-0.7,0,21,41,8,14,13,21,0,,,,,,,,,,,,,,,,Left Winger,21.0,15000000.0
ENG-Premier League,2223.0,Leeds United,daniel james,WAL,MF,24.0,1997.0,4,2,198,2.2,0,0,0,0,0,0,0,0,0.0,0.0,0.0,0.0,0.0,3,1,33.3,1.36,0.45,0.0,0.0,50,5.8,64.0,0,2,36.0,0,1.25,5,2,3,1.36,2.29,0,2,6,0,6,2,2,0,,,,,,,,,,,,,,,,Right Winger,25.0,12000000.0
ENG-Premier League,2223.0,Leeds United,darko gyabi,ENG,MF,18.0,2004.0,1,0,8,0.1,0,0,0,0,0,0,0,0,0.0,0.0,0.0,0.0,0.0,1,0,0.0,11.25,0.0,0.0,,8,0.2,,0,1,8.0,12,0.0,0,0,0,0.0,0.79,0,0,1,0,0,0,2,0,,,,,,,,,,,,,,,,Central Midfield,19.0,3000000.0
ENG-Premier League,2223.0,Leeds United,diego llorente,ESP,DF,28.0,1993.0,8,7,649,7.2,0,0,0,0,0,0,1,0,0.0,0.0,0.0,0.0,0.0,6,0,0.0,0.83,0.0,0.0,,81,19.0,90.0,7,1,19.0,11,1.0,11,12,-1,-0.14,0.8,0,6,2,0,1,16,10,0,,,,,,,,,,,,,,,,Centre-Back,29.0,12000000.0
ENG-Premier League,2223.0,Leeds United,georginio rutter,FRA,FW,20.0,2002.0,11,1,273,3.0,0,1,1,0,0,0,0,0,0.0,0.33,0.33,0.0,0.33,4,0,0.0,1.32,0.0,0.0,,25,8.0,67.0,0,10,21.0,9,0.45,3,9,-6,-1.98,-1.29,0,5,6,1,0,3,10,0,,,,,,,,,,,,,,,,Centre-Forward,21.0,18000000.0
ENG-Premier League,2223.0,Leeds United,illan meslier,FRA,GK,22.0,2000.0,34,34,3060,34.0,0,0,0,0,0,0,3,0,0.0,0.0,0.0,0.0,0.0,1,1,100.0,0.03,0.03,0.0,0.0,90,89.5,90.0,34,0,,4,0.88,43,67,-24,-0.71,0.79,0,1,5,0,0,1,1,0,67.0,1.97,161.0,94.0,58.4,7.0,9.0,18.0,5.0,14.7,3.0,3.0,0.0,0.0,0.0,Goalkeeper,23.0,20000000.0
ENG-Premier League,2223.0,Leeds United,jack harrison,ENG,MF,25.0,1996.0,36,34,2708,30.1,5,7,12,5,0,0,2,0,0.17,0.23,0.4,0.17,0.4,39,14,35.9,1.3,0.47,0.13,0.36,75,79.2,78.0,11,2,27.0,1,0.86,35,55,-20,-0.66,0.6,0,37,35,3,185,22,15,1,,,,,,,,,,,,,,,,Left Winger,26.0,22000000.0
ENG-Premier League,2223.0,Leeds United,joe gelhardt,ENG,FW,20.0,2002.0,15,1,212,2.4,0,2,2,0,0,0,1,0,0.0,0.85,0.85,0.0,0.85,10,2,20.0,4.25,0.85,0.0,0.0,14,6.2,58.0,0,14,11.0,2,0.8,6,3,3,1.27,2.2,0,6,8,0,1,0,2,0,,,,,,,,,,,,,,,,Centre-Forward,21.0,8000000.0
ENG-Premier League,2223.0,Leeds United,joel robles,ESP,GK,32.0,1990.0,4,4,360,4.0,0,0,0,0,0,0,1,0,0.0,0.0,0.0,0.0,0.0,0,0,,0.0,0.0,,,90,10.5,90.0,4,0,,23,0.25,5,11,-6,-1.5,-0.79,0,0,0,0,0,0,0,0,11.0,2.75,27.0,16.0,59.3,0.0,1.0,3.0,0.0,0.0,3.0,2.0,0.0,1.0,0.0,Goalkeeper,33.0,1000000.0
ENG-Premier League,2223.0,Leeds United,junior firpo,DOM,DF,25.0,1996.0,19,14,1368,15.2,1,1,2,1,0,0,6,1,0.07,0.07,0.13,0.07,0.13,2,1,50.0,0.13,0.07,0.5,1.0,72,40.0,86.0,10,5,32.0,11,0.74,17,33,-16,-1.05,-0.44,0,24,8,0,12,24,23,0,,,,,,,,,,,,,,,,Left-Back,26.0,10000000.0
ENG-Premier League,2223.0,Leeds United,liam cooper,SCO,DF,30.0,1991.0,18,16,1426,15.8,1,0,1,1,0,0,5,0,0.06,0.0,0.06,0.06,0.06,10,3,30.0,0.63,0.19,0.1,0.33,79,41.7,85.0,14,2,31.0,7,0.56,20,32,-12,-0.76,0.06,0,12,10,0,1,34,24,0,,,,,,,,,,,,,,,,Centre-Back,31.0,3000000.0
ENG-Premier League,2223.0,Leeds United,luis sinisterra,COL,MF,23.0,1999.0,19,13,867,9.6,5,0,5,5,0,0,3,1,0.52,0.0,0.52,0.52,0.52,28,11,39.3,2.91,1.14,0.18,0.45,46,25.4,58.0,0,6,18.0,1,0.68,10,23,-13,-1.35,-0.75,1,14,12,5,7,7,14,0,,,,,,,,,,,,,,,,Left Winger,24.0,22000000.0
ENG-Premier League,2223.0,Leeds United,luke ayling,ENG,DF,30.0,1991.0,29,22,2054,22.8,2,1,3,2,0,0,3,0,0.09,0.04,0.13,0.09,0.13,24,5,20.8,1.05,0.22,0.08,0.4,71,60.1,89.0,21,7,14.0,4,0.79,27,48,-21,-0.92,-0.33,0,16,35,1,63,25,38,0,,,,,,,,,,,,,,,,Right-Back,31.0,1800000.0
ENG-Premier League,2223.0,Leeds United,marc roca,ESP,MF,25.0,1996.0,32,29,2315,25.7,1,2,3,1,0,0,7,0,0.04,0.08,0.12,0.04,0.12,35,13,37.1,1.36,0.51,0.03,0.08,72,67.7,78.0,12,3,19.0,3,0.91,33,60,-27,-1.05,-0.81,0,40,29,0,77,24,40,0,,,,,,,,,,,,,,,,Defensive Midfield,26.0,10000000.0
ENG-Premier League,2223.0,Leeds United,mateo joseph,ESP,FW,18.0,2003.0,3,0,26,0.3,0,0,0,0,0,0,0,0,0.0,0.0,0.0,0.0,0.0,1,1,100.0,3.46,3.46,0.0,0.0,9,0.8,,0,3,9.0,5,0.33,0,0,0,0.0,0.8,0,0,0,0,0,0,0,0,,,,,,,,,,,,,,,,Centre-Forward,19.0,900000.0
ENG-Premier League,2223.0,Leeds United,mateusz klich,POL,MF,32.0,1990.0,14,0,280,3.1,0,0,0,0,0,0,2,0,0.0,0.0,0.0,0.0,0.0,4,1,25.0,1.29,0.32,0.0,0.0,20,8.2,,0,14,20.0,2,0.79,5,4,1,0.32,1.21,0,10,3,0,8,0,8,0,,,,,,,,,,,,,,,,Defensive Midfield,33.0,2000000.0
ENG-Premier League,2223.0,Leeds United,maximilian wober,AUT,DF,24.0,1998.0,16,14,1266,14.1,0,0,0,0,0,0,3,0,0.0,0.0,0.0,0.0,0.0,9,2,22.2,0.64,0.14,0.0,0.0,79,37.0,85.0,12,2,41.0,1,0.63,15,23,-8,-0.57,0.35,0,15,1,1,7,26,17,0,,,,,,,,,,,,,,,,Centre-Back,25.0,14000000.0
ENG-Premier League,2223.0,Leeds United,pascal struijk,NED,DF,22.0,1999.0,29,26,2200,24.4,2,1,3,2,0,0,5,0,0.08,0.04,0.12,0.08,0.12,16,7,43.8,0.65,0.29,0.13,0.29,76,64.3,84.0,20,3,7.0,5,0.9,33,52,-19,-0.78,0.03,0,30,12,0,21,34,60,0,,,,,,,,,,,,,,,,Centre-Back,23.0,18000000.0
ENG-Premier League,2223.0,Leeds United,patrick bamford,ENG,FW,28.0,1993.0,28,18,1515,16.8,4,2,6,4,0,2,3,0,0.24,0.12,0.36,0.24,0.36,50,17,34.0,2.97,1.01,0.08,0.24,54,44.3,70.0,2,10,26.0,0,0.82,23,31,-8,-0.48,0.56,0,24,27,18,5,5,6,0,,,,,,,,,,,,,,,,Centre-Forward,29.0,9000000.0
ENG-Premier League,2223.0,Leeds United,rasmus kristensen,DEN,DF,25.0,1997.0,26,21,1960,21.8,3,1,4,3,0,0,4,0,0.14,0.05,0.18,0.14,0.18,13,5,38.5,0.6,0.23,0.23,0.6,75,57.3,87.0,17,5,26.0,11,0.88,29,53,-24,-1.1,-0.73,0,20,6,1,34,32,34,0,,,,,,,,,,,,,,,,,,
ENG-Premier League,2223.0,Leeds United,robin koch,GER,DF,26.0,1996.0,36,36,3175,35.3,0,0,0,0,0,0,7,0,0.0,0.0,0.0,0.0,0.0,17,4,23.5,0.48,0.11,0.0,0.0,88,92.8,88.0,33,0,,1,0.86,46,74,-28,-0.79,-0.06,0,35,17,1,1,42,30,1,,,,,,,,,,,,,,,,Centre-Back,26.0,18000000.0
ENG-Premier League,2223.0,Leeds United,rodrigo,ESP,"FW,MF",31.0,1991.0,31,23,1935,21.5,13,1,14,12,1,1,6,0,0.6,0.05,0.65,0.56,0.6,67,27,40.3,3.12,1.26,0.18,0.44,62,56.6,74.0,7,8,28.0,0,0.87,28,43,-15,-0.7,0.21,0,29,11,10,21,6,9,0,,,,,,,,,,,,,,,,Centre-Forward,32.0,6000000.0
ENG-Premier League,2223.0,Leeds United,sam greenwood,ENG,MF,20.0,2002.0,18,3,424,4.7,1,2,3,1,0,0,1,0,0.21,0.42,0.64,0.21,0.64,12,2,16.7,2.55,0.42,0.08,0.5,24,12.4,70.0,1,15,14.0,18,0.72,10,11,-1,-0.21,0.66,0,11,3,0,44,1,7,0,,,,,,,,,,,,,,,,Attacking Midfield,21.0,5000000.0
ENG-Premier League,2223.0,Leeds United,tyler adams,USA,MF,23.0,1999.0,24,24,2156,24.0,0,0,0,0,0,0,6,1,0.0,0.0,0.0,0.0,0.0,4,0,0.0,0.17,0.0,0.0,,90,63.0,90.0,23,0,,0,0.96,28,36,-8,-0.33,1.23,1,37,21,1,2,32,44,0,,,,,,,,,,,,,,,,Defensive Midfield,24.0,18000000.0
ENG-Premier League,2223.0,Leeds United,weston mckennie,USA,MF,23.0,1998.0,19,16,1437,16.0,0,1,1,0,0,0,7,0,0.0,0.06,0.06,0.0,0.06,13,2,15.4,0.81,0.13,0.0,0.0,76,42.0,85.0,9,3,28.0,0,0.68,20,35,-15,-0.94,-0.26,0,20,5,1,9,22,14,0,,,,,,,,,,,,,,,,Central Midfield,24.0,18000000.0
ENG-Premier League,2223.0,Leeds United,wilfried gnonto,ITA,"MF,FW",18.0,2003.0,24,14,1354,15.0,2,4,6,2,0,0,7,0,0.13,0.27,0.4,0.13,0.4,22,8,36.4,1.46,0.53,0.09,0.25,56,39.6,79.0,7,10,26.0,5,0.75,17,28,-11,-0.73,0.1,0,28,39,3,42,4,16,0,,,,,,,,,,,,,,,,Right Winger,19.0,18000000.0
ENG-Premier League,2223.0,Leicester City,ayoze perez,ESP,MF,29.0,1993.0,8,3,382,4.2,0,1,1,0,0,0,0,0,0.0,0.24,0.24,0.0,0.24,8,2,25.0,1.88,0.47,0.0,0.0,48,11.2,75.0,1,5,32.0,10,0.75,4,5,-1,-0.24,0.24,0,7,12,0,17,2,8,0,,,,,,,,,,,,,,,,Centre-Forward,29.0,6000000.0
ENG-Premier League,2223.0,Leicester City,boubakary soumare,FRA,MF,23.0,1999.0,26,20,1629,18.1,0,0,0,0,0,0,9,0,0.0,0.0,0.0,0.0,0.0,1,0,0.0,0.06,0.0,0.0,,63,47.6,75.0,9,6,23.0,3,1.0,19,30,-11,-0.61,-0.31,0,31,22,1,2,31,34,0,,,,,,,,,,,,,,,,Defensive Midfield,24.0,20000000.0
ENG-Premier League,2223.0,Leicester City,daniel amartey,GHA,DF,27.0,1994.0,20,18,1610,17.9,0,0,0,0,0,0,1,0,0.0,0.0,0.0,0.0,0.0,6,2,33.3,0.34,0.11,0.0,0.0,81,47.1,87.0,16,2,22.0,15,0.8,20,26,-6,-0.34,0.21,0,7,3,0,0,9,8,0,,,,,,,,,,,,,,,,Centre-Back,28.0,12000000.0
ENG-Premier League,2223.0,Leicester City,daniel iversen,DEN,GK,25.0,1997.0,12,12,1080,12.0,0,0,0,0,0,0,0,0,0.0,0.0,0.0,0.0,0.0,0,0,,0.0,0.0,,,90,31.6,90.0,12,0,,26,0.83,14,22,-8,-0.67,-0.32,0,0,0,0,0,0,0,1,22.0,1.83,60.0,38.0,63.3,2.0,4.0,6.0,1.0,8.3,2.0,2.0,0.0,0.0,0.0,Goalkeeper,25.0,5000000.0
ENG-Premier League,2223.0,Leicester City,danny ward,WAL,GK,29.0,1993.0,26,26,2340,26.0,0,0,0,0,0,0,0,0,0.0,0.0,0.0,0.0,0.0,0,0,,0.0,0.0,,,90,68.4,90.0,26,0,,9,0.92,37,46,-9,-0.35,0.32,0,0,5,0,0,0,1,0,46.0,1.77,122.0,76.0,62.3,7.0,3.0,16.0,6.0,23.1,3.0,2.0,1.0,0.0,33.3,Goalkeeper,30.0,6000000.0
ENG-Premier League,2223.0,Leicester City,dennis praet,BEL,MF,28.0,1994.0,22,6,649,7.2,1,0,1,1,0,0,1,0,0.14,0.0,0.14,0.14,0.14,5,2,40.0,0.69,0.28,0.2,0.5,30,19.0,49.0,0,16,22.0,12,1.18,9,10,-1,-0.14,0.38,0,9,8,1,15,5,8,0,,,,,,,,,,,,,,,,Central Midfield,29.0,7000000.0
ENG-Premier League,2223.0,Leicester City,harry souttar,AUS,DF,23.0,1998.0,12,11,992,11.0,0,1,1,0,0,0,2,0,0.0,0.09,0.09,0.0,0.09,8,2,25.0,0.73,0.18,0.0,0.0,83,29.0,90.0,11,1,2.0,6,0.67,13,19,-6,-0.54,-0.14,0,5,5,1,0,10,10,1,,,,,,,,,,,,,,,,Centre-Back,24.0,15000000.0
ENG-Premier League,2223.0,Leicester City,harvey barnes,ENG,"MF,FW",24.0,1997.0,34,32,2711,30.1,13,1,14,13,0,0,3,0,0.43,0.03,0.46,0.43,0.46,72,34,47.2,2.39,1.13,0.18,0.38,80,79.3,83.0,21,2,27.0,0,0.88,42,51,-9,-0.3,0.72,0,39,37,9,45,8,14,0,,,,,,,,,,,,,,,,Left Winger,25.0,35000000.0
ENG-Premier League,2223.0,Leicester City,james justin,ENG,"DF,MF",24.0,1998.0,14,14,1252,13.9,0,0,0,0,0,0,0,0,0.0,0.0,0.0,0.0,0.0,5,0,0.0,0.36,0.0,0.0,,89,36.6,89.0,12,0,,0,1.0,23,25,-2,-0.14,0.48,0,8,29,2,21,14,18,0,,,,,,,,,,,,,,,,Right-Back,25.0,20000000.0
ENG-Premier League,2223.0,Leicester City,james maddison,ENG,"MF,FW",25.0,1996.0,30,28,2480,27.6,10,9,19,9,1,2,10,0,0.36,0.33,0.69,0.33,0.65,85,29,34.1,3.08,1.05,0.11,0.31,83,72.5,86.0,21,2,34.0,0,0.93,41,54,-13,-0.47,-0.09,0,31,80,6,123,12,25,0,,,,,,,,,,,,,,,,Attacking Midfield,26.0,60000000.0
ENG-Premier League,2223.0,Leicester City,jamie vardy,ENG,FW,35.0,1987.0,37,19,1857,20.6,3,4,7,3,0,1,1,0,0.15,0.19,0.34,0.15,0.34,28,15,53.6,1.36,0.73,0.11,0.2,50,54.3,74.0,6,18,26.0,1,0.92,24,37,-13,-0.63,-0.4,0,22,6,29,7,2,5,0,,,,,,,,,,,,,,,,Centre-Forward,36.0,2500000.0
ENG-Premier League,2223.0,Leicester City,jonny evans,NIR,DF,34.0,1988.0,13,12,1051,11.7,0,0,0,0,0,0,1,0,0.0,0.0,0.0,0.0,0.0,1,1,100.0,0.09,0.09,0.0,0.0,81,30.7,88.0,10,1,1.0,3,0.62,17,28,-11,-0.94,-0.71,0,9,7,1,0,17,5,0,,,,,,,,,,,,,,,,Centre-Back,35.0,2000000.0
ENG-Premier League,2223.0,Leicester City,kelechi iheanacho,NGA,FW,25.0,1996.0,28,11,1127,12.5,5,5,10,4,1,1,0,0,0.4,0.4,0.8,0.32,0.72,39,14,35.9,3.11,1.12,0.1,0.29,40,33.0,73.0,1,17,19.0,7,0.68,17,23,-6,-0.48,-0.05,0,18,5,12,5,0,2,0,,,,,,,,,,,,,,,,Centre-Forward,26.0,18000000.0
ENG-Premier League,2223.0,Leicester City,kiernan dewsbury hall,ENG,MF,23.0,1998.0,31,28,2306,25.6,2,2,4,2,0,0,5,1,0.08,0.08,0.16,0.08,0.16,26,6,23.1,1.01,0.23,0.08,0.33,74,67.4,80.0,16,3,26.0,2,1.0,38,40,-2,-0.08,1.13,1,37,35,1,44,28,28,0,,,,,,,,,,,,,,,,Central Midfield,24.0,25000000.0
ENG-Premier League,2223.0,Leicester City,lewis brunt,ENG,"DF,MF",21.0,2000.0,1,0,23,0.3,0,0,0,0,0,0,0,0,0.0,0.0,0.0,0.0,0.0,0,0,,0.0,0.0,,,23,0.7,,0,1,23.0,6,0.0,0,1,-1,-3.91,-3.49,0,0,1,0,0,0,0,0,,,,,,,,,,,,,,,,Centre-Back,22.0,100000.0
ENG-Premier League,2223.0,Leicester City,luke thomas,ENG,DF,21.0,2001.0,17,11,1073,11.9,0,0,0,0,0,0,3,0,0.0,0.0,0.0,0.0,0.0,3,0,0.0,0.25,0.0,0.0,,63,31.4,86.0,8,6,21.0,19,0.88,14,20,-6,-0.5,-0.08,0,11,7,0,8,27,18,1,,,,,,,,,,,,,,,,Left-Back,22.0,12000000.0
ENG-Premier League,2223.0,Leicester City,marc albrighton,ENG,MF,32.0,1989.0,6,1,237,2.6,1,0,1,1,0,0,0,0,0.38,0.0,0.38,0.38,0.38,2,1,50.0,0.76,0.38,0.5,1.0,40,6.9,67.0,0,5,34.0,13,1.67,3,3,0,0.0,0.48,0,2,2,1,28,1,1,0,,,,,,,,,,,,,,,,Right Midfield,33.0,1000000.0
ENG-Premier League,2223.0,Leicester City,nampalys mendy,SEN,MF,30.0,1992.0,19,7,757,8.4,1,0,1,1,0,0,1,0,0.12,0.0,0.12,0.12,0.12,2,1,50.0,0.24,0.12,0.5,1.0,40,22.1,72.0,2,12,21.0,14,1.42,12,13,-1,-0.12,0.42,0,9,10,0,1,13,9,0,,,,,,,,,,,,,,,,Defensive Midfield,31.0,2500000.0
ENG-Premier League,2223.0,Leicester City,patson daka,ZAM,FW,23.0,1998.0,30,13,1187,13.2,4,4,8,4,0,0,2,0,0.3,0.3,0.61,0.3,0.61,30,16,53.3,2.27,1.21,0.13,0.25,40,34.7,65.0,2,17,20.0,7,0.83,20,25,-5,-0.38,0.1,0,23,15,7,8,7,9,0,,,,,,,,,,,,,,,,Centre-Forward,24.0,18000000.0
ENG-Premier League,2223.0,Leicester City,ricardo pereira,POR,"DF,MF",28.0,1993.0,10,5,454,5.0,1,1,2,1,0,0,2,0,0.2,0.2,0.4,0.2,0.4,2,1,50.0,0.4,0.2,0.5,1.0,45,13.3,79.0,3,5,12.0,2,0.7,3,11,-8,-1.59,-1.31,0,4,4,0,16,4,8,0,,,,,,,,,,,,,,,,Right-Back,29.0,10000000.0
ENG-Premier League,2223.0,Leicester City,tete,BRA,"MF,FW",22.0,2000.0,13,9,734,8.2,1,0,1,1,0,0,0,0,0.12,0.0,0.12,0.12,0.12,15,2,13.3,1.84,0.25,0.07,0.5,56,21.5,68.0,0,4,30.0,5,0.85,13,15,-2,-0.25,0.26,0,3,17,4,19,2,8,0,,,,,,,,,,,,,,,,Right Winger,23.0,25000000.0
ENG-Premier League,2223.0,Leicester City,timothy castagne,BEL,"DF,MF",26.0,1995.0,37,36,3254,36.2,2,3,5,2,0,0,3,0,0.06,0.08,0.14,0.06,0.14,18,6,33.3,0.5,0.17,0.11,0.33,88,95.1,89.0,33,1,45.0,1,0.92,49,64,-15,-0.41,0.67,0,25,15,6,60,43,42,0,,,,,,,,,,,,,,,,Right-Back,27.0,25000000.0
ENG-Premier League,2223.0,Leicester City,victor bernth kristiansen,DEN,DF,19.0,2002.0,12,11,892,9.9,0,1,1,0,0,0,2,0,0.0,0.1,0.1,0.0,0.1,3,0,0.0,0.3,0.0,0.0,,74,26.1,81.0,7,1,3.0,2,0.92,14,21,-7,-0.71,-0.35,0,17,9,0,29,3,24,0,,,,,,,,,,,,,,,,,,
ENG-Premier League,2223.0,Leicester City,wesley fofana,FRA,DF,21.0,2000.0,2,2,180,2.0,0,0,0,0,0,0,1,0,0.0,0.0,0.0,0.0,0.0,2,1,50.0,1.0,0.5,0.0,0.0,90,5.3,90.0,2,0,,0,0.5,4,6,-2,-1.0,-0.58,0,2,3,1,0,9,2,0,,,,,,,,,,,,,,,,Centre-Back,22.0,55000000.0
ENG-Premier League,2223.0,Leicester City,wilfred ndidi,NGA,"MF,DF",25.0,1996.0,27,19,1679,18.7,0,0,0,0,0,0,4,0,0.0,0.0,0.0,0.0,0.0,7,2,28.6,0.38,0.11,0.0,0.0,62,49.1,79.0,8,8,22.0,4,0.7,25,39,-14,-0.75,-0.6,0,29,14,0,2,36,41,0,,,,,,,,,,,,,,,,Defensive Midfield,26.0,25000000.0
ENG-Premier League,2223.0,Leicester City,wout faes,BEL,DF,24.0,1998.0,31,31,2786,31.0,1,2,3,1,0,0,6,1,0.03,0.06,0.1,0.03,0.1,13,3,23.1,0.42,0.1,0.08,0.33,90,81.5,90.0,30,0,,0,1.03,42,51,-9,-0.29,0.84,1,23,17,0,0,42,31,2,,,,,,,,,,,,,,,,Centre-Back,25.0,20000000.0
ENG-Premier League,2223.0,Leicester City,youri tielemans,BEL,MF,25.0,1997.0,31,27,2344,26.0,3,2,5,2,1,2,4,0,0.12,0.08,0.19,0.08,0.15,31,10,32.3,1.19,0.38,0.06,0.2,76,68.5,82.0,16,4,30.0,0,0.97,35,49,-14,-0.54,-0.29,0,33,25,1,45,29,41,0,,,,,,,,,,,,,,,,Central Midfield,26.0,25000000.0
ENG-Premier League,2223.0,Leicester City,caglar soyuncu,TUR,DF,26.0,1996.0,7,6,529,5.9,1,0,1,1,0,0,2,0,0.17,0.0,0.17,0.17,0.17,5,2,40.0,0.85,0.34,0.2,0.5,76,15.5,87.0,5,1,8.0,15,1.14,9,13,-4,-0.68,-0.28,0,7,4,0,0,7,9,0,,,,,,,,,,,,,,,,Centre-Back,27.0,15000000.0
ENG-Premier League,2223.0,Liverpool,alex oxlade chamberlain,ENG,FW,28.0,1993.0,9,4,335,3.7,1,0,1,1,0,0,0,0,0.27,0.0,0.27,0.27,0.27,7,3,42.9,1.88,0.81,0.14,0.33,37,9.8,69.0,0,5,12.0,4,1.33,5,7,-2,-0.54,-1.41,0,3,4,1,2,0,4,0,,,,,,,,,,,,,,,,Central Midfield,29.0,7000000.0
ENG-Premier League,2223.0,Liverpool,alisson,BRA,GK,29.0,1992.0,37,37,3330,37.0,0,1,1,0,0,0,1,0,0.0,0.03,0.03,0.0,0.03,0,0,,0.0,0.0,,,90,97.4,90.0,37,0,,0,1.78,71,43,28,0.76,0.76,0,1,5,0,0,0,0,0,43.0,1.16,146.0,104.0,70.5,19.0,9.0,9.0,14.0,37.8,4.0,2.0,1.0,1.0,33.3,Goalkeeper,30.0,35000000.0
ENG-Premier League,2223.0,Liverpool,andy robertson,SCO,DF,28.0,1994.0,34,29,2583,28.7,0,8,8,0,0,0,3,0,0.0,0.28,0.28,0.0,0.28,13,4,30.8,0.45,0.14,0.0,0.0,76,75.5,84.0,19,5,27.0,1,1.82,58,34,24,0.84,0.41,0,22,10,7,196,16,21,0,,,,,,,,,,,,,,,,,,
ENG-Premier League,2223.0,Liverpool,ben gannon doak,SCO,MF,16.0,2005.0,2,0,26,0.3,0,0,0,0,0,0,0,0,0.0,0.0,0.0,0.0,0.0,0,0,,0.0,0.0,,,13,0.8,,0,2,13.0,2,1.5,0,1,-1,-3.46,-4.23,0,1,1,0,0,0,2,0,,,,,,,,,,,,,,,,Right Winger,17.0,
ENG-Premier League,2223.0,Liverpool,bobby clark,ENG,MF,17.0,2005.0,1,0,8,0.1,0,0,0,0,0,0,0,0,0.0,0.0,0.0,0.0,0.0,0,0,,0.0,0.0,,,8,0.2,,0,1,8.0,5,3.0,1,0,1,11.25,10.54,0,1,0,0,0,0,0,0,,,,,,,,,,,,,,,,Central Midfield,18.0,350000.0
ENG-Premier League,2223.0,Liverpool,caoimhin kelleher,IRL,GK,23.0,1998.0,1,1,90,1.0,0,0,0,0,0,0,0,0,0.0,0.0,0.0,0.0,0.0,0,0,,0.0,0.0,,,90,2.6,90.0,1,0,,28,1.0,4,4,0,0.0,-0.76,0,0,0,0,0,0,0,0,4.0,4.0,10.0,6.0,60.0,0.0,1.0,0.0,0.0,0.0,0.0,0.0,0.0,0.0,,Goalkeeper,24.0,12000000.0
ENG-Premier League,2223.0,Liverpool,cody gakpo,NED,FW,23.0,1999.0,21,17,1458,16.2,7,2,9,7,0,0,0,0,0.43,0.12,0.56,0.43,0.56,39,13,33.3,2.41,0.8,0.18,0.54,69,42.6,81.0,6,4,22.0,0,1.86,32,19,13,0.8,0.11,0,26,33,8,19,4,15,0,,,,,,,,,,,,,,,,Left Winger,24.0,55000000.0
ENG-Premier League,2223.0,Liverpool,curtis jones,ENG,MF,21.0,2001.0,18,12,1035,11.5,3,1,4,3,0,0,2,0,0.26,0.09,0.35,0.26,0.35,15,5,33.3,1.3,0.43,0.2,0.6,58,30.3,78.0,2,6,18.0,5,1.94,23,15,8,0.7,-0.06,0,13,16,2,7,3,17,0,,,,,,,,,,,,,,,,Central Midfield,22.0,22000000.0
ENG-Premier League,2223.0,Liverpool,darwin nunez,URU,FW,23.0,1999.0,29,19,1695,18.8,9,3,12,9,0,0,1,1,0.48,0.16,0.64,0.48,0.64,84,37,44.0,4.46,1.96,0.11,0.24,58,49.6,78.0,5,10,21.0,0,1.9,35,22,13,0.69,-0.09,0,25,17,17,19,2,5,0,,,,,,,,,,,,,,,,Centre-Forward,24.0,65000000.0
ENG-Premier League,2223.0,Liverpool,diogo jota,POR,"FW,MF",25.0,1996.0,22,12,1131,12.6,7,4,11,7,0,0,2,0,0.56,0.32,0.88,0.56,0.88,35,11,31.4,2.79,0.88,0.2,0.64,51,33.1,76.0,2,10,22.0,0,1.95,24,19,5,0.4,-0.51,0,19,15,4,8,3,14,0,,,,,,,,,,,,,,,,Left Winger,26.0,50000000.0
ENG-Premier League,2223.0,Liverpool,fabinho,BRA,MF,28.0,1993.0,36,31,2671,29.7,0,2,2,0,0,0,11,0,0.0,0.07,0.07,0.0,0.07,18,4,22.2,0.61,0.13,0.0,0.0,74,78.1,82.0,20,5,23.0,0,1.78,59,34,25,0.84,0.48,0,53,24,0,5,36,37,0,,,,,,,,,,,,,,,,Defensive Midfield,29.0,42000000.0
ENG-Premier League,2223.0,Liverpool,fabio carvalho,POR,"MF,FW",19.0,2002.0,13,4,347,3.9,2,0,2,2,0,0,0,0,0.52,0.0,0.52,0.52,0.52,11,4,36.4,2.85,1.04,0.18,0.5,27,10.1,52.0,0,9,16.0,18,1.69,9,3,6,1.56,0.91,0,6,6,0,2,6,8,0,,,,,,,,,,,,,,,,Attacking Midfield,20.0,16000000.0
ENG-Premier League,2223.0,Liverpool,harvey elliott,ENG,MF,19.0,2003.0,32,18,1613,17.9,1,2,3,1,0,0,2,0,0.06,0.11,0.17,0.06,0.17,36,12,33.3,2.01,0.67,0.03,0.08,50,47.2,72.0,4,14,22.0,5,1.66,37,20,17,0.95,0.4,0,14,25,2,34,14,20,0,,,,,,,,,,,,,,,,Attacking Midfield,20.0,35000000.0
ENG-Premier League,2223.0,Liverpool,ibrahima konate,FRA,DF,23.0,1999.0,18,17,1552,17.2,0,0,0,0,0,0,5,0,0.0,0.0,0.0,0.0,0.0,11,3,27.3,0.64,0.17,0.0,0.0,86,45.4,90.0,17,1,22.0,3,1.72,34,22,12,0.7,-0.08,0,29,16,1,1,26,26,1,,,,,,,,,,,,,,,,Centre-Back,24.0,38000000.0
ENG-Premier League,2223.0,Liverpool,james milner,ENG,"MF,DF",36.0,1986.0,31,7,913,10.1,0,1,1,0,0,0,2,0,0.0,0.1,0.1,0.0,0.1,7,1,14.3,0.69,0.1,0.0,0.0,29,26.7,77.0,3,24,16.0,3,1.84,17,12,5,0.49,-0.33,0,16,15,0,52,10,15,0,,,,,,,,,,,,,,,,Central Midfield,37.0,1500000.0
ENG-Premier League,2223.0,Liverpool,joe gomez,ENG,DF,25.0,1997.0,21,15,1466,16.3,0,0,0,0,0,0,3,0,0.0,0.0,0.0,0.0,0.0,6,2,33.3,0.37,0.12,0.0,0.0,70,42.9,90.0,15,6,19.0,12,1.67,28,16,12,0.74,0.0,0,13,4,1,4,22,21,0,,,,,,,,,,,,,,,,Centre-Back,26.0,22000000.0
ENG-Premier League,2223.0,Liverpool,jordan henderson,ENG,MF,32.0,1990.0,35,23,2074,23.0,0,2,2,0,0,0,2,0,0.0,0.09,0.09,0.0,0.09,23,6,26.1,1.0,0.26,0.0,0.0,59,60.6,78.0,10,12,23.0,0,1.8,48,30,18,0.78,0.11,0,19,9,3,47,21,23,0,,,,,,,,,,,,,,,,Defensive Midfield,33.0,10000000.0
ENG-Premier League,2223.0,Liverpool,joel matip,CMR,DF,30.0,1991.0,14,12,1092,12.1,1,0,1,1,0,0,3,0,0.08,0.0,0.08,0.08,0.08,5,3,60.0,0.41,0.25,0.2,0.33,78,31.9,86.0,10,2,28.0,15,1.29,21,20,1,0.08,-0.96,0,10,5,1,1,17,8,1,,,,,,,,,,,,,,,,Centre-Back,31.0,12000000.0
ENG-Premier League,2223.0,Liverpool,kostas tsimikas,GRE,DF,26.0,1996.0,20,9,771,8.6,0,4,4,0,0,0,3,0,0.0,0.47,0.47,0.0,0.47,7,2,28.6,0.82,0.23,0.0,0.0,39,22.5,67.0,2,11,15.0,17,1.65,14,11,3,0.35,-0.5,0,13,9,0,87,11,9,0,,,,,,,,,,,,,,,,,,
ENG-Premier League,2223.0,Liverpool,luis diaz,COL,FW,25.0,1997.0,17,11,996,11.1,4,2,6,4,0,0,2,0,0.36,0.18,0.54,0.36,0.54,27,8,29.6,2.44,0.72,0.15,0.5,59,29.1,76.0,5,6,26.0,0,1.94,28,11,17,1.54,1.13,0,20,23,3,8,5,11,0,,,,,,,,,,,,,,,,Left Winger,26.0,75000000.0
ENG-Premier League,2223.0,Liverpool,mohamed salah,EGY,FW,30.0,1992.0,38,37,3290,36.6,19,12,31,17,2,4,2,0,0.52,0.33,0.85,0.47,0.79,125,47,37.6,3.42,1.29,0.14,0.36,87,96.2,88.0,29,1,26.0,0,1.76,74,45,29,0.79,1.49,0,20,33,22,38,6,12,0,,,,,,,,,,,,,,,,Right Winger,31.0,65000000.0
ENG-Premier League,2223.0,Liverpool,naby keita,GUI,MF,27.0,1995.0,8,3,293,3.3,0,0,0,0,0,0,1,0,0.0,0.0,0.0,0.0,0.0,10,0,0.0,3.07,0.0,0.0,,37,8.6,57.0,0,5,24.0,2,1.38,2,4,-2,-0.61,-1.48,0,12,2,0,2,2,4,0,,,,,,,,,,,,,,,,Central Midfield,28.0,12000000.0
ENG-Premier League,2223.0,Liverpool,nathaniel phillips,ENG,DF,25.0,1997.0,2,1,66,0.7,0,0,0,0,0,0,0,0,0.0,0.0,0.0,0.0,0.0,1,0,0.0,1.36,0.0,0.0,,33,1.9,62.0,0,1,4.0,16,2.0,1,1,0,0.0,-0.75,0,1,0,0,0,2,1,0,,,,,,,,,,,,,,,,,,
ENG-Premier League,2223.0,Liverpool,roberto firmino,BRA,FW,30.0,1991.0,25,13,1213,13.5,11,4,15,11,0,0,0,0,0.82,0.3,1.11,0.82,1.11,39,25,64.1,2.89,1.85,0.28,0.44,49,35.5,73.0,3,12,22.0,0,1.64,28,17,11,0.82,0.12,0,9,6,5,12,7,13,0,,,,,,,,,,,,,,,,Centre-Forward,31.0,18000000.0
ENG-Premier League,2223.0,Liverpool,stefan bajcetic,ESP,MF,17.0,2004.0,11,6,526,5.8,1,0,1,1,0,0,2,0,0.17,0.0,0.17,0.17,0.17,6,3,50.0,1.03,0.51,0.17,0.33,48,15.4,78.0,0,5,12.0,10,2.09,11,4,7,1.2,0.54,0,7,9,0,5,6,8,0,,,,,,,,,,,,,,,,Defensive Midfield,18.0,13000000.0
ENG-Premier League,2223.0,Liverpool,thiago alcantara,ESP,MF,31.0,1991.0,18,14,1254,13.9,0,0,0,0,0,0,2,0,0.0,0.0,0.0,0.0,0.0,10,1,10.0,0.72,0.07,0.0,0.0,70,36.7,82.0,9,4,25.0,0,1.72,22,23,-1,-0.07,-1.28,0,18,26,0,4,20,27,0,,,,,,,,,,,,,,,,Central Midfield,32.0,15000000.0
ENG-Premier League,2223.0,Liverpool,trent alexander arnold,ENG,DF,23.0,1998.0,37,34,2923,32.5,2,9,11,2,0,0,5,0,0.06,0.28,0.34,0.06,0.34,40,8,20.0,1.23,0.25,0.05,0.25,79,85.5,85.0,23,3,16.0,1,1.78,70,44,26,0.8,0.44,0,22,5,4,254,40,38,0,,,,,,,,,,,,,,,,Right-Back,24.0,65000000.0
ENG-Premier League,2223.0,Liverpool,virgil van dijk,NED,DF,31.0,1991.0,32,32,2835,31.5,3,1,4,3,0,0,3,0,0.1,0.03,0.13,0.1,0.13,30,10,33.3,0.95,0.32,0.1,0.3,89,82.9,89.0,31,0,,1,1.91,68,36,32,1.02,1.63,0,12,3,3,1,26,14,0,,,,,,,,,,,,,,,,Centre-Back,31.0,35000000.0
ENG-Premier League,2223.0,Manchester City,aymeric laporte,ESP,"DF,MF",28.0,1994.0,12,11,993,11.0,0,0,0,0,0,0,0,0,0.0,0.0,0.0,0.0,0.0,10,1,10.0,0.91,0.09,0.0,0.0,83,29.0,89.0,10,1,16.0,15,2.33,21,10,11,1.0,-0.86,0,5,7,1,7,3,6,0,,,,,,,,,,,,,,,,Centre-Back,29.0,25000000.0
ENG-Premier League,2223.0,Manchester City,bernardo silva,POR,"MF,FW",27.0,1994.0,34,24,2205,24.5,4,5,9,4,0,0,5,0,0.16,0.2,0.37,0.16,0.37,25,10,40.0,1.02,0.41,0.16,0.4,65,64.5,85.0,16,10,16.0,4,2.35,61,24,37,1.51,-0.27,0,31,15,2,77,14,25,0,,,,,,,,,,,,,,,,Attacking Midfield,28.0,80000000.0
ENG-Premier League,2223.0,Manchester City,cole palmer,ENG,"MF,FW",20.0,2002.0,14,2,370,4.1,0,1,1,0,0,0,1,0,0.0,0.24,0.24,0.0,0.24,11,4,36.4,2.68,0.97,0.0,0.0,26,10.8,90.0,2,12,16.0,17,2.64,3,4,-1,-0.24,-2.07,0,1,6,1,7,1,1,0,,,,,,,,,,,,,,,,Attacking Midfield,21.0,15000000.0
ENG-Premier League,2223.0,Manchester City,ederson moraes,BRA,GK,28.0,1993.0,35,35,3150,35.0,0,1,1,0,0,0,3,0,0.0,0.03,0.03,0.0,0.03,0,0,,0.0,0.0,,,90,92.1,90.0,35,0,,3,2.34,89,32,57,1.63,0.3,0,1,3,0,0,1,1,0,32.0,0.91,78.0,46.0,59.0,26.0,4.0,5.0,11.0,31.4,3.0,3.0,0.0,0.0,0.0,,,
ENG-Premier League,2223.0,Manchester City,erling haaland,NOR,"FW,MF",22.0,2000.0,35,33,2769,30.8,36,8,44,29,7,7,5,0,1.17,0.26,1.43,0.94,1.2,123,60,48.8,4.0,1.95,0.24,0.48,79,81.0,83.0,21,2,22.0,1,2.37,84,26,58,1.89,1.47,0,31,24,8,13,3,2,0,,,,,,,,,,,,,,,,Centre-Forward,22.0,180000000.0
ENG-Premier League,2223.0,Manchester City,jack grealish,ENG,"FW,MF",26.0,1995.0,28,23,2055,22.8,5,7,12,5,0,0,4,0,0.22,0.31,0.53,0.22,0.53,41,16,39.0,1.8,0.7,0.12,0.31,73,60.1,83.0,11,5,31.0,5,2.64,63,17,46,2.01,1.03,0,27,78,3,53,8,16,0,,,,,,,,,,,,,,,,Left Winger,27.0,75000000.0
ENG-Premier League,2223.0,Manchester City,john stones,ENG,"DF,MF",28.0,1994.0,23,21,1846,20.5,2,2,4,2,0,0,2,0,0.1,0.1,0.2,0.1,0.2,11,3,27.3,0.54,0.15,0.18,0.67,80,54.0,85.0,16,2,31.0,6,2.52,52,17,35,1.71,0.22,0,11,8,1,7,8,14,1,,,,,,,,,,,,,,,,Centre-Back,29.0,40000000.0
ENG-Premier League,2223.0,Manchester City,joao cancelo,POR,DF,28.0,1994.0,17,16,1274,14.2,2,1,3,2,0,0,3,1,0.14,0.07,0.21,0.14,0.21,17,3,17.6,1.2,0.21,0.12,0.67,75,37.3,78.0,10,1,23.0,3,2.24,36,15,21,1.48,-0.19,0,13,18,4,46,19,18,0,,,,,,,,,,,,,,,,Right-Back,29.0,50000000.0
ENG-Premier League,2223.0,Manchester City,julian alvarez,ARG,"MF,FW",22.0,2000.0,31,13,1465,16.3,9,0,9,8,1,1,0,0,0.55,0.0,0.55,0.49,0.49,47,22,46.8,2.89,1.35,0.17,0.36,47,42.8,85.0,8,18,20.0,6,2.42,37,16,21,1.29,-0.55,0,21,14,3,26,2,16,0,,,,,,,,,,,,,,,,Centre-Forward,23.0,60000000.0
ENG-Premier League,2223.0,Manchester City,kalvin phillips,ENG,"MF,DF",26.0,1995.0,12,2,300,3.3,0,0,0,0,0,0,1,0,0.0,0.0,0.0,0.0,0.0,6,0,0.0,1.8,0.0,0.0,,25,8.8,90.0,2,10,12.0,15,2.58,1,3,-2,-0.6,-2.42,0,10,3,0,0,4,4,0,,,,,,,,,,,,,,,,Defensive Midfield,27.0,32000000.0
ENG-Premier League,2223.0,Manchester City,kevin de bruyne,BEL,MF,31.0,1991.0,32,28,2417,26.9,7,16,23,7,0,0,1,0,0.26,0.6,0.86,0.26,0.86,65,21,32.3,2.42,0.78,0.11,0.33,76,70.7,84.0,16,4,20.0,3,2.31,69,23,46,1.71,0.37,0,20,29,5,226,8,13,0,,,,,,,,,,,,,,,,Attacking Midfield,32.0,70000000.0
ENG-Premier League,2223.0,Manchester City,kyle walker,ENG,"DF,MF",32.0,1990.0,27,22,1958,21.8,0,0,0,0,0,0,3,0,0.0,0.0,0.0,0.0,0.0,5,1,20.0,0.23,0.05,0.0,0.0,73,57.3,85.0,18,5,19.0,5,2.37,54,20,34,1.56,-0.1,0,15,10,0,27,19,9,0,,,,,,,,,,,,,,,,Right-Back,33.0,13000000.0
ENG-Premier League,2223.0,Manchester City,manuel akanji,SUI,"DF,MF",27.0,1995.0,29,24,2287,25.4,0,1,1,0,0,0,2,0,0.0,0.04,0.04,0.0,0.04,15,3,20.0,0.59,0.12,0.0,0.0,79,66.9,88.0,22,5,36.0,1,2.52,63,23,40,1.57,-0.09,0,24,12,0,6,15,24,0,,,,,,,,,,,,,,,,Centre-Back,27.0,38000000.0
ENG-Premier League,2223.0,Manchester City,maximo perrone,ARG,MF,19.0,2003.0,1,0,19,0.2,0,0,0,0,0,0,0,0,0.0,0.0,0.0,0.0,0.0,0,0,,0.0,0.0,,,19,0.6,,0,1,19.0,4,3.0,0,1,-1,-4.74,-6.38,0,0,0,0,0,0,0,0,,,,,,,,,,,,,,,,Defensive Midfield,20.0,10000000.0
ENG-Premier League,2223.0,Manchester City,nathan ake,NED,DF,27.0,1995.0,26,22,1873,20.8,1,0,1,1,0,0,2,0,0.05,0.0,0.05,0.05,0.05,9,2,22.2,0.43,0.1,0.11,0.5,72,54.8,82.0,16,4,16.0,4,2.23,53,15,38,1.83,0.49,0,12,14,1,15,19,12,0,,,,,,,,,,,,,,,,Centre-Back,28.0,42000000.0
ENG-Premier League,2223.0,Manchester City,phil foden,ENG,"FW,MF",22.0,2000.0,32,22,1842,20.5,11,6,17,11,0,0,1,0,0.54,0.29,0.83,0.54,0.83,46,22,47.8,2.25,1.07,0.24,0.5,58,53.9,77.0,11,10,15.0,1,2.31,49,15,34,1.66,0.12,0,10,29,6,90,5,10,0,,,,,,,,,,,,,,,,Attacking Midfield,23.0,110000000.0
ENG-Premier League,2223.0,Manchester City,rico lewis,ENG,"DF,MF",17.0,2004.0,14,10,903,10.0,0,0,0,0,0,0,1,0,0.0,0.0,0.0,0.0,0.0,5,2,40.0,0.5,0.2,0.0,0.0,65,26.4,82.0,6,4,21.0,23,2.29,18,8,10,1.0,-0.83,0,10,17,0,5,4,10,0,,,,,,,,,,,,,,,,Right-Back,18.0,20000000.0
ENG-Premier League,2223.0,Manchester City,riyad mahrez,ALG,"MF,FW",31.0,1991.0,30,22,1920,21.3,5,10,15,4,1,1,2,0,0.23,0.47,0.7,0.19,0.66,43,13,30.2,2.02,0.61,0.09,0.31,64,56.1,80.0,11,8,20.0,8,2.5,51,23,28,1.31,-0.67,0,17,41,7,96,9,13,0,,,,,,,,,,,,,,,,Right Winger,32.0,20000000.0
ENG-Premier League,2223.0,Manchester City,rodri,ESP,"MF,DF",26.0,1996.0,36,34,2911,32.3,2,6,8,2,0,0,5,0,0.06,0.19,0.25,0.06,0.25,50,14,28.0,1.55,0.43,0.04,0.14,81,85.1,85.0,23,2,7.0,1,2.39,83,26,57,1.76,1.06,0,46,20,3,7,31,41,0,,,,,,,,,,,,,,,,Defensive Midfield,27.0,90000000.0
ENG-Premier League,2223.0,Manchester City,ruben dias,POR,"DF,MF",25.0,1997.0,26,22,1998,22.2,0,0,0,0,0,0,3,0,0.0,0.0,0.0,0.0,0.0,10,2,20.0,0.45,0.09,0.0,0.0,77,58.4,87.0,19,4,23.0,6,2.65,65,16,49,2.21,1.45,0,18,7,0,1,18,14,0,,,,,,,,,,,,,,,,Centre-Back,26.0,80000000.0
ENG-Premier League,2223.0,Manchester City,sergio gomez,ESP,"MF,FW",21.0,2000.0,12,2,349,3.9,0,1,1,0,0,0,0,0,0.0,0.26,0.26,0.0,0.26,7,0,0.0,1.81,0.0,0.0,,29,10.2,84.0,1,10,18.0,20,2.58,5,6,-1,-0.26,-2.07,0,2,2,0,8,2,4,0,,,,,,,,,,,,,,,,Left-Back,22.0,13000000.0
ENG-Premier League,2223.0,Manchester City,shea charles,NIR,"DF,MF",18.0,2003.0,1,0,28,0.3,0,0,0,0,0,0,0,0,0.0,0.0,0.0,0.0,0.0,0,0,,0.0,0.0,,,28,0.8,,0,1,28.0,1,0.0,0,1,-1,-3.21,-4.86,0,0,0,0,0,1,0,0,,,,,,,,,,,,,,,,Defensive Midfield,19.0,
ENG-Premier League,2223.0,Manchester City,stefan ortega,GER,GK,29.0,1992.0,3,3,270,3.0,0,0,0,0,0,0,0,0,0.0,0.0,0.0,0.0,0.0,0,0,,0.0,0.0,,,90,7.9,90.0,3,0,,35,2.33,5,1,4,1.33,-0.3,0,0,0,0,0,0,0,0,1.0,0.33,15.0,14.0,93.3,2.0,1.0,0.0,2.0,66.7,0.0,0.0,0.0,0.0,,Goalkeeper,30.0,9000000.0
ENG-Premier League,2223.0,Manchester City,ilkay gundogan,GER,MF,31.0,1990.0,31,27,2353,26.1,8,4,12,8,0,1,0,0,0.31,0.15,0.46,0.31,0.46,54,20,37.0,2.07,0.76,0.15,0.4,76,68.8,85.0,17,4,15.0,7,2.39,70,20,50,1.91,0.98,0,22,25,6,30,20,19,0,,,,,,,,,,,,,,,,Central Midfield,32.0,20000000.0
ENG-Premier League,2223.0,Manchester Utd,aaron wan bissaka,COD,DF,24.0,1997.0,19,16,1435,15.9,0,0,0,0,0,0,2,0,0.0,0.0,0.0,0.0,0.0,10,2,20.0,0.63,0.13,0.0,0.0,76,42.0,87.0,12,3,15.0,7,2.21,28,10,18,1.13,1.26,0,11,2,0,14,20,23,0,,,,,,,,,,,,,,,,Right-Back,25.0,25000000.0
ENG-Premier League,2223.0,Manchester Utd,alejandro garnacho,ARG,MF,18.0,2004.0,19,5,569,6.3,3,2,5,3,0,0,3,0,0.47,0.32,0.79,0.47,0.79,24,10,41.7,3.8,1.58,0.13,0.3,30,16.6,56.0,0,14,21.0,9,2.05,16,13,3,0.47,0.1,0,8,8,3,3,4,2,0,,,,,,,,,,,,,,,,Left Winger,18.0,25000000.0
ENG-Premier League,2223.0,Manchester Utd,anthony elanga,SWE,MF,20.0,2002.0,16,5,426,4.7,0,1,1,0,0,0,0,0,0.0,0.21,0.21,0.0,0.21,10,4,40.0,2.11,0.85,0.0,0.0,27,12.5,59.0,0,11,12.0,11,2.13,8,2,6,1.27,1.0,0,3,7,3,7,2,0,0,,,,,,,,,,,,,,,,Right Winger,21.0,18000000.0
ENG-Premier League,2223.0,Manchester Utd,anthony martial,FRA,FW,26.0,1995.0,21,11,978,10.9,6,2,8,5,1,1,0,0,0.55,0.18,0.74,0.46,0.64,27,13,48.1,2.48,1.2,0.19,0.38,47,28.6,64.0,0,10,28.0,0,2.19,16,8,8,0.74,0.48,0,8,14,7,4,1,3,0,,,,,,,,,,,,,,,,Centre-Forward,27.0,15000000.0
ENG-Premier League,2223.0,Manchester Utd,antony,BRA,MF,22.0,2000.0,25,23,1802,20.0,4,2,6,4,0,0,5,0,0.2,0.1,0.3,0.2,0.3,72,24,33.3,3.6,1.2,0.06,0.17,72,52.7,76.0,6,2,30.0,0,1.88,29,21,8,0.4,0.01,0,15,25,2,32,11,9,0,,,,,,,,,,,,,,,,Right Winger,23.0,60000000.0
ENG-Premier League,2223.0,Manchester Utd,bruno fernandes,POR,MF,27.0,1994.0,37,37,3316,36.8,8,8,16,6,2,2,6,0,0.22,0.22,0.43,0.16,0.38,92,35,38.0,2.5,0.95,0.07,0.17,90,97.0,90.0,33,0,,0,2.03,57,39,18,0.49,3.08,0,41,39,15,141,25,42,0,,,,,,,,,,,,,,,,Attacking Midfield,28.0,75000000.0
ENG-Premier League,2223.0,Manchester Utd,casemiro,BRA,MF,30.0,1992.0,28,24,2124,23.6,4,3,7,4,0,0,7,2,0.17,0.13,0.3,0.17,0.3,34,11,32.4,1.44,0.47,0.12,0.36,76,62.1,85.0,18,4,22.0,0,2.11,37,21,16,0.68,0.75,0,49,24,1,20,29,44,0,,,,,,,,,,,,,,,,Defensive Midfield,31.0,40000000.0
ENG-Premier League,2223.0,Manchester Utd,christian eriksen,DEN,MF,30.0,1992.0,28,25,2048,22.8,1,8,9,1,0,0,3,0,0.04,0.35,0.4,0.04,0.4,38,11,28.9,1.67,0.48,0.03,0.09,73,59.9,80.0,7,3,14.0,1,2.14,33,25,8,0.35,-0.11,0,13,10,3,82,10,19,0,,,,,,,,,,,,,,,,Attacking Midfield,31.0,22000000.0
ENG-Premier League,2223.0,Manchester Utd,cristiano ronaldo,POR,FW,37.0,1985.0,10,4,525,5.8,1,0,1,1,0,0,2,0,0.17,0.0,0.17,0.17,0.17,25,6,24.0,4.29,1.03,0.04,0.17,53,15.4,85.0,3,6,31.0,2,1.9,6,8,-2,-0.34,-0.87,0,7,5,8,3,1,2,0,,,,,,,,,,,,,,,,Centre-Forward,38.0,15000000.0
ENG-Premier League,2223.0,Manchester Utd,david de gea,ESP,GK,31.0,1990.0,38,38,3420,38.0,0,0,0,0,0,0,0,0,0.0,0.0,0.0,0.0,0.0,0,0,,0.0,0.0,,,90,100.0,90.0,38,0,,0,1.97,58,43,15,0.39,,0,0,5,0,0,0,0,0,43.0,1.13,143.0,100.0,69.9,23.0,6.0,9.0,17.0,44.7,3.0,2.0,1.0,0.0,33.3,Goalkeeper,32.0,13000000.0
ENG-Premier League,2223.0,Manchester Utd,diogo dalot,POR,DF,23.0,1999.0,26,24,2154,23.9,1,2,3,1,0,0,6,0,0.04,0.08,0.13,0.04,0.13,22,7,31.8,0.92,0.29,0.05,0.14,83,63.0,89.0,21,2,13.0,6,1.77,32,34,-2,-0.08,-1.29,0,20,3,1,44,37,40,0,,,,,,,,,,,,,,,,Right-Back,24.0,40000000.0
ENG-Premier League,2223.0,Manchester Utd,donny van de beek,NED,MF,25.0,1997.0,7,2,167,1.9,0,0,0,0,0,0,0,0,0.0,0.0,0.0,0.0,0.0,2,0,0.0,1.08,0.0,0.0,,24,4.9,55.0,0,5,12.0,4,1.71,3,3,0,0.0,-0.42,0,4,2,1,0,1,0,0,,,,,,,,,,,,,,,,Central Midfield,26.0,13000000.0
ENG-Premier League,2223.0,Manchester Utd,facundo pellistri,URU,"FW,MF",20.0,2001.0,4,0,64,0.7,0,0,0,0,0,0,0,0,0.0,0.0,0.0,0.0,0.0,0,0,,0.0,0.0,,,16,1.9,,0,4,16.0,19,1.25,2,1,1,1.41,1.03,0,1,2,0,0,0,1,0,,,,,,,,,,,,,,,,Right Winger,21.0,6000000.0
ENG-Premier League,2223.0,Manchester Utd,fred,BRA,MF,29.0,1993.0,35,12,1249,13.9,2,2,4,2,0,0,6,0,0.14,0.14,0.29,0.14,0.29,26,5,19.2,1.87,0.36,0.08,0.4,36,36.5,74.0,6,23,16.0,3,1.97,24,22,2,0.14,-0.39,0,33,22,1,14,19,31,0,,,,,,,,,,,,,,,,Central Midfield,30.0,20000000.0
ENG-Premier League,2223.0,Manchester Utd,harry maguire,ENG,DF,29.0,1993.0,16,8,767,8.5,0,0,0,0,0,0,4,0,0.0,0.0,0.0,0.0,0.0,3,0,0.0,0.35,0.0,0.0,,48,22.4,90.0,8,8,6.0,15,2.5,15,7,8,0.94,0.7,0,8,4,0,1,13,6,0,,,,,,,,,,,,,,,,Centre-Back,30.0,20000000.0
ENG-Premier League,2223.0,Manchester Utd,jadon sancho,ENG,MF,22.0,2000.0,26,21,1686,18.7,6,3,9,6,0,0,0,0,0.32,0.16,0.48,0.32,0.48,21,11,52.4,1.12,0.59,0.29,0.55,65,49.3,74.0,4,5,28.0,4,1.92,30,18,12,0.64,0.48,0,9,10,8,18,5,9,0,,,,,,,,,,,,,,,,Left Winger,23.0,45000000.0
ENG-Premier League,2223.0,Manchester Utd,kobbie mainoo,ENG,MF,17.0,2005.0,1,0,11,0.1,0,0,0,0,0,0,0,0,0.0,0.0,0.0,0.0,0.0,0,0,,0.0,0.0,,,11,0.3,,0,1,11.0,7,3.0,0,0,0,0.0,-0.4,0,0,0,0,0,0,0,0,,,,,,,,,,,,,,,,Central Midfield,18.0,800000.0
ENG-Premier League,2223.0,Manchester Utd,lisandro martinez,ARG,DF,24.0,1998.0,27,24,2114,23.5,1,0,1,1,0,0,6,0,0.04,0.0,0.04,0.04,0.04,10,1,10.0,0.43,0.04,0.1,1.0,78,61.8,87.0,19,3,11.0,0,1.85,35,33,2,0.09,-0.81,0,21,10,0,0,34,30,0,,,,,,,,,,,,,,,,Centre-Back,25.0,50000000.0
ENG-Premier League,2223.0,Manchester Utd,luke shaw,ENG,DF,27.0,1995.0,31,30,2552,28.4,1,2,3,1,0,0,8,0,0.04,0.07,0.11,0.04,0.11,14,4,28.6,0.49,0.14,0.07,0.25,82,74.6,84.0,24,1,45.0,4,1.74,43,35,8,0.28,-0.44,0,46,27,1,89,35,36,0,,,,,,,,,,,,,,,,Left-Back,27.0,42000000.0
ENG-Premier League,2223.0,Manchester Utd,marcel sabitzer,AUT,MF,28.0,1994.0,11,7,627,7.0,0,1,1,0,0,0,1,0,0.0,0.14,0.14,0.0,0.14,11,3,27.3,1.58,0.43,0.0,0.0,57,18.3,81.0,2,4,14.0,1,1.73,11,7,4,0.57,0.22,0,8,10,1,4,6,8,0,,,,,,,,,,,,,,,,Central Midfield,29.0,20000000.0
ENG-Premier League,2223.0,Manchester Utd,marcus rashford,ENG,"FW,MF",24.0,1997.0,35,32,2879,32.0,17,5,22,17,0,0,2,0,0.53,0.16,0.69,0.53,0.69,108,50,46.3,3.38,1.56,0.16,0.34,82,84.2,86.0,19,3,42.0,0,1.89,48,39,9,0.28,-0.72,0,15,23,15,25,6,10,0,,,,,,,,,,,,,,,,Left Winger,25.0,80000000.0
ENG-Premier League,2223.0,Manchester Utd,raphael varane,FRA,DF,29.0,1993.0,24,22,1911,21.2,0,0,0,0,0,0,1,0,0.0,0.0,0.0,0.0,0.0,8,4,50.0,0.38,0.19,0.0,0.0,80,55.9,85.0,16,2,23.0,6,1.96,28,22,6,0.28,-0.25,0,12,3,2,1,9,10,1,,,,,,,,,,,,,,,,Centre-Back,30.0,35000000.0
ENG-Premier League,2223.0,Manchester Utd,scott mctominay,SCO,MF,25.0,1996.0,24,10,1160,12.9,1,0,1,1,0,0,8,0,0.08,0.0,0.08,0.08,0.08,13,6,46.2,1.01,0.47,0.08,0.17,48,33.9,85.0,7,14,22.0,2,2.0,17,20,-3,-0.23,-0.95,0,28,16,0,4,10,20,0,,,,,,,,,,,,,,,,Central Midfield,26.0,25000000.0
ENG-Premier League,2223.0,Manchester Utd,tyrell malacia,NED,DF,22.0,1999.0,22,14,1396,15.5,0,0,0,0,0,0,6,0,0.0,0.0,0.0,0.0,0.0,5,2,40.0,0.32,0.13,0.0,0.0,63,40.8,84.0,10,8,27.0,15,2.0,22,14,8,0.52,0.2,0,39,13,3,15,24,33,0,,,,,,,,,,,,,,,,Left-Back,23.0,22000000.0
ENG-Premier League,2223.0,Manchester Utd,victor lindelof,SWE,DF,28.0,1994.0,20,14,1365,15.2,0,0,0,0,0,0,1,0,0.0,0.0,0.0,0.0,0.0,3,0,0.0,0.2,0.0,0.0,,68,39.9,90.0,13,6,18.0,10,1.95,29,16,13,0.86,0.77,0,10,4,0,1,19,17,0,,,,,,,,,,,,,,,,Centre-Back,28.0,18000000.0
ENG-Premier League,2223.0,Manchester Utd,wout weghorst,NED,"FW,MF",29.0,1992.0,17,10,797,8.9,0,1,1,0,0,0,1,0,0.0,0.11,0.11,0.0,0.11,14,5,35.7,1.58,0.56,0.0,0.0,47,23.3,67.0,3,7,18.0,3,1.65,11,11,0,0.0,-0.51,0,14,9,5,0,6,5,0,,,,,,,,,,,,,,,,Centre-Forward,30.0,12000000.0
ENG-Premier League,2223.0,Newcastle,alexander isak,SWE,FW,22.0,1999.0,22,17,1522,16.9,10,1,11,8,2,2,3,0,0.59,0.06,0.65,0.47,0.53,51,25,49.0,3.02,1.48,0.16,0.32,69,44.5,83.0,7,5,23.0,0,1.68,28,20,8,0.47,-0.81,0,19,16,5,8,4,8,0,,,,,,,,,,,,,,,,Centre-Forward,23.0,70000000.0
ENG-Premier League,2223.0,Newcastle,allan saint maximin,FRA,FW,25.0,1997.0,25,12,1120,12.4,1,5,6,1,0,0,1,0,0.08,0.4,0.48,0.08,0.48,28,13,46.4,2.25,1.04,0.04,0.08,45,32.7,75.0,2,13,17.0,1,1.76,19,14,5,0.4,-0.77,0,6,16,2,32,4,4,0,,,,,,,,,,,,,,,,Left Winger,26.0,32000000.0
ENG-Premier League,2223.0,Newcastle,anthony gordon,ENG,"FW,MF",21.0,2001.0,16,4,487,5.4,1,0,1,1,0,0,1,0,0.18,0.0,0.18,0.18,0.18,8,2,25.0,1.48,0.37,0.13,0.5,30,14.2,57.0,0,12,22.0,0,1.63,7,5,2,0.37,-0.64,0,7,8,1,10,1,11,0,,,,,,,,,,,,,,,,Left Winger,22.0,35000000.0
ENG-Premier League,2223.0,Newcastle,bruno guimaraes,BRA,MF,24.0,1997.0,32,32,2726,30.3,4,5,9,4,0,0,7,0,0.13,0.17,0.3,0.13,0.3,28,8,28.6,0.92,0.26,0.14,0.5,85,79.7,85.0,23,0,,0,2.09,61,25,36,1.19,1.32,0,45,84,2,22,36,43,0,,,,,,,,,,,,,,,,Central Midfield,25.0,70000000.0
ENG-Premier League,2223.0,Newcastle,callum wilson,ENG,FW,30.0,1992.0,31,21,1877,20.9,18,5,23,15,3,3,4,0,0.86,0.24,1.1,0.72,0.96,73,35,47.9,3.5,1.68,0.21,0.43,61,54.9,76.0,2,10,28.0,1,1.97,44,16,28,1.34,0.93,0,21,30,15,6,1,3,0,,,,,,,,,,,,,,,,Centre-Forward,31.0,16000000.0
ENG-Premier League,2223.0,Newcastle,chris wood,NZL,FW,30.0,1991.0,18,4,446,5.0,2,0,2,1,1,1,0,0,0.4,0.0,0.4,0.2,0.2,9,4,44.4,1.82,0.81,0.11,0.25,25,13.0,72.0,0,14,11.0,1,1.94,8,3,5,1.01,0.1,0,4,4,3,0,1,4,0,,,,,,,,,,,,,,,,Centre-Forward,31.0,8000000.0
ENG-Premier League,2223.0,Newcastle,dan burn,ENG,DF,30.0,1992.0,38,35,3111,34.6,1,0,1,1,0,0,5,0,0.03,0.0,0.03,0.03,0.03,21,4,19.0,0.61,0.12,0.05,0.25,82,91.0,87.0,27,3,17.0,0,1.87,64,30,34,0.98,0.69,0,35,4,7,17,29,38,0,,,,,,,,,,,,,,,,Centre-Back,31.0,10000000.0
ENG-Premier League,2223.0,Newcastle,elliot anderson,ENG,MF,19.0,2002.0,22,3,410,4.6,0,1,1,0,0,0,0,0,0.0,0.22,0.22,0.0,0.22,11,4,36.4,2.41,0.88,0.0,0.0,19,12.0,58.0,0,19,12.0,12,1.82,8,7,1,0.22,-0.8,0,6,10,1,9,5,5,0,,,,,,,,,,,,,,,,Central Midfield,20.0,8000000.0
ENG-Premier League,2223.0,Newcastle,emil krafth,SWE,DF,27.0,1994.0,1,0,1,0.0,0,0,0,0,0,0,0,0,0.0,0.0,0.0,0.0,0.0,0,0,,0.0,0.0,,,1,0.0,,0,1,1.0,0,1.0,0,0,0,0.0,-0.92,0,0,0,0,0,0,0,0,,,,,,,,,,,,,,,,Right-Back,28.0,3000000.0
ENG-Premier League,2223.0,Newcastle,fabian schar,SUI,DF,30.0,1991.0,36,36,3206,35.6,1,3,4,1,0,0,7,0,0.03,0.08,0.11,0.03,0.11,56,15,26.8,1.57,0.42,0.02,0.07,89,93.7,89.0,32,0,,1,1.97,67,28,39,1.09,2.78,0,20,27,6,19,51,21,1,,,,,,,,,,,,,,,,Centre-Back,31.0,10000000.0
ENG-Premier League,2223.0,Newcastle,jacob murphy,ENG,FW,27.0,1995.0,36,14,1251,13.9,4,2,6,4,0,0,0,0,0.29,0.14,0.43,0.29,0.43,29,10,34.5,2.09,0.72,0.14,0.4,35,36.6,67.0,1,22,14.0,1,1.86,29,12,17,1.22,0.48,0,8,13,2,54,6,9,0,,,,,,,,,,,,,,,,Right Winger,28.0,15000000.0
ENG-Premier League,2223.0,Newcastle,jamaal lascelles,ENG,DF,28.0,1993.0,7,2,218,2.4,0,0,0,0,0,0,4,0,0.0,0.0,0.0,0.0,0.0,2,0,0.0,0.83,0.0,0.0,,31,6.4,90.0,2,5,8.0,21,1.89,2,5,-3,-1.24,-2.31,0,6,2,0,0,0,0,0,,,,,,,,,,,,,,,,Centre-Back,29.0,4500000.0
ENG-Premier League,2223.0,Newcastle,jamal lewis,NIR,"DF,MF",24.0,1998.0,2,0,11,0.1,0,0,0,0,0,0,0,0,0.0,0.0,0.0,0.0,0.0,0,0,,0.0,0.0,,,6,0.3,,0,2,6.0,20,2.0,0,1,-1,-8.18,-9.13,0,0,0,0,0,0,0,0,,,,,,,,,,,,,,,,Left-Back,25.0,6000000.0
ENG-Premier League,2223.0,Newcastle,javier manquillo,ESP,DF,28.0,1994.0,4,0,37,0.4,0,0,0,0,0,0,0,0,0.0,0.0,0.0,0.0,0.0,0,0,,0.0,0.0,,,9,1.1,,0,4,9.0,24,3.0,2,1,1,2.43,1.53,0,0,0,0,1,1,2,0,,,,,,,,,,,,,,,,Right-Back,29.0,2500000.0
ENG-Premier League,2223.0,Newcastle,joe willock,ENG,MF,22.0,1999.0,35,31,2558,28.4,3,6,9,3,0,0,1,0,0.11,0.21,0.32,0.11,0.32,58,17,29.3,2.04,0.6,0.05,0.18,73,74.8,79.0,8,4,28.0,0,1.97,56,26,30,1.06,0.53,0,35,23,4,51,27,30,0,,,,,,,,,,,,,,,,Central Midfield,23.0,38000000.0
ENG-Premier League,2223.0,Newcastle,joelinton,BRA,"MF,FW",25.0,1996.0,32,30,2661,29.6,6,1,7,6,0,0,12,0,0.2,0.03,0.24,0.2,0.24,51,20,39.2,1.72,0.68,0.12,0.3,83,77.8,87.0,25,2,24.0,1,1.78,50,26,24,0.81,-0.49,0,65,34,1,16,46,49,0,,,,,,,,,,,,,,,,Central Midfield,26.0,42000000.0
ENG-Premier League,2223.0,Newcastle,jonjo shelvey,ENG,MF,30.0,1992.0,3,0,37,0.4,0,0,0,0,0,0,0,0,0.0,0.0,0.0,0.0,0.0,0,0,,0.0,0.0,,,12,1.1,,0,3,12.0,3,3.0,1,1,0,0.0,-0.93,0,1,0,0,0,0,0,0,,,,,,,,,,,,,,,,Central Midfield,31.0,5000000.0
ENG-Premier League,2223.0,Newcastle,kieran trippier,ENG,DF,31.0,1990.0,38,38,3341,37.1,1,7,8,1,0,0,5,0,0.03,0.19,0.22,0.03,0.22,14,4,28.6,0.38,0.11,0.07,0.25,88,97.7,88.0,31,0,,0,1.87,64,31,33,0.89,-1.39,0,47,28,7,397,43,48,1,,,,,,,,,,,,,,,,Right-Back,32.0,11000000.0
ENG-Premier League,2223.0,Newcastle,lewis miley,ENG,MF,16.0,2006.0,1,0,15,0.2,0,0,0,0,0,0,0,0,0.0,0.0,0.0,0.0,0.0,1,0,0.0,6.0,0.0,0.0,,15,0.4,,0,1,15.0,3,1.0,0,0,0,0.0,-0.93,0,0,0,0,0,0,0,0,,,,,,,,,,,,,,,,Central Midfield,17.0,
ENG-Premier League,2223.0,Newcastle,martin dubravka,SVK,GK,33.0,1989.0,2,1,157,1.7,0,0,0,0,0,0,0,0,0.0,0.0,0.0,0.0,0.0,0,0,,0.0,0.0,,,79,4.6,90.0,1,1,67.0,22,0.5,1,1,0,0.0,-0.97,0,0,0,0,0,0,0,0,1.0,0.57,11.0,10.0,90.9,0.0,1.0,0.0,0.0,0.0,0.0,0.0,0.0,0.0,,Goalkeeper,34.0,1500000.0
ENG-Premier League,2223.0,Newcastle,matt ritchie,SCO,"DF,MF",32.0,1989.0,7,0,39,0.4,0,0,0,0,0,0,0,0,0.0,0.0,0.0,0.0,0.0,0,0,,0.0,0.0,,,6,1.1,,0,7,6.0,18,2.29,1,0,1,2.31,1.4,0,0,0,0,2,1,0,0,,,,,,,,,,,,,,,,Right Midfield,33.0,1000000.0
ENG-Premier League,2223.0,Newcastle,matt targett,ENG,DF,26.0,1995.0,17,6,610,6.8,0,0,0,0,0,0,1,0,0.0,0.0,0.0,0.0,0.0,1,0,0.0,0.15,0.0,0.0,,36,17.8,82.0,3,11,11.0,12,1.71,9,6,3,0.44,-0.58,0,10,3,0,34,10,10,0,,,,,,,,,,,,,,,,Left-Back,27.0,13000000.0
ENG-Premier League,2223.0,Newcastle,miguel almiron,PAR,FW,28.0,1994.0,34,29,2491,27.7,11,2,13,11,0,0,2,0,0.4,0.07,0.47,0.4,0.47,69,21,30.4,2.49,0.76,0.16,0.52,73,72.8,81.0,6,5,26.0,0,1.74,42,22,20,0.72,-0.73,0,22,33,9,26,10,29,0,,,,,,,,,,,,,,,,Right Winger,29.0,32000000.0
ENG-Premier League,2223.0,Newcastle,nick pope,ENG,GK,30.0,1992.0,37,37,3261,36.2,0,0,0,0,0,0,3,1,0.0,0.0,0.0,0.0,0.0,0,0,,0.0,0.0,,,88,95.4,88.0,36,0,,0,1.89,67,32,35,0.97,0.97,0,1,2,0,0,0,0,0,32.0,0.88,117.0,85.0,72.6,19.0,13.0,5.0,14.0,37.8,5.0,2.0,2.0,1.0,50.0,Goalkeeper,31.0,20000000.0
ENG-Premier League,2223.0,Newcastle,ryan fraser,SCO,FW,28.0,1994.0,8,3,313,3.5,0,0,0,0,0,0,1,0,0.0,0.0,0.0,0.0,0.0,6,1,16.7,1.73,0.29,0.0,0.0,39,9.2,67.0,0,5,22.0,8,1.63,3,3,0,0.0,-1.01,0,3,10,1,12,0,2,0,,,,,,,,,,,,,,,,Left Winger,29.0,6000000.0
ENG-Premier League,2223.0,Newcastle,sean longstaff,ENG,MF,24.0,1997.0,33,28,2518,28.0,1,4,5,1,0,0,2,0,0.04,0.14,0.18,0.04,0.18,33,7,21.2,1.18,0.25,0.03,0.14,76,73.6,87.0,24,5,18.0,0,1.91,48,18,30,1.07,0.57,0,29,39,5,30,16,24,0,,,,,,,,,,,,,,,,Central Midfield,25.0,25000000.0
ENG-Premier League,2223.0,Newcastle,sven botman,NED,DF,22.0,2000.0,36,35,3127,34.7,0,0,0,0,0,0,2,0,0.0,0.0,0.0,0.0,0.0,22,7,31.8,0.63,0.2,0.0,0.0,87,91.4,89.0,33,1,1.0,2,1.94,64,30,34,0.98,0.67,0,15,12,2,1,34,26,0,,,,,,,,,,,,,,,,Centre-Back,23.0,45000000.0
ENG-Premier League,2223.0,Nottingham,alex mighten,ENG,"FW,MF",20.0,2002.0,1,0,8,0.1,0,0,0,0,0,0,0,0,0.0,0.0,0.0,0.0,0.0,0,0,,0.0,0.0,,,8,0.2,,0,1,8.0,5,0.0,0,0,0,0.0,0.79,0,0,1,0,0,0,0,0,,,,,,,,,,,,,,,,Left Winger,21.0,600000.0
ENG-Premier League,2223.0,Nottingham,andre ayew,GHA,FW,32.0,1989.0,13,1,316,3.5,0,0,0,0,0,1,1,0,0.0,0.0,0.0,0.0,0.0,4,2,50.0,1.14,0.57,0.0,0.0,24,9.2,78.0,0,12,20.0,5,0.69,5,10,-5,-1.42,-0.7,0,3,8,1,1,0,3,0,,,,,,,,,,,,,,,,Centre-Forward,33.0,1800000.0
ENG-Premier League,2223.0,Nottingham,brennan johnson,WAL,"FW,MF",21.0,2001.0,38,33,2934,32.6,8,3,11,7,1,3,6,0,0.25,0.09,0.34,0.21,0.31,55,27,49.1,1.69,0.83,0.13,0.26,77,85.8,86.0,21,5,20.0,0,1.0,30,54,-24,-0.74,0.37,0,37,21,18,58,4,18,0,,,,,,,,,,,,,,,,Right Winger,22.0,38000000.0
ENG-Premier League,2223.0,Nottingham,cafu,POR,MF,29.0,1993.0,1,0,7,0.1,0,0,0,0,0,0,0,0,0.0,0.0,0.0,0.0,0.0,0,0,,0.0,0.0,,,7,0.2,,0,1,7.0,1,3.0,0,0,0,0.0,0.79,0,0,0,0,0,0,0,0,,,,,,,,,,,,,,,,Central Midfield,30.0,600000.0
ENG-Premier League,2223.0,Nottingham,cheikhou kouyate,SEN,"MF,DF",32.0,1989.0,21,10,882,9.8,1,0,1,1,0,0,3,0,0.1,0.0,0.1,0.1,0.1,6,5,83.3,0.61,0.51,0.17,0.2,42,25.8,68.0,1,11,18.0,1,1.05,9,23,-14,-1.43,-0.86,0,21,12,1,0,10,22,0,,,,,,,,,,,,,,,,Defensive Midfield,33.0,2000000.0
ENG-Premier League,2223.0,Nottingham,chris wood,NZL,FW,30.0,1991.0,7,5,372,4.1,1,0,1,1,0,0,0,0,0.24,0.0,0.24,0.24,0.24,3,1,33.3,0.73,0.24,0.33,1.0,53,10.9,71.0,0,2,9.0,0,0.86,3,6,-3,-0.73,0.07,0,2,3,3,0,1,0,0,,,,,,,,,,,,,,,,Centre-Forward,31.0,8000000.0
ENG-Premier League,2223.0,Nottingham,danilo santos,BRA,MF,21.0,2001.0,13,12,976,10.8,3,2,5,3,0,0,1,0,0.28,0.18,0.46,0.28,0.46,15,4,26.7,1.38,0.37,0.2,0.75,75,28.5,78.0,5,1,46.0,3,1.23,17,18,-1,-0.09,0.98,0,4,3,2,3,10,6,0,,,,,,,,,,,,,,,,,,
ENG-Premier League,2223.0,Nottingham,dean henderson,ENG,GK,25.0,1997.0,18,18,1620,18.0,0,0,0,0,0,0,2,0,0.0,0.0,0.0,0.0,0.0,0,0,,0.0,0.0,,,90,47.4,90.0,18,0,,0,1.11,15,31,-16,-0.89,-0.19,0,1,1,0,0,0,0,0,31.0,1.72,83.0,52.0,62.7,5.0,5.0,8.0,6.0,33.3,5.0,2.0,2.0,1.0,50.0,Goalkeeper,26.0,18000000.0
ENG-Premier League,2223.0,Nottingham,emmanuel dennis,NGA,"MF,FW",24.0,1997.0,19,6,720,8.0,2,2,4,2,0,0,3,0,0.25,0.25,0.5,0.25,0.5,21,7,33.3,2.62,0.87,0.1,0.29,38,21.1,72.0,0,13,22.0,12,0.26,7,17,-10,-1.25,-0.58,0,15,29,4,11,2,12,0,,,,,,,,,,,,,,,,Centre-Forward,25.0,8000000.0
ENG-Premier League,2223.0,Nottingham,felipe,BRA,DF,33.0,1989.0,16,15,1418,15.8,0,1,1,0,0,0,4,0,0.0,0.06,0.06,0.0,0.06,13,1,7.7,0.83,0.06,0.0,0.0,89,41.5,89.0,13,1,84.0,1,0.81,20,32,-12,-0.76,0.05,0,15,12,4,2,38,23,0,,,,,,,,,,,,,,,,Centre-Back,34.0,2000000.0
ENG-Premier League,2223.0,Nottingham,giulian biancone,FRA,"DF,MF",22.0,2000.0,2,0,17,0.2,0,0,0,0,0,0,0,0,0.0,0.0,0.0,0.0,0.0,0,0,,0.0,0.0,,,9,0.5,,0,2,9.0,8,0.5,0,1,-1,-5.29,-4.53,0,0,0,0,1,1,1,0,,,,,,,,,,,,,,,,Centre-Back,23.0,6000000.0
ENG-Premier League,2223.0,Nottingham,gustavo scarpa,BRA,MF,28.0,1994.0,6,2,181,2.0,0,0,0,0,0,0,1,0,0.0,0.0,0.0,0.0,0.0,7,1,14.3,3.48,0.5,0.0,0.0,30,5.3,55.0,0,4,18.0,3,1.17,1,1,0,0.0,0.83,0,4,8,0,4,0,2,0,,,,,,,,,,,,,,,,Attacking Midfield,29.0,10000000.0
ENG-Premier League,2223.0,Nottingham,harry toffolo,ENG,"DF,MF",26.0,1995.0,19,9,940,10.4,0,0,0,0,0,0,2,0,0.0,0.0,0.0,0.0,0.0,6,2,33.3,0.57,0.19,0.0,0.0,49,27.5,86.0,7,10,16.0,10,1.0,7,17,-10,-0.96,-0.23,0,10,5,0,29,7,8,0,,,,,,,,,,,,,,,,Left-Back,27.0,3500000.0
ENG-Premier League,2223.0,Nottingham,jack colback,ENG,MF,32.0,1989.0,11,4,497,5.5,0,0,0,0,0,0,0,0,0.0,0.0,0.0,0.0,0.0,0,0,,0.0,0.0,,,45,14.5,77.0,2,7,27.0,7,1.36,3,11,-8,-1.45,-0.77,0,9,8,0,1,2,14,0,,,,,,,,,,,,,,,,Defensive Midfield,33.0,600000.0
ENG-Premier League,2223.0,Nottingham,jesse lingard,ENG,"MF,FW",29.0,1992.0,17,12,923,10.3,0,0,0,0,0,0,1,0,0.0,0.0,0.0,0.0,0.0,10,2,20.0,0.98,0.2,0.0,0.0,54,27.0,70.0,2,5,16.0,12,0.71,8,17,-9,-0.88,-0.12,0,8,9,2,4,4,5,0,,,,,,,,,,,,,,,,Attacking Midfield,30.0,8000000.0
ENG-Premier League,2223.0,Nottingham,joe worrall,ENG,DF,25.0,1997.0,30,21,2224,24.7,1,0,1,1,0,0,6,0,0.04,0.0,0.04,0.04,0.04,7,2,28.6,0.28,0.08,0.14,0.5,74,65.0,89.0,20,9,40.0,8,1.1,26,44,-18,-0.73,0.17,0,26,4,0,4,26,26,0,,,,,,,,,,,,,,,,Centre-Back,26.0,12000000.0
ENG-Premier League,2223.0,Nottingham,jonjo shelvey,ENG,MF,30.0,1992.0,8,6,540,6.0,0,0,0,0,0,0,2,0,0.0,0.0,0.0,0.0,0.0,6,0,0.0,1.0,0.0,0.0,,68,15.8,78.0,2,2,35.0,2,0.25,4,9,-5,-0.83,-0.05,0,9,1,0,13,5,1,0,,,,,,,,,,,,,,,,Central Midfield,31.0,5000000.0
ENG-Premier League,2223.0,Nottingham,keylor navas,CRC,GK,35.0,1986.0,17,17,1529,17.0,0,0,0,0,0,0,2,0,0.0,0.0,0.0,0.0,0.0,0,0,,0.0,0.0,,,90,44.7,90.0,16,0,,0,0.94,21,32,-11,-0.65,0.26,0,0,0,0,0,1,0,0,32.0,1.88,83.0,51.0,61.4,4.0,4.0,9.0,2.0,11.8,4.0,4.0,0.0,0.0,0.0,Goalkeeper,36.0,4000000.0
ENG-Premier League,2223.0,Nottingham,lewis o brien,ENG,MF,23.0,1998.0,13,6,584,6.5,1,0,1,1,0,0,2,0,0.15,0.0,0.15,0.15,0.15,7,2,28.6,1.08,0.31,0.14,0.5,45,17.1,77.0,3,7,17.0,2,0.92,5,14,-9,-1.39,-0.72,0,5,16,0,4,6,7,0,,,,,,,,,,,,,,,,Central Midfield,24.0,8000000.0
ENG-Premier League,2223.0,Nottingham,morgan gibbs white,ENG,"MF,FW",22.0,2000.0,35,34,2971,33.0,5,8,13,3,2,2,5,0,0.15,0.24,0.39,0.09,0.33,59,22,37.3,1.79,0.67,0.05,0.14,85,86.9,87.0,26,1,30.0,0,1.0,37,59,-22,-0.67,0.94,0,32,28,6,163,13,14,0,,,,,,,,,,,,,,,,Attacking Midfield,23.0,40000000.0
ENG-Premier League,2223.0,Nottingham,moussa niakhate,SEN,DF,26.0,1996.0,14,14,1163,12.9,0,0,0,0,0,0,1,0,0.0,0.0,0.0,0.0,0.0,6,3,50.0,0.46,0.23,0.0,0.0,83,34.0,83.0,11,0,,1,1.07,15,22,-7,-0.54,0.38,0,12,6,0,2,20,9,0,,,,,,,,,,,,,,,,Centre-Back,27.0,18000000.0
ENG-Premier League,2223.0,Nottingham,neco williams,WAL,"DF,MF",21.0,2001.0,31,20,1882,20.9,1,0,1,1,0,0,7,0,0.05,0.0,0.05,0.05,0.05,25,7,28.0,1.2,0.33,0.04,0.14,61,55.0,85.0,15,11,16.0,2,0.94,18,41,-23,-1.1,-0.69,0,33,28,3,89,31,47,0,,,,,,,,,,,,,,,,Left-Back,22.0,20000000.0
ENG-Premier League,2223.0,Nottingham,orel mangala,BEL,MF,24.0,1998.0,27,20,1550,17.2,1,1,2,1,0,0,3,0,0.06,0.06,0.12,0.06,0.12,9,3,33.3,0.52,0.17,0.11,0.33,57,45.3,70.0,5,7,20.0,5,1.19,22,24,-2,-0.12,1.23,0,22,23,0,6,24,19,0,,,,,,,,,,,,,,,,Defensive Midfield,25.0,16000000.0
ENG-Premier League,2223.0,Nottingham,remo freuler,SUI,MF,30.0,1992.0,28,24,2161,24.0,0,0,0,0,0,0,4,0,0.0,0.0,0.0,0.0,0.0,8,1,12.5,0.33,0.04,0.0,0.0,77,63.2,84.0,16,4,38.0,8,0.82,17,47,-30,-1.25,-1.25,0,24,12,0,5,29,26,0,,,,,,,,,,,,,,,,Central Midfield,31.0,8000000.0
ENG-Premier League,2223.0,Nottingham,renan lodi,BRA,"DF,MF",24.0,1998.0,28,26,2214,24.6,0,1,1,0,0,0,7,0,0.0,0.04,0.04,0.0,0.04,15,0,0.0,0.61,0.0,0.0,,79,64.7,83.0,16,2,25.0,2,1.11,29,48,-19,-0.77,0.05,0,28,42,2,75,33,41,0,,,,,,,,,,,,,,,,Left-Back,25.0,20000000.0
ENG-Premier League,2223.0,Nottingham,ryan yates,ENG,MF,24.0,1997.0,26,21,1837,20.4,0,2,2,0,0,0,5,0,0.0,0.1,0.1,0.0,0.1,26,5,19.2,1.27,0.24,0.0,0.0,71,53.7,81.0,14,5,27.0,0,1.04,22,36,-14,-0.69,0.22,0,51,53,1,8,10,19,0,,,,,,,,,,,,,,,,Central Midfield,25.0,11000000.0
ENG-Premier League,2223.0,Nottingham,sam surridge,ENG,FW,24.0,1998.0,20,1,323,3.6,1,0,1,1,0,0,2,0,0.28,0.0,0.28,0.28,0.28,9,2,22.2,2.51,0.56,0.11,0.5,16,9.4,62.0,0,19,14.0,16,1.15,5,5,0,0.0,0.87,0,12,10,3,3,0,2,0,,,,,,,,,,,,,,,,Centre-Forward,24.0,5000000.0
ENG-Premier League,2223.0,Nottingham,scott mckenna,SCO,DF,25.0,1996.0,20,19,1571,17.5,0,0,0,0,0,0,4,0,0.0,0.0,0.0,0.0,0.0,2,0,0.0,0.11,0.0,0.0,,79,45.9,82.0,16,1,16.0,5,0.85,14,32,-18,-1.03,-0.45,0,8,3,0,2,11,8,0,,,,,,,,,,,,,,,,Centre-Back,26.0,10000000.0
ENG-Premier League,2223.0,Nottingham,serge aurier,CIV,"DF,MF",29.0,1992.0,24,22,1943,21.6,1,0,1,1,0,0,2,0,0.05,0.0,0.05,0.05,0.05,9,3,33.3,0.42,0.14,0.11,0.33,81,56.8,84.0,16,2,45.0,0,1.38,24,31,-7,-0.32,1.08,0,18,19,0,38,27,41,0,,,,,,,,,,,,,,,,Right-Back,30.0,8000000.0
ENG-Premier League,2223.0,Nottingham,steve cook,ENG,DF,31.0,1991.0,12,11,957,10.6,0,0,0,0,0,0,4,0,0.0,0.0,0.0,0.0,0.0,3,0,0.0,0.28,0.0,0.0,,80,28.0,86.0,8,1,12.0,7,0.83,7,21,-14,-1.32,-0.73,0,5,2,0,1,12,4,0,,,,,,,,,,,,,,,,Centre-Back,32.0,1800000.0
ENG-Premier League,2223.0,Nottingham,taiwo awoniyi,NGA,FW,24.0,1997.0,27,17,1404,15.6,10,1,11,10,0,0,2,0,0.64,0.06,0.71,0.64,0.71,35,15,42.9,2.24,0.96,0.29,0.67,52,41.1,71.0,0,10,19.0,2,0.93,19,29,-10,-0.64,0.25,0,25,19,14,3,3,10,0,,,,,,,,,,,,,,,,Centre-Forward,25.0,25000000.0
ENG-Premier League,2223.0,Nottingham,wayne hennessey,WAL,GK,35.0,1987.0,4,3,271,3.0,0,0,0,0,0,0,0,0,0.0,0.0,0.0,0.0,0.0,0,0,,0.0,0.0,,,68,7.9,90.0,3,1,1.0,33,1.25,2,5,-3,-1.0,-0.22,0,0,1,0,0,0,0,0,5.0,1.66,15.0,10.0,66.7,0.0,2.0,1.0,1.0,33.3,0.0,0.0,0.0,0.0,,Goalkeeper,36.0,400000.0
ENG-Premier League,2223.0,Nottingham,willy boly,CIV,DF,31.0,1991.0,11,9,685,7.6,0,1,1,0,0,0,2,0,0.0,0.13,0.13,0.0,0.13,2,1,50.0,0.26,0.13,0.0,0.0,62,20.0,74.0,5,2,11.0,9,1.64,6,10,-4,-0.53,0.33,0,5,5,3,0,11,6,0,,,,,,,,,,,,,,,,Centre-Back,32.0,2500000.0
ENG-Premier League,2223.0,Southampton,adam armstrong,ENG,"MF,FW",25.0,1997.0,30,14,1335,14.8,2,1,3,2,0,0,2,0,0.13,0.07,0.2,0.13,0.2,25,12,48.0,1.69,0.81,0.08,0.17,45,39.0,73.0,0,16,20.0,4,0.8,17,24,-7,-0.47,0.82,0,17,9,2,14,3,9,0,,,,,,,,,,,,,,,,Centre-Forward,26.0,10000000.0
ENG-Premier League,2223.0,Southampton,ainsley maitland niles,ENG,"DF,MF",24.0,1997.0,22,13,1407,15.6,0,0,0,0,0,0,3,0,0.0,0.0,0.0,0.0,0.0,1,1,100.0,0.06,0.06,0.0,0.0,64,41.1,86.0,7,9,32.0,5,0.64,16,31,-15,-0.96,0.02,0,13,8,0,20,22,24,0,,,,,,,,,,,,,,,,Right-Back,25.0,8000000.0
ENG-Premier League,2223.0,Southampton,alex mccarthy,ENG,GK,32.0,1989.0,6,6,540,6.0,0,0,0,0,0,0,0,0,0.0,0.0,0.0,0.0,0.0,0,0,,0.0,0.0,,,90,15.8,90.0,6,0,,21,0.17,9,17,-8,-1.33,-0.43,0,0,1,0,0,1,0,0,17.0,2.83,31.0,14.0,45.2,0.0,1.0,5.0,0.0,0.0,1.0,1.0,0.0,0.0,0.0,Goalkeeper,33.0,1200000.0
ENG-Premier League,2223.0,Southampton,armel bella kotchap,GER,DF,20.0,2001.0,24,24,1879,20.9,0,2,2,0,0,0,4,0,0.0,0.1,0.1,0.0,0.1,14,2,14.3,0.67,0.1,0.0,0.0,78,54.9,78.0,18,0,,2,0.71,18,39,-21,-1.01,-0.07,0,9,33,0,4,44,18,0,,,,,,,,,,,,,,,,Centre-Back,21.0,20000000.0
ENG-Premier League,2223.0,Southampton,carlos alcaraz,ARG,"MF,FW",19.0,2002.0,18,13,1029,11.4,4,2,6,4,0,0,3,0,0.35,0.17,0.52,0.35,0.52,24,10,41.7,2.1,0.87,0.17,0.4,57,30.1,70.0,2,5,24.0,2,0.72,15,25,-10,-0.87,0.14,0,15,17,2,4,1,5,0,,,,,,,,,,,,,,,,Central Midfield,20.0,15000000.0
ENG-Premier League,2223.0,Southampton,che adams,SCO,FW,26.0,1996.0,28,23,1992,22.1,5,3,8,5,0,0,1,0,0.23,0.14,0.36,0.23,0.36,47,15,31.9,2.12,0.68,0.11,0.33,71,58.2,82.0,13,5,22.0,1,0.71,18,41,-23,-1.04,-0.16,0,39,27,14,12,4,13,0,,,,,,,,,,,,,,,,Centre-Forward,26.0,20000000.0
ENG-Premier League,2223.0,Southampton,dominic ballard,ENG,FW,17.0,2005.0,2,0,26,0.3,0,0,0,0,0,0,0,0,0.0,0.0,0.0,0.0,0.0,0,0,,0.0,0.0,,,13,0.8,,0,2,13.0,0,0.5,0,0,0,0.0,0.98,0,0,0,0,0,1,0,0,,,,,,,,,,,,,,,,,,
ENG-Premier League,2223.0,Southampton,duje caleta car,CRO,DF,25.0,1996.0,13,9,946,10.5,1,0,1,1,0,0,2,0,0.1,0.0,0.1,0.1,0.1,5,2,40.0,0.48,0.19,0.2,0.5,73,27.7,86.0,7,4,44.0,13,0.69,8,15,-7,-0.67,0.43,0,9,1,0,1,15,11,0,,,,,,,,,,,,,,,,Centre-Back,26.0,11000000.0
ENG-Premier League,2223.0,Southampton,gavin bazunu,IRL,GK,20.0,2002.0,32,32,2880,32.0,0,0,0,0,0,0,0,0,0.0,0.0,0.0,0.0,0.0,0,0,,0.0,0.0,,,90,84.2,90.0,32,0,,6,0.75,27,56,-29,-0.91,0.43,0,1,2,0,0,1,0,0,56.0,1.75,124.0,68.0,54.8,6.0,6.0,20.0,4.0,12.5,2.0,1.0,1.0,0.0,50.0,Goalkeeper,21.0,15000000.0
ENG-Premier League,2223.0,Southampton,ibrahima diallo,FRA,MF,23.0,1999.0,18,11,819,9.1,0,0,0,0,0,0,4,0,0.0,0.0,0.0,0.0,0.0,6,0,0.0,0.66,0.0,0.0,,46,23.9,67.0,4,7,12.0,12,0.83,5,19,-14,-1.54,-0.74,0,18,7,0,4,7,15,0,,,,,,,,,,,,,,,,Defensive Midfield,24.0,7000000.0
ENG-Premier League,2223.0,Southampton,jack stephens,ENG,DF,28.0,1994.0,2,0,46,0.5,0,0,0,0,0,0,0,0,0.0,0.0,0.0,0.0,0.0,0,0,,0.0,0.0,,,23,1.3,,0,2,23.0,0,0.5,0,2,-2,-3.91,-2.98,0,1,0,0,0,1,2,0,,,,,,,,,,,,,,,,Centre-Back,29.0,3500000.0
ENG-Premier League,2223.0,Southampton,james bree,ENG,DF,24.0,1997.0,5,4,367,4.1,0,0,0,0,0,0,1,0,0.0,0.0,0.0,0.0,0.0,1,1,100.0,0.25,0.25,0.0,0.0,73,10.7,84.0,2,1,32.0,1,0.2,6,12,-6,-1.47,-0.56,0,1,0,0,13,6,3,0,,,,,,,,,,,,,,,,Right-Back,25.0,2000000.0
ENG-Premier League,2223.0,Southampton,james ward prowse,ENG,MF,27.0,1994.0,38,38,3371,37.5,9,4,13,7,2,4,6,0,0.24,0.11,0.35,0.19,0.29,44,20,45.5,1.17,0.53,0.16,0.35,89,98.6,89.0,36,0,,0,0.66,36,72,-36,-0.96,0.88,0,34,19,0,243,52,37,1,,,,,,,,,,,,,,,,Central Midfield,28.0,38000000.0
ENG-Premier League,2223.0,Southampton,jan bednarek,POL,DF,26.0,1996.0,20,20,1672,18.6,0,0,0,0,0,0,5,0,0.0,0.0,0.0,0.0,0.0,8,0,0.0,0.43,0.0,0.0,,84,48.9,84.0,17,0,,3,0.55,16,39,-23,-1.24,-0.52,0,14,7,0,1,45,19,1,,,,,,,,,,,,,,,,Centre-Back,27.0,14000000.0
ENG-Premier League,2223.0,Southampton,joe aribo,NGA,"MF,FW",26.0,1996.0,21,13,1224,13.6,2,0,2,2,0,0,2,0,0.15,0.0,0.15,0.15,0.15,14,8,57.1,1.03,0.59,0.14,0.25,58,35.8,77.0,3,8,28.0,8,0.57,13,24,-11,-0.81,0.26,0,10,13,0,8,10,19,0,,,,,,,,,,,,,,,,Central Midfield,26.0,11000000.0
ENG-Premier League,2223.0,Southampton,juan larios,ESP,DF,18.0,2004.0,5,2,152,1.7,0,0,0,0,0,0,0,0,0.0,0.0,0.0,0.0,0.0,0,0,,0.0,0.0,,,30,4.4,46.0,0,3,20.0,4,0.6,1,2,-1,-0.59,0.4,0,1,0,0,4,2,6,0,,,,,,,,,,,,,,,,Left-Back,19.0,7000000.0
ENG-Premier League,2223.0,Southampton,kamaldeen sulemana,GHA,"FW,MF",20.0,2002.0,18,10,966,10.7,2,1,3,2,0,0,1,0,0.19,0.09,0.28,0.19,0.28,25,7,28.0,2.33,0.65,0.08,0.29,54,28.2,76.0,2,8,26.0,0,0.56,11,20,-9,-0.84,0.19,0,9,12,2,18,6,9,0,,,,,,,,,,,,,,,,Left Winger,21.0,22000000.0
ENG-Premier League,2223.0,Southampton,kami doyle,ENG,MF,16.0,2005.0,1,0,7,0.1,0,0,0,0,0,0,0,0,0.0,0.0,0.0,0.0,0.0,0,0,,0.0,0.0,,,7,0.2,,0,1,7.0,1,0.0,0,0,0,0.0,0.98,0,0,0,0,0,0,0,0,,,,,,,,,,,,,,,,,,
ENG-Premier League,2223.0,Southampton,kyle walker peters,ENG,"DF,MF",25.0,1997.0,31,30,2650,29.4,1,0,1,1,0,0,4,0,0.03,0.0,0.03,0.03,0.03,12,5,41.7,0.41,0.17,0.08,0.2,85,77.5,88.0,26,1,20.0,1,0.68,31,58,-27,-0.92,0.25,0,25,41,1,51,28,34,0,,,,,,,,,,,,,,,,Right-Back,26.0,25000000.0
ENG-Premier League,2223.0,Southampton,lyanco,BRA,DF,25.0,1997.0,21,11,1180,13.1,1,1,2,1,0,0,4,0,0.08,0.08,0.15,0.08,0.15,12,4,33.3,0.92,0.31,0.08,0.25,56,34.5,88.0,9,10,22.0,8,0.86,14,26,-12,-0.92,0.09,0,16,10,1,7,20,17,0,,,,,,,,,,,,,,,,Centre-Back,26.0,3500000.0
ENG-Premier League,2223.0,Southampton,mislav orsic,CRO,"FW,MF",29.0,1992.0,1,0,7,0.1,0,0,0,0,0,0,0,0,0.0,0.0,0.0,0.0,0.0,0,0,,0.0,0.0,,,7,0.2,,0,1,7.0,3,0.0,0,0,0,0.0,0.98,0,0,0,1,0,0,1,0,,,,,,,,,,,,,,,,Left Winger,30.0,5000000.0
ENG-Premier League,2223.0,Southampton,mohamed elyounoussi,NOR,MF,27.0,1994.0,33,27,2168,24.1,1,1,2,1,0,0,4,0,0.04,0.04,0.08,0.04,0.08,36,11,30.6,1.49,0.46,0.03,0.09,66,63.4,75.0,9,6,23.0,4,0.73,23,45,-22,-0.91,0.16,0,42,17,3,34,25,30,0,,,,,,,,,,,,,,,,Second Striker,28.0,9000000.0
ENG-Premier League,2223.0,Southampton,mohammed salisu,GHA,DF,23.0,1999.0,22,21,1973,21.9,0,1,1,0,0,0,5,0,0.0,0.05,0.05,0.0,0.05,19,5,26.3,0.87,0.23,0.0,0.0,90,57.7,90.0,20,1,84.0,4,0.73,20,41,-21,-0.96,0.04,0,26,3,1,13,30,31,1,,,,,,,,,,,,,,,,Centre-Back,24.0,18000000.0
ENG-Premier League,2223.0,Southampton,moussa djenepo,MLI,"DF,MF",24.0,1998.0,16,7,710,7.9,0,2,2,0,0,0,1,0,0.0,0.25,0.25,0.0,0.25,3,2,66.7,0.38,0.25,0.0,0.0,44,20.8,77.0,2,9,19.0,10,0.63,7,14,-7,-0.89,0.11,0,11,19,1,11,12,11,0,,,,,,,,,,,,,,,,Left Winger,25.0,8000000.0
ENG-Premier League,2223.0,Southampton,nathan redmond,ENG,"FW,MF",28.0,1994.0,1,0,1,0.0,0,0,0,0,0,0,0,0,0.0,0.0,0.0,0.0,0.0,0,0,,0.0,0.0,,,1,0.0,,0,1,1.0,0,0.0,0,0,0,0.0,0.97,0,0,0,0,1,0,0,0,,,,,,,,,,,,,,,,Right Winger,29.0,10000000.0
ENG-Premier League,2223.0,Southampton,oriol romeu,ESP,MF,30.0,1991.0,1,1,74,0.8,0,0,0,0,0,0,0,0,0.0,0.0,0.0,0.0,0.0,0,0,,0.0,0.0,,,74,2.2,74.0,0,0,,3,0.0,1,4,-3,-3.65,-2.73,0,1,2,0,1,1,0,0,,,,,,,,,,,,,,,,Defensive Midfield,31.0,5000000.0
ENG-Premier League,2223.0,Southampton,paul onuachu,NGA,FW,28.0,1994.0,11,4,407,4.5,0,0,0,0,0,0,0,0,0.0,0.0,0.0,0.0,0.0,11,5,45.5,2.43,1.11,0.0,0.0,37,11.9,64.0,0,7,22.0,4,0.45,3,7,-4,-0.88,0.1,0,14,5,6,0,0,2,0,,,,,,,,,,,,,,,,Centre-Forward,29.0,13000000.0
ENG-Premier League,2223.0,Southampton,romain perraud,FRA,DF,24.0,1997.0,29,22,1835,20.4,2,2,4,2,0,0,4,0,0.1,0.1,0.2,0.1,0.2,30,6,20.0,1.47,0.29,0.07,0.33,63,53.7,78.0,12,7,16.0,2,0.59,15,35,-20,-0.98,-0.02,0,31,17,3,77,21,33,1,,,,,,,,,,,,,,,,Left-Back,25.0,12000000.0
ENG-Premier League,2223.0,Southampton,romeo lavia,BEL,MF,18.0,2004.0,29,26,2221,24.7,1,0,1,1,0,0,9,0,0.04,0.0,0.04,0.04,0.04,12,3,25.0,0.49,0.12,0.08,0.33,77,64.9,82.0,14,3,30.0,0,0.69,28,50,-22,-0.89,0.23,0,28,48,0,2,33,35,0,,,,,,,,,,,,,,,,Defensive Midfield,19.0,32000000.0
ENG-Premier League,2223.0,Southampton,samuel amo ameyaw,ENG,"FW,MF",16.0,2006.0,1,0,4,0.0,0,0,0,0,0,0,0,0,0.0,0.0,0.0,0.0,0.0,0,0,,0.0,0.0,,,4,0.1,,0,1,4.0,0,1.0,0,0,0,0.0,0.97,0,0,0,0,0,0,0,0,,,,,,,,,,,,,,,,Right Winger,16.0,
ENG-Premier League,2223.0,Southampton,samuel edozie,ENG,"MF,FW",19.0,2003.0,17,5,567,6.3,0,0,0,0,0,0,0,0,0.0,0.0,0.0,0.0,0.0,8,3,37.5,1.27,0.48,0.0,0.0,33,16.6,69.0,0,12,19.0,2,0.29,5,9,-4,-0.63,0.41,0,1,22,1,11,5,11,0,,,,,,,,,,,,,,,,Left Winger,20.0,8000000.0
ENG-Premier League,2223.0,Southampton,sekou mara,FRA,FW,20.0,2002.0,22,4,555,6.2,1,2,3,1,0,0,1,0,0.16,0.32,0.49,0.16,0.49,16,5,31.3,2.59,0.81,0.06,0.2,25,16.2,58.0,0,18,18.0,11,0.73,6,10,-4,-0.65,0.39,0,20,6,3,1,1,9,0,,,,,,,,,,,,,,,,Centre-Forward,20.0,10000000.0
ENG-Premier League,2223.0,Southampton,stuart armstrong,SCO,MF,30.0,1992.0,32,14,1408,15.6,2,1,3,2,0,0,6,0,0.13,0.06,0.19,0.13,0.19,23,7,30.4,1.47,0.45,0.09,0.29,44,41.2,70.0,0,18,24.0,3,0.56,11,34,-23,-1.47,-0.84,0,17,20,1,38,10,21,0,,,,,,,,,,,,,,,,Central Midfield,31.0,4500000.0
ENG-Premier League,2223.0,Southampton,theo walcott,ENG,"MF,FW",33.0,1989.0,20,13,1129,12.5,2,2,4,2,0,0,1,0,0.16,0.16,0.32,0.16,0.32,20,8,40.0,1.59,0.64,0.1,0.25,56,33.0,72.0,2,7,28.0,9,0.55,15,30,-15,-1.2,-0.33,0,7,10,15,20,9,6,1,,,,,,,,,,,,,,,,Right Winger,34.0,1000000.0
ENG-Premier League,2223.0,Southampton,tino livramento,ENG,"DF,MF",19.0,2002.0,2,0,28,0.3,0,0,0,0,0,0,0,0,0.0,0.0,0.0,0.0,0.0,0,0,,0.0,0.0,,,14,0.8,,0,2,14.0,0,0.5,0,0,0,0.0,0.98,0,0,2,0,0,2,1,0,,,,,,,,,,,,,,,,Right-Back,20.0,25000000.0
ENG-Premier League,2223.0,Southampton,yan valery,TUN,DF,23.0,1999.0,1,1,45,0.5,0,0,0,0,0,0,0,0,0.0,0.0,0.0,0.0,0.0,0,0,,0.0,0.0,,,45,1.3,45.0,0,0,,4,0.0,1,2,-1,-2.0,-1.04,0,0,0,0,1,0,0,0,,,,,,,,,,,,,,,,Right-Back,24.0,2000000.0
ENG-Premier League,2223.0,Tottenham,arnaut danjuma,NED,MF,25.0,1997.0,9,1,169,1.9,1,0,1,1,0,0,0,0,0.53,0.0,0.53,0.53,0.53,6,3,50.0,3.2,1.6,0.17,0.33,19,4.9,65.0,0,8,13.0,8,0.78,6,5,1,0.53,0.37,0,0,1,1,2,0,0,0,,,,,,,,,,,,,,,,Left Winger,26.0,25000000.0
ENG-Premier League,2223.0,Tottenham,ben davies,WAL,"DF,MF",29.0,1993.0,31,26,2288,25.4,2,2,4,2,0,0,4,0,0.08,0.08,0.16,0.08,0.16,14,5,35.7,0.55,0.2,0.14,0.4,74,66.9,87.0,20,5,7.0,2,1.61,44,33,11,0.43,0.75,0,30,17,1,36,19,12,0,,,,,,,,,,,,,,,,Centre-Back,30.0,15000000.0
ENG-Premier League,2223.0,Tottenham,bryan gil,ESP,"MF,FW",21.0,2001.0,4,2,148,1.6,0,1,1,0,0,0,1,0,0.0,0.61,0.61,0.0,0.61,2,1,50.0,1.22,0.61,0.0,0.0,37,4.3,69.0,0,2,5.0,12,1.5,5,1,4,2.43,2.35,0,2,2,1,2,1,1,0,,,,,,,,,,,,,,,,Left Winger,22.0,15000000.0
ENG-Premier League,2223.0,Tottenham,clement lenglet,FRA,DF,27.0,1995.0,26,24,2019,22.4,0,2,2,0,0,0,4,0,0.0,0.09,0.09,0.0,0.09,13,2,15.4,0.58,0.09,0.0,0.0,78,59.0,83.0,14,2,9.0,11,1.54,45,35,10,0.45,0.64,0,22,17,0,16,20,24,0,,,,,,,,,,,,,,,,Centre-Back,28.0,10000000.0
ENG-Premier League,2223.0,Tottenham,cristian romero,ARG,DF,24.0,1998.0,27,26,2364,26.3,0,1,1,0,0,0,11,1,0.0,0.04,0.04,0.0,0.04,11,2,18.2,0.42,0.08,0.0,0.0,88,69.1,90.0,24,1,32.0,0,1.59,46,41,5,0.19,0.02,1,42,12,0,0,37,38,0,,,,,,,,,,,,,,,,Centre-Back,25.0,60000000.0
ENG-Premier League,2223.0,Tottenham,davinson sanchez,COL,DF,26.0,1996.0,18,8,858,9.5,0,0,0,0,0,0,1,0,0.0,0.0,0.0,0.0,0.0,6,2,33.3,0.63,0.21,0.0,0.0,48,25.1,81.0,5,10,21.0,20,1.5,18,17,1,0.1,-0.11,0,7,4,1,2,12,10,0,,,,,,,,,,,,,,,,Centre-Back,27.0,15000000.0
ENG-Premier League,2223.0,Tottenham,dejan kulusevski,SWE,"MF,FW",22.0,2000.0,30,23,2067,23.0,2,7,9,2,0,0,2,0,0.09,0.3,0.39,0.09,0.39,43,10,23.3,1.87,0.44,0.05,0.2,69,60.4,81.0,5,7,28.0,0,1.6,42,41,1,0.04,-0.36,0,36,25,3,62,12,16,0,,,,,,,,,,,,,,,,Attacking Midfield,23.0,50000000.0
ENG-Premier League,2223.0,Tottenham,djed spence,ENG,"DF,MF",21.0,2000.0,4,0,7,0.1,0,0,0,0,0,0,0,0,0.0,0.0,0.0,0.0,0.0,1,1,100.0,12.86,12.86,0.0,0.0,2,0.2,,0,4,2.0,8,1.5,0,0,0,0.0,-0.18,0,0,0,0,0,0,0,0,,,,,,,,,,,,,,,,Left-Back,22.0,10000000.0
ENG-Premier League,2223.0,Tottenham,emerson,BRA,"MF,DF",23.0,1999.0,26,20,1735,19.3,2,1,3,2,0,0,2,1,0.1,0.05,0.16,0.1,0.16,17,7,41.2,0.88,0.36,0.12,0.29,67,50.7,82.0,12,6,15.0,2,1.73,34,26,8,0.41,0.47,0,21,33,0,47,18,36,0,,,,,,,,,,,,,,,,,,
ENG-Premier League,2223.0,Tottenham,eric dier,ENG,DF,28.0,1994.0,33,31,2818,31.3,2,1,3,2,0,0,3,0,0.06,0.03,0.1,0.06,0.1,17,4,23.5,0.54,0.13,0.12,0.5,85,82.4,90.0,30,2,19.0,3,1.73,62,52,10,0.32,0.77,0,25,10,1,12,33,20,0,,,,,,,,,,,,,,,,Centre-Back,29.0,18000000.0
ENG-Premier League,2223.0,Tottenham,fraser forster,ENG,GK,34.0,1988.0,14,13,1215,13.5,0,0,0,0,0,0,1,0,0.0,0.0,0.0,0.0,0.0,0,0,,0.0,0.0,,,87,35.5,90.0,13,1,45.0,24,1.29,26,24,2,0.15,-0.06,0,0,2,0,0,0,0,0,24.0,1.78,55.0,31.0,56.4,5.0,3.0,5.0,3.0,23.1,3.0,2.0,1.0,0.0,33.3,Goalkeeper,35.0,1500000.0
ENG-Premier League,2223.0,Tottenham,george abbott,ENG,MF,16.0,2005.0,1,0,1,0.0,0,0,0,0,0,0,0,0,0.0,0.0,0.0,0.0,0.0,0,0,,0.0,0.0,,,1,0.0,,0,1,1.0,1,3.0,1,0,1,90.0,89.84,0,0,0,0,0,1,0,0,,,,,,,,,,,,,,,,Defensive Midfield,17.0,
ENG-Premier League,2223.0,Tottenham,harry kane,ENG,FW,29.0,1993.0,38,38,3405,37.8,30,3,33,25,5,6,6,0,0.79,0.08,0.87,0.66,0.74,132,64,48.5,3.49,1.69,0.19,0.39,90,99.6,90.0,35,0,,0,1.58,70,62,8,0.21,6.21,0,32,56,15,37,2,12,0,,,,,,,,,,,,,,,,Centre-Forward,29.0,90000000.0
ENG-Premier League,2223.0,Tottenham,harvey white,ENG,MF,20.0,2001.0,1,0,5,0.1,0,0,0,0,0,0,0,0,0.0,0.0,0.0,0.0,0.0,0,0,,0.0,0.0,,,5,0.1,,0,1,5.0,2,3.0,0,0,0,0.0,-0.18,0,0,0,0,3,0,0,0,,,,,,,,,,,,,,,,Defensive Midfield,21.0,600000.0
ENG-Premier League,2223.0,Tottenham,hugo lloris,FRA,GK,35.0,1986.0,25,25,2205,24.5,0,0,0,0,0,0,0,0,0.0,0.0,0.0,0.0,0.0,0,0,,0.0,0.0,,,88,64.5,88.0,24,0,,1,1.68,44,39,5,0.2,0.06,0,0,2,0,0,0,1,1,39.0,1.59,118.0,79.0,66.9,13.0,3.0,9.0,7.0,28.0,1.0,1.0,0.0,0.0,0.0,Goalkeeper,36.0,3000000.0
ENG-Premier League,2223.0,Tottenham,ivan perisic,CRO,MF,33.0,1989.0,34,23,2108,23.4,1,8,9,1,0,0,6,0,0.04,0.34,0.38,0.04,0.38,29,8,27.6,1.24,0.34,0.03,0.13,62,61.6,83.0,10,11,18.0,3,1.41,40,44,-4,-0.17,-0.93,0,31,8,6,196,21,24,0,,,,,,,,,,,,,,,,Left Winger,34.0,7000000.0
ENG-Premier League,2223.0,Tottenham,japhet tanganga,ENG,DF,23.0,1999.0,4,2,146,1.6,0,0,0,0,0,0,0,0,0.0,0.0,0.0,0.0,0.0,0,0,,0.0,0.0,,,37,4.3,71.0,0,2,3.0,26,1.25,2,5,-3,-1.85,-2.12,0,3,3,0,1,2,2,0,,,,,,,,,,,,,,,,Centre-Back,24.0,7000000.0
ENG-Premier League,2223.0,Tottenham,lucas moura,BRA,"FW,MF",29.0,1992.0,15,0,153,1.7,1,0,1,1,0,0,0,1,0.59,0.0,0.59,0.59,0.59,4,1,25.0,2.35,0.59,0.25,1.0,10,4.5,,0,15,10.0,7,1.53,6,4,2,1.18,1.04,0,3,3,0,9,2,5,0,,,,,,,,,,,,,,,,Right Winger,30.0,6000000.0
ENG-Premier League,2223.0,Tottenham,matt doherty,IRL,MF,30.0,1992.0,12,7,667,7.4,1,0,1,1,0,0,0,0,0.13,0.0,0.13,0.13,0.13,10,2,20.0,1.35,0.27,0.1,0.5,56,19.5,82.0,2,5,18.0,9,1.33,12,9,3,0.4,0.27,0,11,4,0,18,7,11,0,,,,,,,,,,,,,,,,Right-Back,31.0,5000000.0
ENG-Premier League,2223.0,Tottenham,matthew craig,SCO,MF,19.0,2003.0,1,0,14,0.2,0,0,0,0,0,0,0,0,0.0,0.0,0.0,0.0,0.0,0,0,,0.0,0.0,,,14,0.4,,0,1,14.0,2,3.0,1,0,1,6.43,6.27,0,0,0,0,0,0,1,0,,,,,,,,,,,,,,,,Defensive Midfield,20.0,
ENG-Premier League,2223.0,Tottenham,oliver skipp,ENG,MF,21.0,2000.0,23,18,1491,16.6,1,0,1,1,0,0,7,0,0.06,0.0,0.06,0.06,0.06,7,3,42.9,0.42,0.18,0.14,0.33,65,43.6,82.0,8,5,5.0,10,1.43,27,28,-1,-0.06,-0.43,0,23,17,0,10,17,16,0,,,,,,,,,,,,,,,,Defensive Midfield,22.0,15000000.0
ENG-Premier League,2223.0,Tottenham,pape matar sarr,SEN,MF,19.0,2002.0,11,2,218,2.4,0,1,1,0,0,0,1,0,0.0,0.41,0.41,0.0,0.41,2,0,0.0,0.83,0.0,0.0,,20,6.4,49.0,0,9,13.0,15,1.45,6,10,-4,-1.65,-1.96,0,4,3,0,1,6,6,0,,,,,,,,,,,,,,,,Central Midfield,20.0,15000000.0
ENG-Premier League,2223.0,Tottenham,pedro porro,ESP,MF,22.0,1999.0,15,13,1131,12.6,3,3,6,3,0,0,0,0,0.24,0.24,0.48,0.24,0.48,26,7,26.9,2.07,0.56,0.12,0.43,75,33.1,86.0,6,2,9.0,2,1.2,20,26,-6,-0.48,-0.99,0,12,16,1,78,17,16,0,,,,,,,,,,,,,,,,Right-Back,23.0,40000000.0
ENG-Premier League,2223.0,Tottenham,pierre hjbjerg,DEN,MF,26.0,1995.0,35,35,3131,34.8,4,5,9,4,0,0,5,0,0.11,0.14,0.26,0.11,0.26,33,9,27.3,0.95,0.26,0.12,0.44,89,91.5,89.0,33,0,,0,1.63,64,57,7,0.2,0.2,0,38,36,1,15,47,31,0,,,,,,,,,,,,,,,,,,
ENG-Premier League,2223.0,Tottenham,richarlison,BRA,"MF,FW",25.0,1997.0,27,12,1010,11.2,1,3,4,1,0,0,3,0,0.09,0.27,0.36,0.09,0.36,27,14,51.9,2.41,1.25,0.04,0.07,37,29.5,65.0,1,15,15.0,2,1.59,22,18,4,0.36,0.24,0,13,22,9,16,5,16,0,,,,,,,,,,,,,,,,Centre-Forward,26.0,48000000.0
ENG-Premier League,2223.0,Tottenham,rodrigo bentancur,URU,MF,25.0,1997.0,18,17,1500,16.7,5,2,7,5,0,0,8,0,0.3,0.12,0.42,0.3,0.42,15,9,60.0,0.9,0.54,0.33,0.56,83,43.9,86.0,10,1,33.0,0,1.89,33,24,9,0.54,0.63,0,23,8,0,16,19,28,0,,,,,,,,,,,,,,,,Defensive Midfield,26.0,40000000.0
ENG-Premier League,2223.0,Tottenham,ryan sessegnon,ENG,"MF,DF",22.0,2000.0,17,9,813,9.0,2,0,2,2,0,0,4,0,0.22,0.0,0.22,0.22,0.22,18,6,33.3,1.99,0.66,0.11,0.33,48,23.8,75.0,3,8,17.0,4,1.65,17,15,2,0.22,0.05,0,15,6,6,29,6,12,0,,,,,,,,,,,,,,,,Left-Back,23.0,18000000.0
ENG-Premier League,2223.0,Tottenham,son heung min,KOR,"MF,FW",30.0,1992.0,36,33,2888,32.1,10,6,16,10,0,0,2,0,0.31,0.19,0.5,0.31,0.5,81,40,49.4,2.52,1.25,0.12,0.25,80,84.4,85.0,19,3,22.0,0,1.58,57,55,2,0.06,-0.78,0,13,36,18,114,13,12,0,,,,,,,,,,,,,,,,,,
ENG-Premier League,2223.0,Tottenham,yves bissouma,MLI,MF,25.0,1996.0,23,10,1010,11.2,0,0,0,0,0,0,6,0,0.0,0.0,0.0,0.0,0.0,6,0,0.0,0.53,0.0,0.0,,44,29.5,81.0,4,13,15.0,2,1.57,20,20,0,0.0,-0.26,0,17,9,1,2,12,13,0,,,,,,,,,,,,,,,,Defensive Midfield,26.0,18000000.0
ENG-Premier League,2223.0,West Ham,aaron cresswell,ENG,DF,32.0,1989.0,28,24,2235,24.8,0,1,1,0,0,0,3,0,0.0,0.04,0.04,0.0,0.04,9,1,11.1,0.36,0.04,0.0,0.0,80,65.4,88.0,20,4,29.0,8,1.11,26,32,-6,-0.24,0.29,0,9,9,2,133,27,12,0,,,,,,,,,,,,,,,,Left-Back,33.0,1200000.0
ENG-Premier League,2223.0,West Ham,alphonse areola,FRA,GK,29.0,1993.0,5,2,309,3.4,0,0,0,0,0,0,0,0,0.0,0.0,0.0,0.0,0.0,0,0,,0.0,0.0,,,62,9.0,90.0,2,3,43.0,30,0.8,5,7,-2,-0.58,-0.26,0,1,0,0,0,0,0,0,7.0,2.04,16.0,9.0,56.3,0.0,1.0,1.0,1.0,50.0,2.0,2.0,0.0,0.0,0.0,Goalkeeper,30.0,8000000.0
ENG-Premier League,2223.0,West Ham,angelo ogbonna,ITA,DF,34.0,1988.0,16,13,1237,13.7,0,0,0,0,0,0,0,0,0.0,0.0,0.0,0.0,0.0,3,0,0.0,0.22,0.0,0.0,,77,36.2,88.0,11,3,33.0,19,1.13,15,20,-5,-0.36,-0.03,0,2,4,0,0,18,4,0,,,,,,,,,,,,,,,,Centre-Back,35.0,900000.0
ENG-Premier League,2223.0,West Ham,ben johnson,ENG,"DF,MF",22.0,2000.0,17,9,866,9.6,0,0,0,0,0,0,0,0,0.0,0.0,0.0,0.0,0.0,2,1,50.0,0.21,0.1,0.0,0.0,51,25.3,82.0,8,8,16.0,10,1.24,8,13,-5,-0.52,-0.24,0,3,5,1,16,8,15,0,,,,,,,,,,,,,,,,Right-Back,23.0,10000000.0
ENG-Premier League,2223.0,West Ham,conor coventry,IRL,MF,22.0,2000.0,1,0,1,0.0,0,0,0,0,0,0,0,0,0.0,0.0,0.0,0.0,0.0,0,0,,0.0,0.0,,,1,0.0,,0,1,1.0,10,0.0,0,0,0,0.0,0.34,0,0,0,0,0,0,0,0,,,,,,,,,,,,,,,,Defensive Midfield,23.0,1800000.0
ENG-Premier League,2223.0,West Ham,craig dawson,ENG,DF,32.0,1990.0,8,8,720,8.0,0,0,0,0,0,0,2,0,0.0,0.0,0.0,0.0,0.0,6,1,16.7,0.75,0.12,0.0,0.0,90,21.1,90.0,8,0,,1,0.88,9,13,-4,-0.5,-0.2,0,6,3,0,2,6,6,0,,,,,,,,,,,,,,,,Centre-Back,33.0,2000000.0
ENG-Premier League,2223.0,West Ham,danny ings,ENG,FW,30.0,1992.0,17,7,775,8.6,2,2,4,2,0,0,1,0,0.23,0.23,0.46,0.23,0.46,15,4,26.7,1.74,0.46,0.13,0.5,46,22.7,79.0,1,10,22.0,2,1.24,11,12,-1,-0.12,0.29,0,8,9,5,0,3,8,0,,,,,,,,,,,,,,,,Centre-Forward,30.0,12000000.0
ENG-Premier League,2223.0,West Ham,declan rice,ENG,MF,23.0,1999.0,37,36,3273,36.4,4,2,6,4,0,1,5,0,0.11,0.05,0.16,0.11,0.16,36,9,25.0,0.99,0.25,0.11,0.44,88,95.7,90.0,36,1,33.0,0,1.08,42,50,-8,-0.22,2.84,0,24,11,1,44,62,36,0,,,,,,,,,,,,,,,,Central Midfield,24.0,90000000.0
ENG-Premier League,2223.0,West Ham,divin mubama,ENG,FW,17.0,2004.0,3,0,38,0.4,0,0,0,0,0,0,0,0,0.0,0.0,0.0,0.0,0.0,0,0,,0.0,0.0,,,13,1.1,,0,3,13.0,0,1.0,0,0,0,0.0,0.35,0,3,1,0,0,0,1,0,,,,,,,,,,,,,,,,Centre-Forward,18.0,250000.0
ENG-Premier League,2223.0,West Ham,emerson palmieri,ITA,"MF,DF",27.0,1994.0,22,16,1320,14.7,1,0,1,1,0,0,2,0,0.07,0.0,0.07,0.07,0.07,11,5,45.5,0.75,0.34,0.09,0.2,60,38.6,79.0,9,6,9.0,13,1.18,15,28,-13,-0.89,-0.89,0,12,15,0,47,14,14,0,,,,,,,,,,,,,,,,,,
ENG-Premier League,2223.0,West Ham,flynn downes,ENG,MF,23.0,1999.0,21,7,762,8.5,0,0,0,0,0,0,2,0,0.0,0.0,0.0,0.0,0.0,4,1,25.0,0.47,0.12,0.0,0.0,36,22.3,82.0,2,14,14.0,16,1.19,2,15,-13,-1.54,-1.54,0,8,12,0,3,7,8,0,,,,,,,,,,,,,,,,Defensive Midfield,24.0,9000000.0
ENG-Premier League,2223.0,West Ham,gianluca scamacca,ITA,FW,23.0,1999.0,16,11,926,10.3,3,0,3,3,0,0,3,0,0.29,0.0,0.29,0.29,0.29,30,10,33.3,2.92,0.97,0.1,0.3,58,27.1,73.0,3,5,24.0,4,0.88,9,12,-3,-0.29,0.07,0,16,10,6,1,5,4,0,,,,,,,,,,,,,,,,Centre-Forward,24.0,22000000.0
ENG-Premier League,2223.0,West Ham,jarrod bowen,ENG,"MF,FW",25.0,1996.0,38,36,3233,35.9,6,5,11,5,1,2,2,0,0.17,0.14,0.31,0.14,0.28,75,24,32.0,2.09,0.67,0.07,0.21,85,94.5,89.0,30,2,19.0,0,1.05,40,50,-10,-0.28,1.17,0,26,69,10,158,35,17,0,,,,,,,,,,,,,,,,Right Winger,26.0,38000000.0
ENG-Premier League,2223.0,West Ham,kurt zouma,FRA,DF,27.0,1994.0,25,24,1989,22.1,2,0,2,2,0,0,0,0,0.09,0.0,0.09,0.09,0.09,19,6,31.6,0.86,0.27,0.11,0.33,80,58.2,82.0,21,1,22.0,3,1.2,26,28,-2,-0.09,0.6,0,14,6,0,0,28,4,0,,,,,,,,,,,,,,,,Centre-Back,28.0,22000000.0
ENG-Premier League,2223.0,West Ham,lucas paqueta,BRA,MF,24.0,1997.0,28,27,2151,23.9,4,3,7,3,1,1,5,0,0.17,0.13,0.29,0.13,0.25,53,16,30.2,2.22,0.67,0.06,0.19,77,62.9,79.0,7,1,24.0,1,1.11,32,39,-7,-0.29,0.13,0,49,30,1,22,15,53,0,,,,,,,,,,,,,,,,Attacking Midfield,25.0,45000000.0
ENG-Premier League,2223.0,West Ham,manuel lanzini,ARG,MF,29.0,1993.0,10,2,252,2.8,1,0,1,1,0,0,0,0,0.36,0.0,0.36,0.36,0.36,3,1,33.3,1.07,0.36,0.33,1.0,25,7.4,73.0,1,8,13.0,28,0.7,2,5,-3,-1.07,-0.79,0,1,2,2,2,2,2,0,,,,,,,,,,,,,,,,Attacking Midfield,30.0,6000000.0
ENG-Premier League,2223.0,West Ham,maxwel cornet,CIV,MF,25.0,1996.0,14,2,245,2.7,0,0,0,0,0,0,0,0,0.0,0.0,0.0,0.0,0.0,9,2,22.2,3.31,0.73,0.0,0.0,18,7.2,46.0,0,12,13.0,6,0.79,2,5,-3,-1.1,-0.82,0,2,2,9,6,2,3,0,,,,,,,,,,,,,,,,Left Winger,26.0,12000000.0
ENG-Premier League,2223.0,West Ham,michail antonio,JAM,FW,32.0,1990.0,33,21,1829,20.3,5,3,8,5,0,0,2,0,0.25,0.15,0.39,0.25,0.39,39,13,33.3,1.92,0.64,0.13,0.38,55,53.5,75.0,2,12,22.0,1,1.09,23,30,-7,-0.34,-0.01,0,28,44,12,35,5,7,0,,,,,,,,,,,,,,,,Centre-Forward,33.0,7000000.0
ENG-Premier League,2223.0,West Ham,nayef aguerd,MAR,DF,26.0,1996.0,18,17,1595,17.7,2,0,2,2,0,0,4,0,0.11,0.0,0.11,0.11,0.11,12,2,16.7,0.68,0.11,0.17,1.0,89,46.6,89.0,16,1,76.0,3,1.06,23,28,-5,-0.28,0.11,0,8,8,2,0,19,20,0,,,,,,,,,,,,,,,,Centre-Back,27.0,35000000.0
ENG-Premier League,2223.0,West Ham,pablo fornals,ESP,MF,26.0,1996.0,32,17,1503,16.7,3,1,4,3,0,0,0,0,0.18,0.06,0.24,0.18,0.24,27,7,25.9,1.62,0.42,0.11,0.43,47,43.9,75.0,3,15,16.0,6,1.09,17,28,-11,-0.66,-0.56,0,14,7,1,59,14,14,0,,,,,,,,,,,,,,,,Central Midfield,27.0,22000000.0
ENG-Premier League,2223.0,West Ham,said benrahma,ALG,"MF,FW",26.0,1995.0,35,22,2069,23.0,6,3,9,2,4,4,0,0,0.26,0.13,0.39,0.09,0.22,73,27,37.0,3.18,1.17,0.03,0.07,59,60.5,77.0,8,13,28.0,3,0.89,25,31,-6,-0.26,0.21,0,16,15,7,83,9,13,0,,,,,,,,,,,,,,,,Left Winger,27.0,25000000.0
ENG-Premier League,2223.0,West Ham,thilo kehrer,GER,DF,25.0,1996.0,27,25,2230,24.8,0,2,2,0,0,0,4,0,0.0,0.08,0.08,0.0,0.08,8,1,12.5,0.32,0.04,0.0,0.0,83,65.2,87.0,23,2,27.0,8,1.15,26,34,-8,-0.32,0.06,0,32,12,0,23,35,21,1,,,,,,,,,,,,,,,,Centre-Back,26.0,18000000.0
ENG-Premier League,2223.0,West Ham,tomas soucek,CZE,MF,27.0,1995.0,36,32,2815,31.3,2,3,5,2,0,0,3,0,0.06,0.1,0.16,0.06,0.16,34,13,38.2,1.09,0.42,0.06,0.15,78,82.3,84.0,24,4,31.0,1,1.11,38,42,-4,-0.13,1.21,0,50,16,2,21,58,41,0,,,,,,,,,,,,,,,,Defensive Midfield,28.0,35000000.0
ENG-Premier League,2223.0,West Ham,vladimir coufal,CZE,"DF,MF",29.0,1992.0,27,24,2136,23.7,0,1,1,0,0,0,5,0,0.0,0.04,0.04,0.0,0.04,6,1,16.7,0.25,0.04,0.0,0.0,79,62.5,85.0,18,3,33.0,7,1.0,27,35,-8,-0.34,0.01,0,30,21,1,113,36,30,0,,,,,,,,,,,,,,,,Right-Back,30.0,9000000.0
ENG-Premier League,2223.0,West Ham,ukasz fabianski,POL,GK,37.0,1985.0,36,36,3111,34.6,0,0,0,0,0,0,1,0,0.0,0.0,0.0,0.0,0.0,0,0,,0.0,0.0,,,86,91.0,86.0,33,0,,0,1.08,37,48,-11,-0.32,0.26,0,0,4,0,0,0,0,0,48.0,1.39,156.0,108.0,69.2,11.0,6.0,19.0,9.0,25.0,4.0,2.0,1.0,1.0,33.3,,,
ENG-Premier League,2223.0,Wolves,adama traore,ESP,"MF,FW",26.0,1996.0,34,12,1496,16.6,2,1,3,2,0,0,2,0,0.12,0.06,0.18,0.12,0.18,19,8,42.1,1.14,0.48,0.11,0.25,44,43.7,73.0,3,22,28.0,2,1.18,12,30,-18,-1.08,-0.66,0,20,34,7,81,3,7,0,,,,,,,,,,,,,,,,Right Winger,27.0,10000000.0
ENG-Premier League,2223.0,Wolves,boubacar traore,MLI,MF,20.0,2001.0,10,4,411,4.6,0,1,1,0,0,0,2,0,0.0,0.22,0.22,0.0,0.22,3,0,0.0,0.66,0.0,0.0,,41,12.0,82.0,2,6,14.0,1,0.5,4,9,-5,-1.09,-0.44,0,10,2,0,1,7,6,0,,,,,,,,,,,,,,,,Defensive Midfield,21.0,5000000.0
ENG-Premier League,2223.0,Wolves,chem campbell,WAL,"FW,MF",19.0,2002.0,5,0,74,0.8,0,0,0,0,0,0,0,0,0.0,0.0,0.0,0.0,0.0,2,0,0.0,2.43,0.0,0.0,,15,2.2,,0,5,15.0,9,0.0,0,2,-2,-2.43,-1.76,0,0,1,0,4,1,1,0,,,,,,,,,,,,,,,,Left Winger,20.0,1000000.0
ENG-Premier League,2223.0,Wolves,connor ronan,IRL,MF,24.0,1998.0,1,0,1,0.0,0,0,0,0,0,0,0,0,0.0,0.0,0.0,0.0,0.0,0,0,,0.0,0.0,,,1,0.0,,0,1,1.0,10,0.0,0,0,0,0.0,0.71,0,0,0,0,1,0,0,0,,,,,,,,,,,,,,,,Central Midfield,25.0,800000.0
ENG-Premier League,2223.0,Wolves,craig dawson,ENG,DF,32.0,1990.0,17,17,1414,15.7,1,0,1,1,0,0,4,0,0.06,0.0,0.06,0.06,0.06,11,2,18.2,0.7,0.13,0.09,0.5,83,41.3,83.0,14,0,,1,1.41,16,18,-2,-0.13,0.99,0,11,10,0,0,13,6,0,,,,,,,,,,,,,,,,Centre-Back,33.0,2000000.0
ENG-Premier League,2223.0,Wolves,daniel bentley,ENG,GK,29.0,1993.0,2,2,180,2.0,0,0,0,0,0,0,0,0,0.0,0.0,0.0,0.0,0.0,0,0,,0.0,0.0,,,90,5.3,90.0,2,0,,16,0.5,1,3,-2,-1.0,-0.31,0,0,1,0,0,0,1,0,3.0,1.5,14.0,11.0,78.6,0.0,1.0,1.0,0.0,0.0,0.0,0.0,0.0,0.0,,Goalkeeper,29.0,2000000.0
ENG-Premier League,2223.0,Wolves,daniel podence,POR,"MF,FW",26.0,1995.0,32,20,1771,19.7,6,0,6,6,0,0,5,0,0.3,0.0,0.3,0.3,0.3,43,18,41.9,2.19,0.91,0.14,0.33,55,51.8,74.0,8,12,24.0,3,0.81,13,31,-18,-0.91,-0.42,0,26,23,4,58,7,17,0,,,,,,,,,,,,,,,,Left Winger,27.0,20000000.0
ENG-Premier League,2223.0,Wolves,dexter lembikisa,JAM,"DF,MF",18.0,2003.0,1,0,23,0.3,0,0,0,0,0,0,0,0,0.0,0.0,0.0,0.0,0.0,0,0,,0.0,0.0,,,23,0.7,,0,1,23.0,1,0.0,0,1,-1,-3.91,-3.22,0,0,0,0,1,0,0,0,,,,,,,,,,,,,,,,Right-Back,19.0,
ENG-Premier League,2223.0,Wolves,diego costa,ESP,FW,33.0,1988.0,23,16,1241,13.8,1,0,1,1,0,0,5,1,0.07,0.0,0.07,0.07,0.07,28,14,50.0,2.03,1.02,0.04,0.07,54,36.3,68.0,1,7,22.0,2,1.26,15,17,-2,-0.15,0.89,0,29,10,16,6,1,1,0,,,,,,,,,,,,,,,,Centre-Forward,34.0,2000000.0
ENG-Premier League,2223.0,Wolves,goncalo guedes,POR,"FW,MF",25.0,1996.0,13,8,707,7.9,1,1,2,1,0,0,1,0,0.13,0.13,0.25,0.13,0.25,19,6,31.6,2.42,0.76,0.05,0.17,54,20.7,71.0,1,5,27.0,4,0.77,4,12,-8,-1.02,-0.39,0,11,24,5,27,1,6,0,,,,,,,,,,,,,,,,Left Winger,26.0,23000000.0
ENG-Premier League,2223.0,Wolves,hugo bueno,ESP,DF,19.0,2002.0,21,16,1310,14.6,0,1,1,0,0,0,1,0,0.0,0.07,0.07,0.0,0.07,4,1,25.0,0.27,0.07,0.0,0.0,62,38.3,75.0,7,5,21.0,9,1.05,12,29,-17,-1.17,-0.74,0,7,7,1,60,9,16,0,,,,,,,,,,,,,,,,Left-Back,20.0,6000000.0
ENG-Premier League,2223.0,Wolves,hwang hee chan,KOR,"FW,MF",26.0,1996.0,27,12,1130,12.6,3,1,4,3,0,0,1,0,0.24,0.08,0.32,0.24,0.32,18,7,38.9,1.43,0.56,0.17,0.43,42,33.0,66.0,1,15,23.0,2,1.15,12,18,-6,-0.48,0.35,0,20,19,1,10,3,9,0,,,,,,,,,,,,,,,,,,
ENG-Premier League,2223.0,Wolves,joe hodge,IRL,MF,19.0,2002.0,6,1,175,1.9,0,0,0,0,0,0,1,0,0.0,0.0,0.0,0.0,0.0,2,0,0.0,1.03,0.0,0.0,,29,5.1,58.0,0,5,23.0,11,1.17,1,5,-4,-2.06,-1.42,0,2,1,0,1,0,2,0,,,,,,,,,,,,,,,,Defensive Midfield,20.0,2000000.0
ENG-Premier League,2223.0,Wolves,jonny castro,ESP,DF,28.0,1994.0,18,14,1261,14.0,1,0,1,1,0,0,3,1,0.07,0.0,0.07,0.07,0.07,9,2,22.2,0.64,0.14,0.11,0.5,70,36.9,84.0,9,4,22.0,8,1.0,8,20,-12,-0.86,-0.23,0,13,19,1,18,13,16,0,,,,,,,,,,,,,,,,,,
ENG-Premier League,2223.0,Wolves,jose sa,POR,GK,29.0,1993.0,36,36,3240,36.0,0,0,0,0,0,0,2,0,0.0,0.0,0.0,0.0,0.0,0,0,,0.0,0.0,,,90,94.7,90.0,36,0,,2,1.11,30,55,-25,-0.69,0.31,0,1,8,0,0,0,0,0,55.0,1.53,161.0,106.0,65.8,11.0,7.0,18.0,11.0,30.6,4.0,2.0,2.0,0.0,50.0,Goalkeeper,30.0,18000000.0
ENG-Premier League,2223.0,Wolves,joao gomes,BRA,MF,21.0,2001.0,11,7,653,7.3,1,0,1,1,0,0,5,0,0.14,0.0,0.14,0.14,0.14,4,2,50.0,0.55,0.28,0.25,0.5,59,19.1,80.0,4,4,23.0,6,1.18,10,18,-8,-1.1,-0.48,0,17,15,0,8,3,14,0,,,,,,,,,,,,,,,,Central Midfield,22.0,18000000.0
ENG-Premier League,2223.0,Wolves,joao moutinho,POR,MF,35.0,1986.0,31,20,1780,19.8,0,2,2,0,0,0,3,0,0.0,0.1,0.1,0.0,0.1,16,3,18.8,0.81,0.15,0.0,0.0,57,52.0,74.0,6,11,27.0,2,1.16,12,28,-16,-0.81,-0.21,0,31,15,1,58,18,30,0,,,,,,,,,,,,,,,,Central Midfield,36.0,1500000.0
ENG-Premier League,2223.0,Wolves,leander dendoncker,BEL,MF,27.0,1995.0,4,2,214,2.4,0,0,0,0,0,0,0,0,0.0,0.0,0.0,0.0,0.0,3,2,66.7,1.26,0.84,0.0,0.0,54,6.3,90.0,2,2,17.0,1,0.5,1,3,-2,-0.84,-0.14,0,0,0,0,1,9,2,0,,,,,,,,,,,,,,,,Defensive Midfield,28.0,15000000.0
ENG-Premier League,2223.0,Wolves,mario lemina,GAB,MF,28.0,1993.0,19,17,1299,14.4,0,1,1,0,0,0,4,1,0.0,0.07,0.07,0.0,0.07,9,2,22.2,0.62,0.14,0.0,0.0,68,38.0,74.0,8,2,18.0,0,1.42,14,28,-14,-0.97,-0.42,1,18,9,1,3,13,25,0,,,,,,,,,,,,,,,,Defensive Midfield,29.0,10000000.0
ENG-Premier League,2223.0,Wolves,matheus cunha,BRA,FW,23.0,1999.0,17,12,965,10.7,2,0,2,2,0,0,1,0,0.19,0.0,0.19,0.19,0.19,26,7,26.9,2.42,0.65,0.08,0.29,57,28.2,70.0,1,5,26.0,3,1.65,13,12,1,0.09,1.12,0,20,21,3,8,8,3,0,,,,,,,,,,,,,,,,Centre-Forward,24.0,25000000.0
ENG-Premier League,2223.0,Wolves,matheus nunes,POR,MF,23.0,1998.0,34,30,2467,27.4,1,1,2,1,0,0,2,1,0.04,0.04,0.07,0.04,0.07,28,9,32.1,1.02,0.33,0.04,0.11,73,72.1,79.0,14,4,22.0,0,1.14,21,41,-20,-0.73,-0.07,0,37,50,2,44,16,42,0,,,,,,,,,,,,,,,,Right-Back,24.0,45000000.0
ENG-Premier League,2223.0,Wolves,max kilman,ENG,DF,25.0,1997.0,37,37,3307,36.7,0,0,0,0,0,0,3,0,0.0,0.0,0.0,0.0,0.0,14,1,7.1,0.38,0.03,0.0,0.0,89,96.7,89.0,36,0,,1,1.08,30,56,-26,-0.71,0.09,0,18,12,0,5,18,21,0,,,,,,,,,,,,,,,,,,
ENG-Premier League,2223.0,Wolves,morgan gibbs white,ENG,MF,22.0,2000.0,2,2,180,2.0,0,0,0,0,0,0,1,0,0.0,0.0,0.0,0.0,0.0,3,1,33.3,1.5,0.5,0.0,0.0,90,5.3,90.0,2,0,,0,0.5,1,2,-1,-0.5,0.22,0,3,4,0,8,1,1,0,,,,,,,,,,,,,,,,Attacking Midfield,23.0,40000000.0
ENG-Premier League,2223.0,Wolves,nathan collins,IRL,DF,21.0,2001.0,26,19,1814,20.2,0,0,0,0,0,0,2,1,0.0,0.0,0.0,0.0,0.0,3,0,0.0,0.15,0.0,0.0,,70,53.0,87.0,18,7,23.0,9,1.04,16,36,-20,-0.99,-0.6,0,17,8,1,0,21,14,0,,,,,,,,,,,,,,,,Centre-Back,22.0,22000000.0
ENG-Premier League,2223.0,Wolves,nelson semedo,POR,DF,28.0,1993.0,36,31,2632,29.2,0,1,1,0,0,0,11,1,0.0,0.03,0.03,0.0,0.03,9,0,0.0,0.31,0.0,0.0,,73,77.0,83.0,23,5,15.0,1,1.06,25,42,-17,-0.58,0.56,0,47,25,0,60,26,42,0,,,,,,,,,,,,,,,,Right-Back,29.0,15000000.0
ENG-Premier League,2223.0,Wolves,pablo sarabia,ESP,"MF,FW",30.0,1992.0,13,9,765,8.5,1,0,1,1,0,0,3,0,0.12,0.0,0.12,0.12,0.12,20,5,25.0,2.35,0.59,0.05,0.2,59,22.4,68.0,2,4,38.0,5,1.38,11,9,2,0.24,1.22,0,13,8,3,45,1,6,0,,,,,,,,,,,,,,,,Attacking Midfield,31.0,14000000.0
ENG-Premier League,2223.0,Wolves,pedro neto,POR,"MF,FW",22.0,2000.0,18,13,964,10.7,0,0,0,0,0,0,1,0,0.0,0.0,0.0,0.0,0.0,17,3,17.6,1.59,0.28,0.0,0.0,54,28.2,69.0,2,5,13.0,3,1.06,7,15,-8,-0.75,-0.05,0,8,15,2,66,4,5,0,,,,,,,,,,,,,,,,Right Winger,23.0,28000000.0
ENG-Premier League,2223.0,Wolves,rayan ait nouri,ALG,"DF,MF",21.0,2001.0,21,9,1076,12.0,1,0,1,1,0,0,4,0,0.08,0.0,0.08,0.08,0.08,10,5,50.0,0.84,0.42,0.1,0.2,51,31.5,81.0,4,12,29.0,7,1.0,8,18,-10,-0.84,-0.18,0,15,11,3,21,11,19,1,,,,,,,,,,,,,,,,Left-Back,22.0,22000000.0
ENG-Premier League,2223.0,Wolves,raul jimenez,MEX,FW,31.0,1991.0,15,8,846,9.4,0,1,1,0,0,0,0,0,0.0,0.11,0.11,0.0,0.11,20,9,45.0,2.13,0.96,0.0,0.0,56,24.7,82.0,5,7,27.0,5,0.8,7,18,-11,-1.17,-0.61,0,14,14,9,5,0,4,0,,,,,,,,,,,,,,,,Centre-Forward,32.0,6000000.0
ENG-Premier League,2223.0,Wolves,ruben neves,POR,MF,25.0,1997.0,35,33,3019,33.5,6,1,7,3,3,3,12,0,0.18,0.03,0.21,0.09,0.12,67,16,23.9,2.0,0.48,0.04,0.19,86,88.3,89.0,30,2,45.0,0,1.0,26,48,-22,-0.66,0.47,0,38,19,1,54,49,40,0,,,,,,,,,,,,,,,,Defensive Midfield,26.0,40000000.0
ENG-Premier League,2223.0,Wolves,sasa kalajdzic,AUT,FW,25.0,1997.0,1,1,45,0.5,0,0,0,0,0,0,0,0,0.0,0.0,0.0,0.0,0.0,1,0,0.0,2.0,0.0,0.0,,45,1.3,45.0,0,0,,0,3.0,1,0,1,2.0,2.75,0,0,1,0,0,1,0,0,,,,,,,,,,,,,,,,Centre-Forward,25.0,15000000.0
ENG-Premier League,2223.0,Wolves,toti gomes,POR,DF,23.0,1999.0,17,10,984,10.9,1,0,1,1,0,0,6,0,0.09,0.0,0.09,0.09,0.09,5,2,40.0,0.46,0.18,0.2,0.5,58,28.8,85.0,7,7,19.0,11,1.41,10,14,-4,-0.37,0.48,0,16,5,1,9,10,9,0,,,,,,,,,,,,,,,,,,
ENG-Premier League,2324.0,Arsenal,aaron ramsdale,ENG,GK,25.0,1998.0,6,6,540,6.0,0,0,0,0,0,0,0,0,0.0,0.0,0.0,0.0,0.0,0,0,,0.0,0.0,,,90,15.8,90.0,6,0,,31,2.67,11,5,6,1.0,-0.75,0,0,1,0,0,0,0,0,5.0,0.83,14.0,9.0,64.3,5.0,1.0,0.0,2.0,33.3,0.0,0.0,0.0,0.0,,Goalkeeper,26.0,25000000.0
ENG-Premier League,2324.0,Arsenal,ben white,ENG,DF,25.0,1997.0,37,35,2988,33.2,4,4,8,4,0,0,8,0,0.12,0.12,0.24,0.12,0.24,13,8,61.5,0.39,0.24,0.31,0.5,81,87.4,85.0,27,2,7.0,0,2.32,81,26,55,1.66,0.2,0,19,12,11,57,30,28,0,,,,,,,,,,,,,,,,Right-Back,26.0,55000000.0
ENG-Premier League,2324.0,Arsenal,bukayo saka,ENG,FW,21.0,2001.0,35,35,2919,32.4,16,9,25,10,6,6,4,0,0.49,0.28,0.77,0.31,0.59,107,37,34.6,3.3,1.14,0.09,0.27,83,85.4,83.0,17,0,,0,2.29,78,27,51,1.57,-0.4,0,41,69,8,181,16,37,0,,,,,,,,,,,,,,,,Right Winger,22.0,140000000.0
ENG-Premier League,2324.0,Arsenal,cedric soares,POR,"DF,MF",31.0,1991.0,3,0,62,0.7,0,0,0,0,0,0,0,0,0.0,0.0,0.0,0.0,0.0,0,0,,0.0,0.0,,,21,1.8,,0,3,21.0,15,3.0,1,0,1,1.45,-0.18,0,0,1,0,4,0,0,0,,,,,,,,,,,,,,,,Right-Back,32.0,2000000.0
ENG-Premier League,2324.0,Arsenal,david raya,ESP,GK,27.0,1995.0,32,32,2880,32.0,0,0,0,0,0,0,2,0,0.0,0.0,0.0,0.0,0.0,0,0,,0.0,0.0,,,90,84.2,90.0,32,0,,3,2.28,80,24,56,1.75,0.75,0,0,4,0,0,0,1,0,24.0,0.75,69.0,45.0,65.2,23.0,4.0,5.0,14.0,43.8,3.0,2.0,1.0,0.0,33.3,Goalkeeper,28.0,35000000.0
ENG-Premier League,2324.0,Arsenal,declan rice,ENG,MF,24.0,1999.0,38,37,3225,35.8,7,8,15,7,0,0,5,0,0.2,0.22,0.42,0.2,0.42,58,20,34.5,1.62,0.56,0.12,0.35,85,94.3,87.0,29,1,24.0,0,2.34,84,28,56,1.56,-1.21,0,34,14,2,61,44,50,0,,,,,,,,,,,,,,,,Central Midfield,25.0,120000000.0
ENG-Premier League,2324.0,Arsenal,eddie nketiah,ENG,FW,24.0,1999.0,27,10,1082,12.0,5,2,7,5,0,0,3,0,0.42,0.17,0.58,0.42,0.58,38,12,31.6,3.16,1.0,0.13,0.42,40,31.6,78.0,3,17,18.0,11,2.15,24,10,14,1.16,-0.68,0,24,28,8,5,4,7,0,,,,,,,,,,,,,,,,Centre-Forward,25.0,30000000.0
ENG-Premier League,2324.0,Arsenal,emile smith rowe,ENG,MF,23.0,2000.0,13,3,353,3.9,0,1,1,0,0,0,0,0,0.0,0.25,0.25,0.0,0.25,15,7,46.7,3.82,1.78,0.0,0.0,27,10.3,76.0,0,10,13.0,18,2.23,12,3,9,2.29,0.74,0,5,2,0,1,3,1,0,,,,,,,,,,,,,,,,Attacking Midfield,23.0,22000000.0
ENG-Premier League,2324.0,Arsenal,ethan nwaneri,ENG,MF,16.0,2007.0,1,0,14,0.2,0,0,0,0,0,0,0,0,0.0,0.0,0.0,0.0,0.0,0,0,,0.0,0.0,,,14,0.4,,0,1,14.0,1,3.0,0,0,0,0.0,-1.64,0,1,1,0,0,0,0,0,,,,,,,,,,,,,,,,Attacking Midfield,17.0,8000000.0
ENG-Premier League,2324.0,Arsenal,fabio vieira,POR,MF,23.0,2000.0,11,2,297,3.3,1,2,3,0,1,1,0,1,0.3,0.61,0.91,0.0,0.61,7,2,28.6,2.12,0.61,0.0,0.0,27,8.7,62.0,0,9,19.0,13,2.36,11,2,9,2.73,1.2,0,8,10,2,15,2,2,0,,,,,,,,,,,,,,,,Attacking Midfield,24.0,22000000.0
ENG-Premier League,2324.0,Arsenal,gabriel jesus,BRA,FW,26.0,1997.0,27,17,1478,16.4,4,5,9,4,0,0,6,0,0.24,0.3,0.55,0.24,0.55,55,19,34.5,3.35,1.16,0.07,0.21,55,43.2,78.0,4,10,16.0,3,2.19,29,11,18,1.1,-0.94,0,26,32,16,9,13,17,0,,,,,,,,,,,,,,,,Centre-Forward,27.0,65000000.0
ENG-Premier League,2324.0,Arsenal,gabriel magalhaes,BRA,DF,25.0,1997.0,36,34,3044,33.8,4,0,4,4,0,0,4,0,0.12,0.0,0.12,0.12,0.12,31,10,32.3,0.92,0.3,0.13,0.4,85,89.0,89.0,32,2,13.0,2,2.36,78,26,52,1.54,-0.86,0,35,33,0,4,29,29,1,,,,,,,,,,,,,,,,,,
ENG-Premier League,2324.0,Arsenal,gabriel martinelli,BRA,FW,22.0,2001.0,35,24,2019,22.4,6,4,10,6,0,0,1,0,0.27,0.18,0.45,0.27,0.45,58,22,37.9,2.59,0.98,0.1,0.27,58,59.0,74.0,4,11,22.0,0,2.34,52,22,30,1.34,-0.72,0,23,24,10,109,4,23,0,,,,,,,,,,,,,,,,Left Winger,23.0,70000000.0
ENG-Premier League,2324.0,Arsenal,jakub kiwior,POL,DF,23.0,2000.0,20,11,946,10.5,1,3,4,1,0,0,1,0,0.1,0.29,0.38,0.1,0.38,6,3,50.0,0.57,0.29,0.17,0.33,47,27.7,80.0,7,9,7.0,18,2.65,39,8,31,2.95,1.82,0,10,3,0,12,7,13,0,,,,,,,,,,,,,,,,Centre-Back,24.0,30000000.0
ENG-Premier League,2324.0,Arsenal,jorginho,ITA,MF,31.0,1991.0,24,10,921,10.2,0,2,2,0,0,0,1,0,0.0,0.2,0.2,0.0,0.2,4,0,0.0,0.39,0.0,0.0,,38,26.9,78.0,3,14,10.0,13,2.42,25,11,14,1.37,-0.36,0,9,15,0,3,11,10,0,,,,,,,,,,,,,,,,Defensive Midfield,32.0,12000000.0
ENG-Premier League,2324.0,Arsenal,jurrien timber,NED,DF,22.0,2001.0,2,1,71,0.8,0,0,0,0,0,0,2,0,0.0,0.0,0.0,0.0,0.0,0,0,,0.0,0.0,,,36,2.1,49.0,0,1,22.0,0,3.0,3,0,3,3.8,2.22,0,3,0,1,1,0,2,0,,,,,,,,,,,,,,,,Right-Back,23.0,38000000.0
ENG-Premier League,2324.0,Arsenal,kai havertz,GER,"MF,FW",24.0,1999.0,37,30,2634,29.3,13,7,20,12,1,1,11,0,0.44,0.24,0.68,0.41,0.65,69,28,40.6,2.36,0.96,0.17,0.43,71,77.0,83.0,18,7,19.0,0,2.41,77,22,55,1.88,1.08,0,49,44,15,11,18,17,0,,,,,,,,,,,,,,,,Centre-Forward,25.0,70000000.0
ENG-Premier League,2324.0,Arsenal,leandro trossard,BEL,"FW,MF",28.0,1994.0,34,18,1649,18.3,12,1,13,12,0,0,2,0,0.65,0.05,0.71,0.65,0.71,60,22,36.7,3.27,1.2,0.2,0.55,49,48.2,72.0,3,16,22.0,3,2.32,45,11,34,1.86,0.43,0,15,20,9,57,8,14,0,,,,,,,,,,,,,,,,Left Winger,29.0,35000000.0
ENG-Premier League,2324.0,Arsenal,martin degaard,NOR,MF,24.0,1998.0,35,35,3091,34.3,8,10,18,6,2,2,2,0,0.23,0.29,0.52,0.17,0.47,77,23,29.9,2.24,0.67,0.08,0.26,88,90.4,88.0,22,0,,1,2.37,80,23,57,1.66,0.29,0,30,36,3,77,14,18,0,,,,,,,,,,,,,,,,Attacking Midfield,25.0,110000000.0
ENG-Premier League,2324.0,Arsenal,mohamed elneny,EGY,MF,31.0,1992.0,3,0,28,0.3,0,0,0,0,0,0,0,0,0.0,0.0,0.0,0.0,0.0,2,1,50.0,6.43,3.21,0.0,0.0,9,0.8,,0,3,9.0,13,3.0,1,0,1,3.21,1.6,0,1,0,0,0,1,0,0,,,,,,,,,,,,,,,,Defensive Midfield,31.0,3500000.0
ENG-Premier League,2324.0,Arsenal,oleksandr zinchenko,UKR,DF,26.0,1996.0,27,20,1722,19.1,1,2,3,1,0,0,2,0,0.05,0.1,0.16,0.05,0.16,17,3,17.6,0.89,0.16,0.06,0.33,64,50.4,79.0,7,7,21.0,5,2.26,38,15,23,1.2,-0.87,0,7,9,1,30,19,30,0,,,,,,,,,,,,,,,,Left-Back,27.0,38000000.0
ENG-Premier League,2324.0,Arsenal,reiss nelson,ENG,FW,23.0,1999.0,15,1,268,3.0,0,0,0,0,0,0,1,0,0.0,0.0,0.0,0.0,0.0,4,1,25.0,1.34,0.34,0.0,0.0,18,7.8,74.0,0,14,14.0,15,2.27,10,1,9,3.02,1.51,0,5,6,0,14,1,5,0,,,,,,,,,,,,,,,,Left Winger,24.0,15000000.0
ENG-Premier League,2324.0,Arsenal,takehiro tomiyasu,JPN,DF,24.0,1998.0,22,10,1149,12.8,2,1,3,2,0,0,2,1,0.16,0.08,0.23,0.16,0.23,17,3,17.6,1.33,0.23,0.12,0.67,52,33.6,85.0,7,12,25.0,1,2.41,30,10,20,1.57,-0.1,1,14,8,1,14,18,8,0,,,,,,,,,,,,,,,,Centre-Back,25.0,35000000.0
ENG-Premier League,2324.0,Arsenal,thomas partey,GHA,"MF,DF",30.0,1993.0,14,9,788,8.8,0,0,0,0,0,0,3,0,0.0,0.0,0.0,0.0,0.0,8,2,25.0,0.91,0.23,0.0,0.0,56,23.0,79.0,4,5,16.0,3,2.71,20,5,15,1.71,0.11,0,10,6,0,2,10,11,0,,,,,,,,,,,,,,,,Defensive Midfield,31.0,18000000.0
ENG-Premier League,2324.0,Arsenal,william saliba,FRA,DF,22.0,2001.0,38,38,3420,38.0,2,1,3,2,0,0,4,0,0.05,0.03,0.08,0.05,0.08,10,4,40.0,0.26,0.11,0.2,0.5,90,100.0,90.0,38,0,,0,2.34,91,29,62,1.63,,0,22,16,0,3,29,26,0,,,,,,,,,,,,,,,,Centre-Back,23.0,80000000.0
ENG-Premier League,2324.0,Aston Villa,bertrand traore,BFA,"FW,MF",27.0,1995.0,2,0,11,0.1,0,0,0,0,0,0,0,0,0.0,0.0,0.0,0.0,0.0,0,0,,0.0,0.0,,,6,0.3,,0,2,6.0,6,3.0,0,0,0,0.0,-0.4,0,0,0,0,0,0,1,0,,,,,,,,,,,,,,,,Right Winger,28.0,9000000.0
ENG-Premier League,2324.0,Aston Villa,boubacar kamara,FRA,MF,23.0,1999.0,20,20,1652,18.4,0,1,1,0,0,0,7,1,0.0,0.05,0.05,0.0,0.05,5,1,20.0,0.27,0.05,0.0,0.0,83,48.3,83.0,10,0,,0,2.05,36,22,14,0.76,0.71,0,35,29,0,2,20,30,0,,,,,,,,,,,,,,,,Defensive Midfield,24.0,38000000.0
ENG-Premier League,2324.0,Aston Villa,calum chambers,ENG,MF,28.0,1995.0,5,1,152,1.7,0,1,1,0,0,0,1,0,0.0,0.59,0.59,0.0,0.59,0,0,,0.0,0.0,,,30,4.4,67.0,0,4,21.0,26,0.8,3,6,-3,-1.78,-2.27,0,3,1,0,0,2,0,0,,,,,,,,,,,,,,,,Centre-Back,29.0,4000000.0
ENG-Premier League,2324.0,Aston Villa,cameron archer,ENG,"FW,MF",22.0,2001.0,1,0,6,0.1,0,0,0,0,0,0,1,0,0.0,0.0,0.0,0.0,0.0,0,0,,0.0,0.0,,,6,0.2,,0,1,6.0,1,3.0,0,0,0,0.0,-0.4,0,1,0,0,0,0,0,0,,,,,,,,,,,,,,,,Centre-Forward,22.0,13000000.0
ENG-Premier League,2324.0,Aston Villa,clement lenglet,FRA,DF,28.0,1995.0,14,14,1153,12.8,0,1,1,0,0,0,3,0,0.0,0.08,0.08,0.0,0.08,7,2,28.6,0.55,0.16,0.0,0.0,82,33.7,82.0,11,0,,20,1.29,22,27,-5,-0.39,-1.18,0,3,12,0,3,8,9,0,,,,,,,,,,,,,,,,Centre-Back,29.0,10000000.0
ENG-Premier League,2324.0,Aston Villa,diego carlos,BRA,DF,30.0,1993.0,27,20,1816,20.2,0,0,0,0,0,0,4,0,0.0,0.0,0.0,0.0,0.0,10,1,10.0,0.5,0.05,0.0,0.0,67,53.1,86.0,18,7,15.0,5,1.56,35,36,-1,-0.05,-0.95,0,26,4,1,1,12,16,0,,,,,,,,,,,,,,,,Centre-Back,31.0,16000000.0
ENG-Premier League,2324.0,Aston Villa,douglas luiz,BRA,MF,25.0,1998.0,35,35,2993,33.3,9,5,14,5,4,4,12,0,0.27,0.15,0.42,0.15,0.3,48,17,35.4,1.44,0.51,0.1,0.29,86,87.5,86.0,26,0,,0,1.69,65,57,8,0.24,-1.23,0,51,41,0,116,22,37,0,,,,,,,,,,,,,,,,Central Midfield,26.0,70000000.0
ENG-Premier League,2324.0,Aston Villa,emiliano martinez,ARG,GK,30.0,1992.0,34,34,3015,33.5,0,0,0,0,0,0,4,0,0.0,0.0,0.0,0.0,0.0,0,0,,0.0,0.0,,,89,88.2,89.0,33,0,,0,1.91,72,48,24,0.72,2.72,0,1,7,0,0,0,0,2,48.0,1.43,143.0,95.0,66.4,19.0,8.0,7.0,7.0,20.6,1.0,1.0,0.0,0.0,0.0,Goalkeeper,31.0,28000000.0
ENG-Premier League,2324.0,Aston Villa,ezri konsa,ENG,DF,25.0,1997.0,35,35,3069,34.1,1,0,1,1,0,0,5,0,0.03,0.0,0.03,0.03,0.03,19,5,26.3,0.56,0.15,0.05,0.2,88,89.7,88.0,30,0,,0,1.77,68,54,14,0.41,0.15,0,15,64,0,18,26,33,0,,,,,,,,,,,,,,,,Centre-Back,26.0,35000000.0
ENG-Premier League,2324.0,Aston Villa,finley munroe,ENG,DF,18.0,2005.0,1,0,4,0.0,0,0,0,0,0,0,0,0,0.0,0.0,0.0,0.0,0.0,0,0,,0.0,0.0,,,4,0.1,,0,1,4.0,2,0.0,0,0,0,0.0,-0.4,0,0,0,0,0,0,0,0,,,,,,,,,,,,,,,,Left-Back,19.0,100000.0
ENG-Premier League,2324.0,Aston Villa,jacob ramsey,ENG,MF,22.0,2001.0,16,8,853,9.5,1,1,2,1,0,0,2,0,0.11,0.11,0.21,0.11,0.21,19,5,26.3,2.0,0.53,0.05,0.2,53,24.9,80.0,5,8,26.0,0,2.19,22,12,10,1.06,0.88,0,7,12,0,11,3,8,0,,,,,,,,,,,,,,,,Central Midfield,23.0,35000000.0
ENG-Premier League,2324.0,Aston Villa,jaden philogene bidace,ENG,"FW,MF",21.0,2002.0,1,0,4,0.0,0,0,0,0,0,0,0,0,0.0,0.0,0.0,0.0,0.0,0,0,,0.0,0.0,,,4,0.1,,0,1,4.0,0,0.0,0,1,-1,-22.5,-22.92,0,0,0,0,0,0,0,0,,,,,,,,,,,,,,,,,,
ENG-Premier League,2324.0,Aston Villa,john mcginn,SCO,MF,28.0,1994.0,35,35,2999,33.3,6,4,10,6,0,0,9,1,0.18,0.12,0.3,0.18,0.3,40,16,40.0,1.2,0.48,0.15,0.38,86,87.7,86.0,24,0,,0,1.83,68,52,16,0.48,0.69,0,39,69,2,77,20,34,0,,,,,,,,,,,,,,,,Central Midfield,29.0,30000000.0
ENG-Premier League,2324.0,Aston Villa,jader duran,COL,FW,19.0,2003.0,23,3,475,5.3,5,0,5,5,0,0,5,0,0.95,0.0,0.95,0.95,0.95,20,7,35.0,3.79,1.33,0.25,0.71,21,13.9,68.0,1,20,14.0,5,1.74,15,12,3,0.57,0.2,0,12,8,4,6,1,5,0,,,,,,,,,,,,,,,,,,
ENG-Premier League,2324.0,Aston Villa,kaine kesler hayden,ENG,"DF,MF",20.0,2002.0,3,0,6,0.1,0,0,0,0,0,0,0,0,0.0,0.0,0.0,0.0,0.0,0,0,,0.0,0.0,,,2,0.2,,0,3,2.0,14,2.0,0,0,0,0.0,-0.4,0,0,0,0,0,0,0,0,,,,,,,,,,,,,,,,Right-Back,21.0,2200000.0
ENG-Premier League,2324.0,Aston Villa,leander dendoncker,BEL,MF,28.0,1995.0,8,1,119,1.3,1,0,1,1,0,0,0,0,0.76,0.0,0.76,0.76,0.76,2,1,50.0,1.51,0.76,0.5,1.0,15,3.5,85.0,0,7,5.0,10,2.25,3,3,0,0.0,-0.41,0,1,1,0,0,2,4,0,,,,,,,,,,,,,,,,Defensive Midfield,29.0,7000000.0
ENG-Premier League,2324.0,Aston Villa,leon bailey,JAM,MF,25.0,1997.0,35,22,2068,23.0,10,9,19,10,0,0,5,0,0.44,0.39,0.83,0.44,0.83,53,18,34.0,2.31,0.78,0.19,0.56,59,60.5,76.0,3,13,31.0,1,1.77,53,32,21,0.91,1.31,0,26,26,11,77,9,8,0,,,,,,,,,,,,,,,,Right Winger,26.0,42000000.0
ENG-Premier League,2324.0,Aston Villa,lucas digne,FRA,DF,30.0,1993.0,33,27,2410,26.8,1,3,4,1,0,0,7,0,0.04,0.11,0.15,0.04,0.15,20,4,20.0,0.75,0.15,0.05,0.25,73,70.5,85.0,18,6,19.0,0,1.76,54,41,13,0.49,0.31,0,30,29,2,151,25,21,0,,,,,,,,,,,,,,,,Left-Back,30.0,12000000.0
ENG-Premier League,2324.0,Aston Villa,matty cash,POL,"DF,MF",25.0,1997.0,29,23,2142,23.8,2,2,4,2,0,0,8,0,0.08,0.08,0.17,0.08,0.17,33,13,39.4,1.39,0.55,0.06,0.15,74,62.6,84.0,16,6,34.0,2,1.86,49,36,13,0.55,0.41,0,30,22,0,38,18,30,1,,,,,,,,,,,,,,,,Right-Back,26.0,28000000.0
ENG-Premier League,2324.0,Aston Villa,morgan rogers,ENG,MF,21.0,2002.0,11,8,638,7.1,3,1,4,3,0,0,3,0,0.42,0.14,0.56,0.42,0.56,11,5,45.5,1.55,0.71,0.27,0.6,58,18.7,72.0,4,3,20.0,3,1.91,12,13,-1,-0.14,-0.66,0,12,9,0,2,3,1,0,,,,,,,,,,,,,,,,Attacking Midfield,21.0,15000000.0
ENG-Premier League,2324.0,Aston Villa,moussa diaby,FRA,"MF,FW",24.0,1999.0,38,25,2174,24.2,6,8,14,6,0,0,1,0,0.25,0.33,0.58,0.25,0.58,54,23,42.6,2.24,0.95,0.11,0.26,57,63.6,75.0,4,13,23.0,0,1.79,41,40,1,0.04,-0.97,0,16,15,6,45,9,5,0,,,,,,,,,,,,,,,,Right Winger,24.0,55000000.0
ENG-Premier League,2324.0,Aston Villa,nicolo zaniolo,ITA,"MF,FW",24.0,1999.0,25,9,839,9.3,2,0,2,2,0,0,7,0,0.21,0.0,0.21,0.21,0.21,27,10,37.0,2.9,1.07,0.07,0.2,34,24.5,61.0,0,16,18.0,5,1.6,17,13,4,0.43,0.05,0,24,21,0,18,1,9,0,,,,,,,,,,,,,,,,Second Striker,24.0,20000000.0
ENG-Premier League,2324.0,Aston Villa,ollie watkins,ENG,FW,27.0,1995.0,37,37,3217,35.7,19,13,32,19,0,0,4,0,0.53,0.36,0.9,0.53,0.9,106,46,43.4,2.97,1.29,0.18,0.41,87,94.1,87.0,27,0,,0,1.84,71,56,15,0.42,0.42,0,22,41,17,14,4,7,0,,,,,,,,,,,,,,,,Centre-Forward,28.0,65000000.0
ENG-Premier League,2324.0,Aston Villa,omari kellyman,ENG,"FW,MF",17.0,2005.0,2,0,37,0.4,0,0,0,0,0,0,0,0,0.0,0.0,0.0,0.0,0.0,1,0,0.0,2.43,0.0,0.0,,19,1.1,,0,2,19.0,10,0.0,0,1,-1,-2.43,-2.86,0,0,0,0,0,0,0,0,,,,,,,,,,,,,,,,Attacking Midfield,18.0,1000000.0
ENG-Premier League,2324.0,Aston Villa,pau torres,ESP,DF,26.0,1997.0,29,27,2464,27.4,2,0,2,2,0,0,1,0,0.07,0.0,0.07,0.07,0.07,12,5,41.7,0.44,0.18,0.17,0.4,85,72.0,88.0,25,2,45.0,5,2.07,57,37,20,0.73,1.2,0,17,10,2,8,11,16,0,,,,,,,,,,,,,,,,Centre-Back,27.0,45000000.0
ENG-Premier League,2324.0,Aston Villa,philippe coutinho,BRA,"FW,MF",31.0,1992.0,2,0,25,0.3,0,0,0,0,0,0,0,0,0.0,0.0,0.0,0.0,0.0,3,1,33.3,10.8,3.6,0.0,0.0,13,0.7,,0,2,13.0,0,1.5,1,1,0,0.0,-0.4,0,0,1,0,0,0,0,0,,,,,,,,,,,,,,,,Attacking Midfield,32.0,7500000.0
ENG-Premier League,2324.0,Aston Villa,robin olsen,SWE,GK,33.0,1990.0,5,4,405,4.5,0,0,0,0,0,0,0,0,0.0,0.0,0.0,0.0,0.0,0,0,,0.0,0.0,,,81,11.8,90.0,4,1,45.0,26,0.8,4,13,-9,-2.0,-2.72,0,0,2,0,0,0,0,0,13.0,2.89,33.0,20.0,60.6,1.0,0.0,3.0,0.0,0.0,1.0,0.0,1.0,0.0,100.0,Goalkeeper,34.0,1500000.0
ENG-Premier League,2324.0,Aston Villa,tim iroegbunam,ENG,MF,20.0,2003.0,9,1,164,1.8,0,0,0,0,0,0,0,0,0.0,0.0,0.0,0.0,0.0,0,0,,0.0,0.0,,,18,4.8,62.0,0,8,13.0,16,1.44,2,7,-5,-2.74,-3.3,0,9,3,0,0,3,4,0,,,,,,,,,,,,,,,,Central Midfield,21.0,4000000.0
ENG-Premier League,2324.0,Aston Villa,tyrone mings,ENG,DF,30.0,1993.0,1,1,30,0.3,0,0,0,0,0,0,0,0,0.0,0.0,0.0,0.0,0.0,1,0,0.0,3.0,0.0,0.0,,30,0.9,30.0,0,0,,0,0.0,1,2,-1,-3.0,-3.42,0,0,0,0,0,1,0,0,,,,,,,,,,,,,,,,Centre-Back,31.0,13000000.0
ENG-Premier League,2324.0,Aston Villa,youri tielemans,BEL,"MF,FW",26.0,1997.0,32,17,1622,18.0,2,6,8,2,0,0,3,0,0.11,0.33,0.44,0.11,0.44,14,6,42.9,0.78,0.33,0.14,0.33,51,47.4,77.0,6,15,21.0,0,1.91,40,27,13,0.72,0.62,0,22,29,0,31,14,21,0,,,,,,,,,,,,,,,,Central Midfield,27.0,25000000.0
ENG-Premier League,2324.0,Aston Villa,alex moreno,ESP,DF,30.0,1993.0,21,11,1031,11.5,2,0,2,2,0,0,2,0,0.17,0.0,0.17,0.17,0.17,8,4,50.0,0.7,0.35,0.25,0.5,49,30.1,80.0,5,10,16.0,4,1.67,24,20,4,0.35,-0.07,0,11,16,2,37,11,12,1,,,,,,,,,,,,,,,,Left-Back,31.0,13000000.0
ENG-Premier League,2324.0,Bournemouth,adam smith,ENG,DF,32.0,1991.0,28,25,2150,23.9,0,2,2,0,0,0,6,0,0.0,0.08,0.08,0.0,0.08,2,0,0.0,0.08,0.0,0.0,,77,62.9,85.0,15,3,12.0,6,1.61,39,33,6,0.25,1.6,0,30,22,1,39,21,23,0,,,,,,,,,,,,,,,,Right-Back,33.0,1000000.0
ENG-Premier League,2324.0,Bournemouth,alex scott,ENG,MF,19.0,2003.0,23,11,1014,11.3,1,1,2,1,0,0,3,0,0.09,0.09,0.18,0.09,0.18,15,4,26.7,1.33,0.36,0.07,0.25,44,29.6,66.0,2,12,24.0,2,1.22,17,25,-8,-0.71,-0.52,0,19,25,1,36,11,16,0,,,,,,,,,,,,,,,,Central Midfield,20.0,20000000.0
ENG-Premier League,2324.0,Bournemouth,antoine semenyo,GHA,MF,23.0,2000.0,33,25,2105,23.4,8,2,10,8,0,0,6,0,0.34,0.09,0.43,0.34,0.43,70,31,44.3,2.99,1.33,0.11,0.26,64,61.5,76.0,10,8,25.0,3,1.39,41,33,8,0.34,1.78,0,43,25,3,46,5,17,0,,,,,,,,,,,,,,,,Right Winger,24.0,10000000.0
ENG-Premier League,2324.0,Bournemouth,chris mepham,WAL,DF,25.0,1997.0,10,6,617,6.9,0,1,1,0,0,0,2,0,0.0,0.15,0.15,0.0,0.15,1,1,100.0,0.15,0.15,0.0,0.0,62,18.0,83.0,5,4,31.0,14,1.6,13,16,-3,-0.44,-0.12,0,15,2,0,1,5,11,0,,,,,,,,,,,,,,,,Centre-Back,26.0,6000000.0
ENG-Premier League,2324.0,Bournemouth,dango ouattara,BFA,"DF,MF",21.0,2002.0,30,12,1229,13.7,1,2,3,1,0,0,3,0,0.07,0.15,0.22,0.07,0.22,30,7,23.3,2.2,0.51,0.03,0.14,41,35.9,74.0,4,18,19.0,2,1.4,20,24,-4,-0.29,0.08,0,15,17,4,37,21,26,0,,,,,,,,,,,,,,,,Right Winger,22.0,20000000.0
ENG-Premier League,2324.0,Bournemouth,david brooks,WAL,MF,26.0,1997.0,13,2,282,3.1,1,1,2,1,0,0,1,0,0.32,0.32,0.64,0.32,0.64,13,5,38.5,4.15,1.6,0.08,0.2,22,8.2,65.0,0,11,14.0,7,0.92,5,7,-2,-0.64,-0.32,0,6,1,1,15,2,4,0,,,,,,,,,,,,,,,,Right Winger,26.0,8000000.0
ENG-Premier League,2324.0,Bournemouth,dominic sadi,ENG,MF,19.0,2003.0,1,0,1,0.0,0,0,0,0,0,0,0,0,0.0,0.0,0.0,0.0,0.0,0,0,,0.0,0.0,,,1,0.0,,0,1,1.0,4,3.0,0,0,0,0.0,0.34,0,0,0,0,0,0,0,0,,,,,,,,,,,,,,,,Right Winger,20.0,100000.0
ENG-Premier League,2324.0,Bournemouth,dominic solanke,ENG,FW,25.0,1997.0,38,37,3325,36.9,19,3,22,17,2,3,3,0,0.51,0.08,0.6,0.46,0.54,109,38,34.9,2.95,1.03,0.16,0.45,88,97.2,89.0,28,1,32.0,0,1.26,51,61,-10,-0.27,2.57,0,41,45,16,6,7,9,0,,,,,,,,,,,,,,,,Centre-Forward,26.0,40000000.0
ENG-Premier League,2324.0,Bournemouth,enes unal,TUR,FW,26.0,1997.0,16,2,328,3.6,2,2,4,2,0,0,1,0,0.55,0.55,1.1,0.55,1.1,23,11,47.8,6.31,3.02,0.09,0.18,21,9.6,67.0,0,14,14.0,0,1.31,11,9,2,0.55,0.99,0,10,9,6,3,1,4,0,,,,,,,,,,,,,,,,Centre-Forward,27.0,18000000.0
ENG-Premier League,2324.0,Bournemouth,hamed junior traore,CIV,MF,23.0,2000.0,3,0,47,0.5,0,0,0,0,0,0,0,0,0.0,0.0,0.0,0.0,0.0,3,2,66.7,5.74,3.83,0.0,0.0,16,1.4,,0,3,16.0,7,0.0,0,1,-1,-1.91,-1.59,0,0,0,0,3,0,0,0,,,,,,,,,,,,,,,,,,
ENG-Premier League,2324.0,Bournemouth,illia zabarnyi,UKR,DF,20.0,2002.0,37,37,3330,37.0,1,0,1,1,0,0,5,0,0.03,0.0,0.03,0.03,0.03,8,3,37.5,0.22,0.08,0.13,0.33,90,97.4,90.0,37,0,,0,1.22,51,67,-16,-0.43,-3.43,0,24,24,0,1,31,31,0,,,,,,,,,,,,,,,,,,
ENG-Premier League,2324.0,Bournemouth,ionut radu,ROU,GK,26.0,1997.0,2,2,180,2.0,0,0,0,0,0,0,0,0,0.0,0.0,0.0,0.0,0.0,0,0,,0.0,0.0,,,90,5.3,90.0,2,0,,11,1.5,3,7,-4,-2.0,-1.75,0,0,0,0,0,0,0,0,7.0,3.5,12.0,5.0,41.7,1.0,0.0,1.0,0.0,0.0,0.0,0.0,0.0,0.0,,Goalkeeper,27.0,3000000.0
ENG-Premier League,2324.0,Bournemouth,jaidon anthony,ENG,MF,23.0,1999.0,3,2,152,1.7,0,0,0,0,0,0,1,0,0.0,0.0,0.0,0.0,0.0,2,1,50.0,1.18,0.59,0.0,0.0,51,4.4,61.0,0,1,31.0,0,0.33,1,5,-4,-2.37,-2.12,0,4,2,2,2,0,1,0,,,,,,,,,,,,,,,,Left Winger,24.0,6000000.0
ENG-Premier League,2324.0,Bournemouth,james hill,ENG,DF,21.0,2002.0,5,1,76,0.8,0,0,0,0,0,0,0,0,0.0,0.0,0.0,0.0,0.0,0,0,,0.0,0.0,,,15,2.2,54.0,0,4,6.0,10,2.0,1,1,0,0.0,0.35,0,1,0,0,0,3,2,0,,,,,,,,,,,,,,,,Centre-Back,22.0,2000000.0
ENG-Premier League,2324.0,Bournemouth,joe rothwell,ENG,MF,28.0,1995.0,11,3,386,4.3,0,0,0,0,0,0,0,0,0.0,0.0,0.0,0.0,0.0,2,0,0.0,0.47,0.0,0.0,,35,11.3,70.0,1,8,22.0,8,1.18,4,12,-8,-1.87,-1.72,0,4,2,0,13,2,2,0,,,,,,,,,,,,,,,,Central Midfield,29.0,2500000.0
ENG-Premier League,2324.0,Bournemouth,justin kluivert,NED,MF,24.0,1999.0,32,26,1916,21.3,7,1,8,7,0,0,5,0,0.33,0.05,0.38,0.33,0.38,56,20,35.7,2.63,0.94,0.13,0.35,60,56.0,68.0,0,6,24.0,6,1.22,29,23,6,0.28,1.42,0,52,28,5,28,7,17,0,,,,,,,,,,,,,,,,Attacking Midfield,25.0,14000000.0
ENG-Premier League,2324.0,Bournemouth,kieffer moore,WAL,"DF,FW",30.0,1992.0,8,0,108,1.2,1,0,1,1,0,0,0,0,0.83,0.0,0.83,0.83,0.83,6,2,33.3,5.0,1.67,0.17,0.5,14,3.2,,0,8,14.0,8,0.88,3,2,1,0.83,1.21,0,5,2,0,2,0,0,0,,,,,,,,,,,,,,,,Centre-Forward,31.0,2000000.0
ENG-Premier League,2324.0,Bournemouth,lewis cook,ENG,MF,26.0,1997.0,33,32,2786,31.0,0,3,3,0,0,0,5,1,0.0,0.1,0.1,0.0,0.1,12,4,33.3,0.39,0.13,0.0,0.0,84,81.5,86.0,26,1,45.0,0,1.24,43,50,-7,-0.23,0.63,0,39,16,2,133,67,42,0,,,,,,,,,,,,,,,,Central Midfield,27.0,12000000.0
ENG-Premier League,2324.0,Bournemouth,lloyd kelly,ENG,DF,24.0,1998.0,23,17,1559,17.3,0,1,1,0,0,0,2,0,0.0,0.06,0.06,0.0,0.06,4,1,25.0,0.23,0.06,0.0,0.0,68,45.6,83.0,12,6,25.0,0,1.13,22,32,-10,-0.58,-0.43,0,17,13,0,21,13,20,0,,,,,,,,,,,,,,,,Centre-Back,25.0,18000000.0
ENG-Premier League,2324.0,Bournemouth,luis sinisterra,COL,MF,24.0,1999.0,20,7,699,7.8,2,2,4,2,0,0,0,0,0.26,0.26,0.52,0.26,0.52,27,9,33.3,3.48,1.16,0.07,0.22,35,20.4,59.0,0,13,22.0,4,1.35,12,18,-6,-0.77,-0.54,0,12,6,4,11,8,12,0,,,,,,,,,,,,,,,,Left Winger,25.0,17000000.0
ENG-Premier League,2324.0,Bournemouth,marcos senesi,ARG,DF,26.0,1997.0,31,26,2242,24.9,4,5,9,4,0,0,13,0,0.16,0.2,0.36,0.16,0.36,13,4,30.8,0.52,0.16,0.31,1.0,72,65.6,83.0,17,5,16.0,1,1.13,37,44,-7,-0.28,0.18,0,41,11,0,25,33,35,0,,,,,,,,,,,,,,,,Centre-Back,27.0,22000000.0
ENG-Premier League,2324.0,Bournemouth,marcus tavernier,ENG,MF,24.0,1999.0,30,25,2118,23.5,3,4,7,3,0,0,3,0,0.13,0.17,0.3,0.13,0.3,53,16,30.2,2.25,0.68,0.06,0.19,71,61.9,78.0,7,5,33.0,0,1.33,37,38,-1,-0.04,0.79,0,21,22,3,116,4,33,0,,,,,,,,,,,,,,,,Attacking Midfield,25.0,20000000.0
ENG-Premier League,2324.0,Bournemouth,mark travers,IRL,GK,24.0,1999.0,4,4,360,4.0,0,0,0,0,0,0,0,0,0.0,0.0,0.0,0.0,0.0,0,0,,0.0,0.0,,,90,10.5,90.0,4,0,,25,1.5,5,5,0,0.0,0.38,0,1,1,0,0,0,0,0,5.0,1.25,18.0,13.0,72.2,2.0,0.0,2.0,1.0,25.0,1.0,1.0,0.0,0.0,0.0,Goalkeeper,25.0,3500000.0
ENG-Premier League,2324.0,Bournemouth,max aarons,ENG,DF,23.0,2000.0,20,13,1237,13.7,0,1,1,0,0,0,1,0,0.0,0.07,0.07,0.0,0.07,2,0,0.0,0.15,0.0,0.0,,62,36.2,85.0,9,7,19.0,5,0.8,12,35,-23,-1.67,-2.09,0,12,26,2,14,8,19,0,,,,,,,,,,,,,,,,Right-Back,24.0,16000000.0
ENG-Premier League,2324.0,Bournemouth,milos kerkez,HUN,DF,19.0,2003.0,28,22,1970,21.9,0,1,1,0,0,0,4,1,0.0,0.05,0.05,0.0,0.05,16,5,31.3,0.73,0.23,0.0,0.0,70,57.6,83.0,11,6,25.0,3,1.14,25,37,-12,-0.55,-0.49,0,24,21,1,57,16,25,1,,,,,,,,,,,,,,,,Left-Back,20.0,20000000.0
ENG-Premier League,2324.0,Bournemouth,neto,BRA,GK,34.0,1989.0,32,32,2880,32.0,0,0,0,0,0,0,5,0,0.0,0.0,0.0,0.0,0.0,0,0,,0.0,0.0,,,90,84.2,90.0,32,0,,4,1.22,46,55,-9,-0.28,0.39,0,1,0,0,0,1,0,0,55.0,1.72,167.0,112.0,67.1,10.0,9.0,13.0,7.0,21.9,6.0,5.0,1.0,0.0,16.7,Goalkeeper,34.0,2500000.0
ENG-Premier League,2324.0,Bournemouth,philip billing,DEN,MF,27.0,1996.0,29,13,1398,15.5,2,2,4,2,0,0,3,1,0.13,0.13,0.26,0.13,0.26,30,8,26.7,1.93,0.52,0.07,0.25,48,40.9,83.0,6,16,20.0,4,1.24,18,36,-18,-1.16,-1.38,0,19,12,0,28,18,19,0,,,,,,,,,,,,,,,,Central Midfield,28.0,22000000.0
ENG-Premier League,2324.0,Bournemouth,romain faivre,FRA,MF,25.0,1998.0,5,0,41,0.5,0,0,0,0,0,0,1,0,0.0,0.0,0.0,0.0,0.0,2,0,0.0,4.39,0.0,0.0,,8,1.2,,0,5,8.0,8,0.4,0,1,-1,-2.2,-1.88,0,2,4,0,3,0,1,0,,,,,,,,,,,,,,,,Attacking Midfield,25.0,15000000.0
ENG-Premier League,2324.0,Bournemouth,ryan christie,SCO,MF,28.0,1995.0,37,35,2907,32.3,0,5,5,0,0,0,6,0,0.0,0.15,0.15,0.0,0.15,43,13,30.2,1.33,0.4,0.0,0.0,79,85.0,81.0,18,2,29.0,0,1.22,44,55,-11,-0.34,0.01,0,47,38,5,73,51,43,0,,,,,,,,,,,,,,,,Central Midfield,29.0,12000000.0
ENG-Premier League,2324.0,Bournemouth,tyler adams,USA,MF,24.0,1999.0,3,1,121,1.3,0,0,0,0,0,0,0,0,0.0,0.0,0.0,0.0,0.0,0,0,,0.0,0.0,,,40,3.5,90.0,1,2,16.0,2,2.0,4,3,1,0.74,1.13,0,0,3,0,1,4,3,0,,,,,,,,,,,,,,,,Defensive Midfield,25.0,15000000.0
ENG-Premier League,2324.0,Brentford,aaron hickey,SCO,"DF,MF",21.0,2002.0,9,9,713,7.9,0,0,0,0,0,0,5,0,0.0,0.0,0.0,0.0,0.0,7,1,14.3,0.88,0.13,0.0,0.0,79,20.8,79.0,2,0,,0,1.11,10,12,-2,-0.25,-0.02,0,10,16,0,5,3,10,0,,,,,,,,,,,,,,,,Right-Back,22.0,28000000.0
ENG-Premier League,2324.0,Brentford,ben mee,ENG,DF,33.0,1989.0,16,15,1272,14.1,2,0,2,2,0,0,1,1,0.14,0.0,0.14,0.14,0.14,10,2,20.0,0.71,0.14,0.2,1.0,80,37.2,85.0,11,1,1.0,2,0.81,16,26,-10,-0.71,-0.75,0,7,3,2,5,13,14,0,,,,,,,,,,,,,,,,Centre-Back,34.0,1000000.0
ENG-Premier League,2324.0,Brentford,bryan mbeumo,CMR,FW,23.0,1999.0,25,22,1960,21.8,9,6,15,6,3,3,2,0,0.41,0.28,0.69,0.28,0.55,53,20,37.7,2.43,0.92,0.11,0.3,78,57.3,87.0,18,3,17.0,0,1.28,37,31,6,0.28,1.2,0,22,42,4,93,7,9,0,,,,,,,,,,,,,,,,Right Winger,24.0,40000000.0
ENG-Premier League,2324.0,Brentford,christian nrgaard,DEN,MF,29.0,1994.0,31,30,2505,27.8,2,1,3,2,0,0,8,0,0.07,0.04,0.11,0.07,0.11,35,7,20.0,1.26,0.25,0.06,0.29,81,73.2,83.0,20,1,20.0,0,0.97,36,51,-15,-0.54,-1.13,0,41,32,1,22,53,50,0,,,,,,,,,,,,,,,,Defensive Midfield,30.0,18000000.0
ENG-Premier League,2324.0,Brentford,ethan pinnock,JAM,DF,30.0,1993.0,29,28,2521,28.0,2,0,2,2,0,0,1,0,0.07,0.0,0.07,0.07,0.07,19,4,21.1,0.68,0.14,0.11,0.5,87,73.7,90.0,28,1,1.0,0,1.21,44,46,-2,-0.07,0.63,0,5,11,0,7,43,23,0,,,,,,,,,,,,,,,,Centre-Back,31.0,12000000.0
ENG-Premier League,2324.0,Brentford,frank onyeka,NGA,MF,25.0,1998.0,26,11,1161,12.9,1,2,3,1,0,0,8,0,0.08,0.16,0.23,0.08,0.23,22,9,40.9,1.71,0.7,0.05,0.11,45,33.9,78.0,3,15,20.0,4,0.85,17,27,-10,-0.78,-0.82,0,24,31,4,16,23,20,0,,,,,,,,,,,,,,,,Central Midfield,26.0,9000000.0
ENG-Premier League,2324.0,Brentford,ivan toney,ENG,FW,27.0,1996.0,17,16,1450,16.1,4,2,6,4,0,0,5,0,0.25,0.12,0.37,0.25,0.37,51,22,43.1,3.17,1.37,0.08,0.18,85,42.4,90.0,16,1,10.0,1,0.82,20,30,-10,-0.62,-0.67,0,24,29,7,22,10,4,0,,,,,,,,,,,,,,,,Centre-Forward,28.0,50000000.0
ENG-Premier League,2324.0,Brentford,josh dasilva,ENG,MF,24.0,1998.0,3,0,24,0.3,0,0,0,0,0,0,0,0,0.0,0.0,0.0,0.0,0.0,0,0,,0.0,0.0,,,8,0.7,,0,3,8.0,1,2.0,0,0,0,0.0,0.24,0,2,0,0,6,0,1,0,,,,,,,,,,,,,,,,Central Midfield,25.0,10000000.0
ENG-Premier League,2324.0,Brentford,keane lewis potter,ENG,"FW,MF",22.0,2001.0,30,15,1441,16.0,3,1,4,3,0,0,0,0,0.19,0.06,0.25,0.19,0.25,43,22,51.2,2.69,1.37,0.07,0.14,48,42.1,78.0,2,15,18.0,3,0.93,24,29,-5,-0.31,-0.13,0,8,18,3,50,7,7,0,,,,,,,,,,,,,,,,Left Midfield,23.0,15000000.0
ENG-Premier League,2324.0,Brentford,kevin schade,GER,FW,21.0,2001.0,11,3,333,3.7,2,1,3,2,0,0,0,0,0.54,0.27,0.81,0.54,0.81,8,4,50.0,2.16,1.08,0.25,0.5,30,9.7,73.0,0,8,14.0,0,1.45,8,5,3,0.81,1.16,0,10,6,2,5,1,2,0,,,,,,,,,,,,,,,,Left Winger,22.0,22000000.0
ENG-Premier League,2324.0,Brentford,kristoffer ajer,NOR,DF,25.0,1998.0,28,21,1832,20.4,2,1,3,2,0,0,5,0,0.1,0.05,0.15,0.1,0.15,12,4,33.3,0.59,0.2,0.17,0.5,65,53.6,84.0,13,7,11.0,1,1.14,28,33,-5,-0.25,-0.02,0,25,10,1,22,21,23,0,,,,,,,,,,,,,,,,Centre-Back,26.0,15000000.0
ENG-Premier League,2324.0,Brentford,mads roerslev,DEN,"MF,DF",24.0,1999.0,34,22,1985,22.1,1,2,3,1,0,0,1,0,0.05,0.09,0.14,0.05,0.14,7,1,14.3,0.32,0.05,0.14,1.0,58,58.0,79.0,8,12,20.0,3,1.09,32,40,-8,-0.36,-0.3,0,10,15,3,61,20,31,0,,,,,,,,,,,,,,,,Right-Back,25.0,10000000.0
ENG-Premier League,2324.0,Brentford,mark flekken,NED,GK,30.0,1993.0,37,37,3285,36.5,0,1,1,0,0,0,3,0,0.0,0.03,0.03,0.0,0.03,0,0,,0.0,0.0,,,89,96.1,89.0,36,0,,0,1.05,53,63,-10,-0.27,-0.94,0,2,4,0,0,0,1,0,63.0,1.73,178.0,115.0,64.6,10.0,9.0,18.0,7.0,18.9,2.0,2.0,0.0,0.0,0.0,Goalkeeper,31.0,12000000.0
ENG-Premier League,2324.0,Brentford,mathias jensen,DEN,MF,27.0,1996.0,32,27,2204,24.5,3,3,6,3,0,0,5,0,0.12,0.12,0.25,0.12,0.25,14,7,50.0,0.57,0.29,0.21,0.43,69,64.4,77.0,5,5,27.0,0,1.09,37,45,-8,-0.33,-0.25,0,28,20,1,111,21,33,0,,,,,,,,,,,,,,,,Central Midfield,28.0,28000000.0
ENG-Premier League,2324.0,Brentford,mathias jrgensen,DEN,DF,33.0,1990.0,14,12,1087,12.1,1,0,1,1,0,0,4,0,0.08,0.0,0.08,0.08,0.08,8,2,25.0,0.66,0.17,0.13,0.5,78,31.8,90.0,11,2,4.0,23,0.57,16,24,-8,-0.66,-0.62,0,11,6,3,9,11,12,0,,,,,,,,,,,,,,,,,,
ENG-Premier League,2324.0,Brentford,michael olakigbe,ENG,MF,19.0,2004.0,8,0,59,0.7,0,0,0,0,0,0,0,0,0.0,0.0,0.0,0.0,0.0,3,1,33.3,4.58,1.53,0.0,0.0,7,1.7,,0,8,7.0,9,0.63,1,0,1,1.53,1.79,0,2,2,1,7,1,0,0,,,,,,,,,,,,,,,,Right Winger,20.0,600000.0
ENG-Premier League,2324.0,Brentford,mikkel damsgaard,DEN,MF,23.0,2000.0,23,7,842,9.4,0,2,2,0,0,0,2,0,0.0,0.21,0.21,0.0,0.21,9,4,44.4,0.96,0.43,0.0,0.0,37,24.6,75.0,0,16,20.0,3,0.87,17,9,8,0.86,1.45,0,14,8,3,29,12,18,0,,,,,,,,,,,,,,,,Attacking Midfield,23.0,10000000.0
ENG-Premier League,2324.0,Brentford,myles peart harris,ENG,MF,20.0,2002.0,3,0,13,0.1,0,0,0,0,0,0,0,0,0.0,0.0,0.0,0.0,0.0,0,0,,0.0,0.0,,,4,0.4,,0,3,4.0,6,1.0,0,0,0,0.0,0.24,0,2,2,0,1,0,0,0,,,,,,,,,,,,,,,,Attacking Midfield,21.0,700000.0
ENG-Premier League,2324.0,Brentford,nathan collins,IRL,DF,22.0,2001.0,32,29,2652,29.5,1,1,2,1,0,0,3,0,0.03,0.03,0.07,0.03,0.07,10,2,20.0,0.34,0.07,0.1,0.5,83,77.5,90.0,28,3,18.0,1,1.13,47,51,-4,-0.14,0.45,0,13,23,3,4,43,20,0,,,,,,,,,,,,,,,,Centre-Back,23.0,25000000.0
ENG-Premier League,2324.0,Brentford,neal maupay,FRA,FW,26.0,1996.0,29,13,1321,14.7,6,3,9,6,0,0,8,0,0.41,0.2,0.61,0.41,0.61,37,16,43.2,2.52,1.09,0.16,0.38,46,38.6,83.0,5,16,15.0,2,0.97,24,35,-11,-0.75,-0.84,0,19,26,4,8,2,7,0,,,,,,,,,,,,,,,,Centre-Forward,27.0,12000000.0
ENG-Premier League,2324.0,Brentford,rico henry,JAM,DF,26.0,1997.0,5,5,401,4.5,0,1,1,0,0,0,1,0,0.0,0.22,0.22,0.0,0.22,2,0,0.0,0.45,0.0,0.0,,80,11.7,80.0,4,0,,0,1.2,8,5,3,0.67,1.03,0,4,6,2,11,5,5,0,,,,,,,,,,,,,,,,Left-Back,26.0,20000000.0
ENG-Premier League,2324.0,Brentford,saman ghoddos,IRN,"DF,MF",29.0,1993.0,19,7,739,8.2,1,0,1,1,0,0,5,0,0.12,0.0,0.12,0.12,0.12,9,2,22.2,1.1,0.24,0.11,0.5,39,21.6,88.0,5,12,10.0,13,0.74,10,20,-10,-1.22,-1.25,0,12,9,2,43,5,21,0,,,,,,,,,,,,,,,,Attacking Midfield,30.0,2000000.0
ENG-Premier League,2324.0,Brentford,sergio reguilon,ESP,"MF,DF",26.0,1996.0,16,14,1118,12.4,0,4,4,0,0,0,4,1,0.0,0.32,0.32,0.0,0.32,13,2,15.4,1.05,0.16,0.0,0.0,70,32.7,77.0,6,2,18.0,0,1.19,21,21,0,0.0,0.35,0,10,15,1,72,15,22,0,,,,,,,,,,,,,,,,Left-Back,27.0,12000000.0
ENG-Premier League,2324.0,Brentford,shandon baptiste,GRN,MF,25.0,1998.0,10,2,229,2.5,1,1,2,1,0,0,1,0,0.39,0.39,0.79,0.39,0.79,2,2,100.0,0.79,0.79,0.5,0.5,23,6.7,66.0,0,8,12.0,11,1.0,3,5,-2,-0.79,-0.59,0,3,0,0,3,3,3,0,,,,,,,,,,,,,,,,Central Midfield,26.0,2500000.0
ENG-Premier League,2324.0,Brentford,thomas strakosha,ALB,GK,28.0,1995.0,2,1,135,1.5,0,0,0,0,0,0,0,0,0.0,0.0,0.0,0.0,0.0,0,0,,0.0,0.0,,,68,3.9,90.0,1,1,45.0,32,1.5,3,2,1,0.67,0.94,0,0,1,0,0,0,0,0,2.0,1.33,8.0,6.0,75.0,0.0,0.0,1.0,0.0,0.0,0.0,0.0,0.0,0.0,,Goalkeeper,29.0,3000000.0
ENG-Premier League,2324.0,Brentford,vitaly janelt,GER,"MF,DF",25.0,1998.0,38,37,3054,33.9,1,3,4,1,0,0,8,0,0.03,0.09,0.12,0.03,0.12,21,7,33.3,0.62,0.21,0.05,0.14,80,89.3,82.0,16,1,18.0,0,1.03,50,52,-2,-0.06,1.66,0,27,28,3,58,37,36,0,,,,,,,,,,,,,,,,Defensive Midfield,26.0,22000000.0
ENG-Premier League,2324.0,Brentford,yehor yarmoliuk,UKR,MF,19.0,2004.0,27,6,688,7.6,0,0,0,0,0,0,2,0,0.0,0.0,0.0,0.0,0.0,11,5,45.5,1.44,0.65,0.0,0.0,25,20.1,61.0,0,21,15.0,11,1.19,13,9,4,0.52,0.95,0,11,6,1,13,6,11,0,,,,,,,,,,,,,,,,,,
ENG-Premier League,2324.0,Brentford,yoane wissa,COD,FW,26.0,1996.0,34,29,2493,27.7,12,3,15,12,0,0,7,0,0.43,0.11,0.54,0.43,0.54,67,26,38.8,2.42,0.94,0.18,0.46,73,72.9,81.0,9,5,30.0,0,0.97,40,40,0,0.0,0.87,0,38,50,19,21,9,14,0,,,,,,,,,,,,,,,,Centre-Forward,27.0,28000000.0
ENG-Premier League,2324.0,Brighton,adam lallana,ENG,MF,35.0,1988.0,25,13,850,9.4,0,1,1,0,0,0,2,0,0.0,0.11,0.11,0.0,0.11,11,2,18.2,1.16,0.21,0.0,0.0,34,24.9,53.0,0,12,13.0,8,1.24,12,13,-1,-0.11,0.1,0,9,11,2,7,3,3,0,,,,,,,,,,,,,,,,Attacking Midfield,36.0,1000000.0
ENG-Premier League,2324.0,Brighton,adam webster,ENG,DF,28.0,1995.0,15,13,1144,12.7,0,0,0,0,0,0,2,0,0.0,0.0,0.0,0.0,0.0,8,1,12.5,0.63,0.08,0.0,0.0,76,33.5,85.0,11,2,18.0,12,1.13,16,22,-6,-0.47,-0.43,0,9,2,0,1,16,12,1,,,,,,,,,,,,,,,,Centre-Back,29.0,20000000.0
ENG-Premier League,2324.0,Brighton,ansu fati,ESP,"MF,FW",20.0,2002.0,19,3,521,5.8,2,0,2,2,0,0,2,0,0.35,0.0,0.35,0.35,0.35,26,11,42.3,4.49,1.9,0.08,0.18,27,15.2,50.0,0,16,23.0,5,1.26,12,12,0,0.0,0.22,0,6,13,2,3,2,3,0,,,,,,,,,,,,,,,,Left Winger,21.0,25000000.0
ENG-Premier League,2324.0,Brighton,bart verbruggen,NED,GK,20.0,2002.0,21,21,1890,21.0,0,0,0,0,0,0,3,0,0.0,0.0,0.0,0.0,0.0,0,0,,0.0,0.0,,,90,55.3,90.0,21,0,,17,1.38,31,28,3,0.14,0.73,0,1,2,0,0,0,1,0,28.0,1.33,93.0,65.0,69.9,7.0,8.0,6.0,4.0,19.0,3.0,3.0,0.0,0.0,0.0,Goalkeeper,21.0,18000000.0
ENG-Premier League,2324.0,Brighton,benicio boaitey,ENG,FW,19.0,2004.0,5,0,40,0.4,0,0,0,0,0,0,1,0,0.0,0.0,0.0,0.0,0.0,1,0,0.0,2.25,0.0,0.0,,8,1.2,,0,5,8.0,9,1.0,1,1,0,0.0,0.19,0,2,0,1,0,0,0,0,,,,,,,,,,,,,,,,,,
ENG-Premier League,2324.0,Brighton,billy gilmour,SCO,MF,22.0,2001.0,30,24,2120,23.6,0,1,1,0,0,0,8,1,0.0,0.04,0.04,0.0,0.04,25,5,20.0,1.06,0.21,0.0,0.0,71,62.0,83.0,13,6,22.0,1,1.4,40,37,3,0.13,0.82,0,22,30,0,33,10,18,0,,,,,,,,,,,,,,,,Defensive Midfield,23.0,18000000.0
ENG-Premier League,2324.0,Brighton,carlos baleba,CMR,MF,19.0,2004.0,27,15,1325,14.7,0,0,0,0,0,0,7,0,0.0,0.0,0.0,0.0,0.0,21,5,23.8,1.43,0.34,0.0,0.0,49,38.7,78.0,7,12,13.0,7,1.07,14,28,-14,-0.95,-1.25,0,40,27,0,0,18,21,0,,,,,,,,,,,,,,,,Defensive Midfield,20.0,22000000.0
ENG-Premier League,2324.0,Brighton,danny welbeck,ENG,"FW,MF",32.0,1990.0,29,21,1693,18.8,5,1,6,5,0,0,4,0,0.27,0.05,0.32,0.27,0.32,41,16,39.0,2.18,0.85,0.12,0.31,58,49.5,70.0,4,8,28.0,1,1.21,25,28,-3,-0.16,0.05,0,12,21,9,3,8,18,0,,,,,,,,,,,,,,,,Centre-Forward,33.0,5000000.0
ENG-Premier League,2324.0,Brighton,evan ferguson,IRL,FW,18.0,2004.0,27,15,1367,15.2,6,0,6,6,0,0,1,0,0.4,0.0,0.4,0.4,0.4,33,20,60.6,2.17,1.32,0.18,0.3,51,40.0,71.0,4,12,25.0,1,1.48,25,28,-3,-0.2,-0.02,0,23,25,5,1,2,7,0,,,,,,,,,,,,,,,,Centre-Forward,19.0,50000000.0
ENG-Premier League,2324.0,Brighton,facundo buonanotte,ARG,"MF,FW",18.0,2004.0,27,17,1364,15.2,3,1,4,3,0,0,7,0,0.2,0.07,0.26,0.2,0.26,21,9,42.9,1.39,0.59,0.14,0.33,51,39.9,65.0,1,10,25.0,6,1.19,19,20,-1,-0.07,0.2,0,34,41,3,6,7,22,0,,,,,,,,,,,,,,,,Attacking Midfield,19.0,18000000.0
ENG-Premier League,2324.0,Brighton,igor,BRA,DF,25.0,1998.0,24,17,1637,18.2,0,0,0,0,0,0,4,0,0.0,0.0,0.0,0.0,0.0,5,0,0.0,0.27,0.0,0.0,,68,47.9,82.0,11,7,34.0,10,1.17,22,26,-4,-0.22,-0.07,0,21,4,0,1,14,18,0,,,,,,,,,,,,,,,,,,
ENG-Premier League,2324.0,Brighton,jack hinshelwood,ENG,"DF,MF",18.0,2005.0,12,8,869,9.7,3,0,3,3,0,0,1,0,0.31,0.0,0.31,0.31,0.31,14,8,57.1,1.45,0.83,0.21,0.38,72,25.4,81.0,3,4,56.0,4,1.33,15,17,-2,-0.21,-0.03,0,11,3,1,10,14,5,0,,,,,,,,,,,,,,,,Defensive Midfield,19.0,16000000.0
ENG-Premier League,2324.0,Brighton,jakub moder,POL,"MF,DF",24.0,1999.0,17,6,618,6.9,0,0,0,0,0,0,2,0,0.0,0.0,0.0,0.0,0.0,11,3,27.3,1.6,0.44,0.0,0.0,36,18.1,73.0,1,11,16.0,10,1.35,6,13,-7,-1.02,-1.02,0,8,5,2,6,1,10,0,,,,,,,,,,,,,,,,Central Midfield,25.0,10000000.0
ENG-Premier League,2324.0,Brighton,james milner,ENG,"DF,MF",37.0,1986.0,15,11,773,8.6,0,2,2,0,0,0,3,0,0.0,0.23,0.23,0.0,0.23,5,1,20.0,0.58,0.12,0.0,0.0,52,22.6,63.0,1,4,20.0,2,1.47,10,12,-2,-0.23,-0.06,0,11,4,3,29,8,14,0,,,,,,,,,,,,,,,,Central Midfield,38.0,1000000.0
ENG-Premier League,2324.0,Brighton,jan paul van hecke,NED,DF,23.0,2000.0,28,26,2369,26.3,0,0,0,0,0,0,4,0,0.0,0.0,0.0,0.0,0.0,15,6,40.0,0.57,0.23,0.0,0.0,85,69.3,90.0,26,2,15.0,4,1.32,40,38,2,0.08,0.85,0,14,17,0,4,30,25,0,,,,,,,,,,,,,,,,Centre-Back,24.0,18000000.0
ENG-Premier League,2324.0,Brighton,jason steele,ENG,GK,32.0,1990.0,17,17,1530,17.0,0,0,0,0,0,0,0,0,0.0,0.0,0.0,0.0,0.0,0,0,,0.0,0.0,,,90,44.7,90.0,17,0,,21,1.12,24,34,-10,-0.59,-0.73,0,0,1,0,0,0,0,0,34.0,2.0,77.0,43.0,55.8,5.0,4.0,8.0,2.0,11.8,3.0,3.0,0.0,0.0,0.0,Goalkeeper,33.0,3500000.0
ENG-Premier League,2324.0,Brighton,joao pedro,BRA,"MF,FW",21.0,2001.0,31,19,2045,22.7,9,3,12,5,4,5,2,0,0.4,0.13,0.53,0.22,0.35,75,26,34.7,3.3,1.14,0.07,0.19,66,59.8,85.0,9,12,36.0,0,1.29,32,38,-6,-0.26,-0.2,0,19,60,11,29,10,15,0,,,,,,,,,,,,,,,,Centre-Forward,22.0,45000000.0
ENG-Premier League,2324.0,Brighton,joel veltman,NED,DF,31.0,1992.0,27,17,1588,17.6,1,1,2,1,0,0,4,0,0.06,0.06,0.11,0.06,0.11,6,3,50.0,0.34,0.17,0.17,0.33,59,46.4,80.0,13,10,22.0,2,1.3,28,32,-4,-0.23,-0.08,0,16,42,1,11,18,41,0,,,,,,,,,,,,,,,,Right-Back,32.0,10000000.0
ENG-Premier League,2324.0,Brighton,julio enciso,PAR,MF,19.0,2004.0,12,5,475,5.3,0,2,2,0,0,0,2,0,0.0,0.38,0.38,0.0,0.38,28,8,28.6,5.31,1.52,0.0,0.0,40,13.9,65.0,0,7,22.0,1,1.25,8,11,-3,-0.57,-0.45,0,6,10,1,8,0,2,0,,,,,,,,,,,,,,,,Attacking Midfield,20.0,22000000.0
ENG-Premier League,2324.0,Brighton,kaoru mitoma,JPN,"MF,FW",26.0,1997.0,19,15,1486,16.5,3,4,7,3,0,0,4,0,0.18,0.24,0.42,0.18,0.42,34,15,44.1,2.06,0.91,0.09,0.2,78,43.5,88.0,12,4,42.0,0,1.42,31,27,4,0.24,0.75,0,14,23,7,45,5,5,0,,,,,,,,,,,,,,,,Left Winger,27.0,45000000.0
ENG-Premier League,2324.0,Brighton,lewis dunk,ENG,DF,31.0,1991.0,33,33,2869,31.9,3,1,4,3,0,0,7,1,0.09,0.03,0.13,0.09,0.13,33,12,36.4,1.04,0.38,0.09,0.25,87,83.9,87.0,29,0,,0,1.3,49,52,-3,-0.09,0.56,0,23,12,1,7,31,16,0,,,,,,,,,,,,,,,,Centre-Back,32.0,12000000.0
ENG-Premier League,2324.0,Brighton,mahmoud dahoud,GER,MF,27.0,1996.0,9,6,452,5.0,0,1,1,0,0,0,1,1,0.0,0.2,0.2,0.0,0.2,6,1,16.7,1.19,0.2,0.0,0.0,50,13.2,68.0,0,3,16.0,8,2.11,10,5,5,1.0,1.36,0,6,2,0,3,1,4,0,,,,,,,,,,,,,,,,Central Midfield,28.0,6000000.0
ENG-Premier League,2324.0,Brighton,mark o mahony,IRL,FW,18.0,2005.0,3,1,63,0.7,0,0,0,0,0,0,1,0,0.0,0.0,0.0,0.0,0.0,1,0,0.0,1.43,0.0,0.0,,21,1.8,45.0,0,2,9.0,8,0.33,0,1,-1,-1.43,-1.27,0,1,0,0,0,0,0,0,,,,,,,,,,,,,,,,Centre-Forward,19.0,300000.0
ENG-Premier League,2324.0,Brighton,odeluga offiah,ENG,DF,20.0,2002.0,4,1,128,1.4,0,0,0,0,0,0,0,0,0.0,0.0,0.0,0.0,0.0,0,0,,0.0,0.0,,,32,3.7,73.0,0,3,18.0,4,0.25,1,3,-2,-1.41,-1.27,0,2,2,0,3,1,0,0,,,,,,,,,,,,,,,,Centre-Back,21.0,300000.0
ENG-Premier League,2324.0,Brighton,pascal gro,GER,"MF,DF",32.0,1991.0,36,34,3114,34.6,4,10,14,3,1,1,6,0,0.12,0.29,0.4,0.09,0.38,55,20,36.4,1.59,0.58,0.05,0.15,87,91.1,90.0,32,2,33.0,0,1.25,50,50,0,0.0,2.06,0,23,27,3,240,21,46,0,,,,,,,,,,,,,,,,Central Midfield,33.0,8000000.0
ENG-Premier League,2324.0,Brighton,pervis estupinan,ECU,"DF,MF",25.0,1998.0,19,15,1243,13.8,2,3,5,2,0,0,4,0,0.14,0.22,0.36,0.14,0.36,11,6,54.5,0.8,0.43,0.18,0.33,65,36.3,76.0,9,4,24.0,1,1.47,23,26,-3,-0.22,-0.05,0,22,17,5,65,20,13,1,,,,,,,,,,,,,,,,Left-Back,26.0,30000000.0
ENG-Premier League,2324.0,Brighton,simon adingra,CIV,MF,21.0,2002.0,31,25,2222,24.7,6,1,7,6,0,0,3,0,0.24,0.04,0.28,0.24,0.28,52,22,42.3,2.11,0.89,0.12,0.27,72,65.0,83.0,10,6,26.0,1,1.19,34,38,-4,-0.16,0.06,0,29,19,18,76,21,20,0,,,,,,,,,,,,,,,,Left Winger,22.0,30000000.0
ENG-Premier League,2324.0,Brighton,solly march,ENG,"MF,DF",29.0,1994.0,7,7,554,6.2,3,1,4,3,0,0,1,0,0.49,0.16,0.65,0.49,0.65,14,6,42.9,2.27,0.97,0.21,0.5,79,16.2,79.0,2,0,,1,1.43,13,11,2,0.32,0.61,0,11,8,7,21,11,13,0,,,,,,,,,,,,,,,,Right Winger,29.0,18000000.0
ENG-Premier League,2324.0,Brighton,tariq lamptey,GHA,"DF,MF",22.0,2000.0,19,10,914,10.2,0,3,3,0,0,0,3,0,0.0,0.3,0.3,0.0,0.3,6,0,0.0,0.59,0.0,0.0,,48,26.7,67.0,1,9,27.0,0,1.32,12,20,-8,-0.79,-0.82,0,11,18,3,32,5,14,0,,,,,,,,,,,,,,,,Right-Back,23.0,12000000.0
ENG-Premier League,2324.0,Brighton,valentin barco,ARG,DF,19.0,2004.0,6,3,307,3.4,0,0,0,0,0,0,1,0,0.0,0.0,0.0,0.0,0.0,4,2,50.0,1.17,0.59,0.0,0.0,51,9.0,87.0,2,3,16.0,4,0.5,1,9,-8,-2.35,-2.37,0,7,7,0,30,4,5,0,,,,,,,,,,,,,,,,Central Midfield,19.0,13000000.0
ENG-Premier League,2324.0,Burnley,aaron ramsey,ENG,MF,20.0,2003.0,14,5,527,5.9,0,0,0,0,0,0,1,0,0.0,0.0,0.0,0.0,0.0,6,2,33.3,1.02,0.34,0.0,0.0,38,15.4,68.0,0,9,21.0,3,0.36,4,17,-13,-2.22,-1.47,0,7,3,1,2,1,14,0,,,,,,,,,,,,,,,,Attacking Midfield,21.0,15000000.0
ENG-Premier League,2324.0,Burnley,ameen al dakhil,BEL,DF,21.0,2002.0,13,12,1056,11.7,1,0,1,1,0,0,1,0,0.09,0.0,0.09,0.09,0.09,8,3,37.5,0.68,0.26,0.13,0.33,81,30.9,86.0,11,1,21.0,2,0.38,10,26,-16,-1.36,-0.56,0,6,4,0,3,11,5,1,,,,,,,,,,,,,,,,Centre-Back,22.0,12000000.0
ENG-Premier League,2324.0,Burnley,anass zaroury,MAR,FW,22.0,2000.0,6,1,152,1.7,0,0,0,0,0,0,0,1,0.0,0.0,0.0,0.0,0.0,3,1,33.3,1.78,0.59,0.0,0.0,25,4.4,67.0,0,5,17.0,7,0.17,2,4,-2,-1.18,-0.22,0,4,3,0,11,0,0,0,,,,,,,,,,,,,,,,Left Winger,23.0,9000000.0
ENG-Premier League,2324.0,Burnley,arijanet muric,KVX,GK,24.0,1998.0,10,10,900,10.0,0,0,0,0,0,0,0,0,0.0,0.0,0.0,0.0,0.0,0,0,,0.0,0.0,,,90,26.3,90.0,10,0,,25,1.0,14,16,-2,-0.2,1.05,0,0,3,0,0,0,1,1,16.0,1.6,79.0,63.0,79.7,2.0,4.0,4.0,0.0,0.0,2.0,1.0,1.0,0.0,50.0,Goalkeeper,25.0,7000000.0
ENG-Premier League,2324.0,Burnley,benson manuel,ANG,MF,26.0,1997.0,8,1,116,1.3,0,0,0,0,0,0,0,0,0.0,0.0,0.0,0.0,0.0,4,2,50.0,3.1,1.55,0.0,0.0,15,3.4,45.0,0,7,10.0,13,0.13,0,5,-5,-3.88,-3.01,0,1,4,0,9,0,2,0,,,,,,,,,,,,,,,,,,
ENG-Premier League,2324.0,Burnley,charlie taylor,ENG,DF,29.0,1993.0,28,25,2331,25.9,1,1,2,1,0,0,8,0,0.04,0.04,0.08,0.04,0.08,10,1,10.0,0.39,0.04,0.1,1.0,83,68.2,88.0,22,3,40.0,2,0.75,31,46,-15,-0.58,1.24,0,20,16,2,71,21,20,0,,,,,,,,,,,,,,,,Left-Back,30.0,3000000.0
ENG-Premier League,2324.0,Burnley,connor roberts,WAL,DF,27.0,1995.0,14,8,823,9.1,0,1,1,0,0,0,5,1,0.0,0.11,0.11,0.0,0.11,0,0,,0.0,0.0,,,59,24.1,88.0,6,6,20.0,5,0.64,7,22,-15,-1.64,-0.88,1,5,9,3,10,4,5,0,,,,,,,,,,,,,,,,Right-Back,28.0,7000000.0
ENG-Premier League,2324.0,Burnley,dara o shea,IRL,DF,24.0,1999.0,33,32,2892,32.1,3,4,7,3,0,0,5,1,0.09,0.12,0.22,0.09,0.22,19,5,26.3,0.59,0.16,0.16,0.6,88,84.6,89.0,29,1,45.0,1,0.58,36,71,-35,-1.09,-0.75,0,36,15,1,11,33,18,1,,,,,,,,,,,,,,,,Centre-Back,25.0,7000000.0
ENG-Premier League,2324.0,Burnley,david datro fofana,CIV,FW,20.0,2002.0,15,10,879,9.8,4,1,5,4,0,0,1,0,0.41,0.1,0.51,0.41,0.51,19,10,52.6,1.95,1.02,0.21,0.4,59,25.7,80.0,5,5,15.0,1,0.73,10,18,-8,-0.82,0.21,0,16,10,10,3,1,5,0,,,,,,,,,,,,,,,,Centre-Forward,21.0,12000000.0
ENG-Premier League,2324.0,Burnley,han noah massengo,FRA,MF,22.0,2001.0,3,0,16,0.2,0,0,0,0,0,0,0,0,0.0,0.0,0.0,0.0,0.0,0,0,,0.0,0.0,,,5,0.5,,0,3,5.0,5,0.33,2,0,2,11.25,12.28,0,0,0,0,2,0,1,0,,,,,,,,,,,,,,,,Central Midfield,22.0,4000000.0
ENG-Premier League,2324.0,Burnley,hannes delcroix,HAI,DF,24.0,1999.0,12,5,589,6.5,0,0,0,0,0,0,2,0,0.0,0.0,0.0,0.0,0.0,4,2,50.0,0.61,0.31,0.0,0.0,49,17.2,86.0,4,7,23.0,10,0.67,6,25,-19,-2.9,-2.33,0,6,0,0,5,12,6,0,,,,,,,,,,,,,,,,Centre-Back,25.0,4000000.0
ENG-Premier League,2324.0,Burnley,hjalmar ekdal,SWE,DF,24.0,1998.0,8,5,437,4.9,0,0,0,0,0,0,2,0,0.0,0.0,0.0,0.0,0.0,2,1,50.0,0.41,0.21,0.0,0.0,55,12.8,75.0,0,3,21.0,12,0.88,2,7,-5,-1.03,-0.06,0,8,2,0,0,6,2,0,,,,,,,,,,,,,,,,Centre-Back,25.0,7000000.0
ENG-Premier League,2324.0,Burnley,jack cork,ENG,"DF,MF",34.0,1989.0,4,0,27,0.3,0,0,0,0,0,0,0,0,0.0,0.0,0.0,0.0,0.0,0,0,,0.0,0.0,,,7,0.8,,0,4,7.0,18,0.25,1,0,1,3.33,4.34,0,4,1,0,1,1,0,0,,,,,,,,,,,,,,,,Defensive Midfield,35.0,800000.0
ENG-Premier League,2324.0,Burnley,jacob bruun larsen,DEN,MF,24.0,1998.0,32,16,1249,13.9,6,0,6,5,1,1,1,0,0.43,0.0,0.43,0.36,0.36,44,16,36.4,3.17,1.15,0.11,0.31,39,36.5,64.0,0,16,14.0,5,0.69,15,24,-9,-0.65,0.51,0,12,7,11,61,8,4,0,,,,,,,,,,,,,,,,Left Winger,25.0,8000000.0
ENG-Premier League,2324.0,Burnley,james trafford,ENG,GK,20.0,2002.0,28,28,2520,28.0,0,0,0,0,0,0,2,0,0.0,0.0,0.0,0.0,0.0,0,0,,0.0,0.0,,,90,73.7,90.0,28,0,,8,0.5,27,62,-35,-1.25,-1.05,0,0,5,0,0,1,1,0,62.0,2.21,168.0,106.0,63.1,3.0,5.0,20.0,2.0,7.1,5.0,5.0,0.0,0.0,0.0,Goalkeeper,21.0,18000000.0
ENG-Premier League,2324.0,Burnley,jay rodriguez,ENG,FW,34.0,1989.0,21,7,822,9.1,2,1,3,1,1,1,0,0,0.22,0.11,0.33,0.11,0.22,22,8,36.4,2.41,0.88,0.05,0.13,39,24.0,80.0,4,14,19.0,14,0.62,11,18,-7,-0.77,0.27,0,18,6,7,2,1,9,0,,,,,,,,,,,,,,,,Centre-Forward,34.0,1000000.0
ENG-Premier League,2324.0,Burnley,jordan beyer,GER,DF,23.0,2000.0,15,15,1234,13.7,0,1,1,0,0,0,6,0,0.0,0.07,0.07,0.0,0.07,5,0,0.0,0.36,0.0,0.0,,82,36.1,82.0,10,0,,0,0.73,14,23,-9,-0.66,0.5,0,11,6,0,0,17,19,0,,,,,,,,,,,,,,,,Centre-Back,24.0,13000000.0
ENG-Premier League,2324.0,Burnley,josh brownhill,ENG,MF,27.0,1995.0,33,23,2252,25.0,4,2,6,4,0,0,4,1,0.16,0.08,0.24,0.16,0.24,28,11,39.3,1.12,0.44,0.14,0.36,68,65.8,87.0,18,10,26.0,4,0.67,27,52,-25,-1.0,-0.07,0,38,25,2,57,33,35,0,,,,,,,,,,,,,,,,Central Midfield,28.0,15000000.0
ENG-Premier League,2324.0,Burnley,josh cullen,IRL,MF,27.0,1996.0,25,23,2057,22.9,2,3,5,2,0,0,9,0,0.09,0.13,0.22,0.09,0.22,16,5,31.3,0.7,0.22,0.13,0.4,82,60.1,87.0,18,2,30.0,8,0.64,25,48,-23,-1.01,-0.08,0,24,49,1,26,14,26,0,,,,,,,,,,,,,,,,Central Midfield,28.0,10000000.0
ENG-Premier League,2324.0,Burnley,johann berg gumundsson,ISL,MF,32.0,1990.0,26,12,1192,13.2,1,3,4,1,0,0,2,0,0.08,0.23,0.3,0.08,0.3,15,6,40.0,1.13,0.45,0.07,0.17,46,34.9,68.0,1,14,27.0,5,0.5,20,25,-5,-0.38,0.92,0,9,20,2,70,15,4,0,,,,,,,,,,,,,,,,,,
ENG-Premier League,2324.0,Burnley,lorenz assignon,TOG,DF,23.0,2000.0,15,15,1234,13.7,1,2,3,1,0,0,5,1,0.07,0.15,0.22,0.07,0.22,9,4,44.4,0.66,0.29,0.11,0.25,82,36.1,82.0,10,0,,0,0.73,14,30,-16,-1.17,-0.3,1,33,16,2,28,17,17,0,,,,,,,,,,,,,,,,Right-Back,24.0,10000000.0
ENG-Premier League,2324.0,Burnley,luca koleosho,ITA,"MF,FW",18.0,2004.0,15,13,974,10.8,1,1,2,1,0,0,0,0,0.09,0.09,0.18,0.09,0.18,23,5,21.7,2.13,0.46,0.04,0.2,65,28.5,69.0,0,2,38.0,0,0.47,11,23,-12,-1.11,-0.19,0,18,13,8,23,2,5,0,,,,,,,,,,,,,,,,Right Winger,19.0,7000000.0
ENG-Premier League,2324.0,Burnley,lyle foster,RSA,"FW,MF",22.0,2000.0,24,22,1899,21.1,5,3,8,5,0,0,0,1,0.24,0.14,0.38,0.24,0.38,34,17,50.0,1.61,0.81,0.15,0.29,79,55.5,84.0,10,2,24.0,0,0.79,22,43,-21,-1.0,-0.05,0,24,11,13,3,1,10,0,,,,,,,,,,,,,,,,Centre-Forward,23.0,13000000.0
ENG-Premier League,2324.0,Burnley,maxime esteve,FRA,DF,21.0,2002.0,16,15,1309,14.5,0,0,0,0,0,0,6,0,0.0,0.0,0.0,0.0,0.0,7,0,0.0,0.48,0.0,0.0,,82,38.3,84.0,12,1,45.0,0,0.75,18,28,-10,-0.69,0.46,0,25,16,0,5,28,11,0,,,,,,,,,,,,,,,,Centre-Back,22.0,7000000.0
ENG-Premier League,2324.0,Burnley,michael obafemi,IRL,FW,23.0,2000.0,2,0,20,0.2,0,0,0,0,0,0,0,0,0.0,0.0,0.0,0.0,0.0,2,0,0.0,9.0,0.0,0.0,,10,0.6,,0,2,10.0,4,1.5,1,0,1,4.5,5.51,0,0,0,0,0,0,0,0,,,,,,,,,,,,,,,,Centre-Forward,23.0,2200000.0
ENG-Premier League,2324.0,Burnley,mike tresor,BEL,"MF,FW",24.0,1999.0,16,3,420,4.7,0,0,0,0,0,0,0,0,0.0,0.0,0.0,0.0,0.0,5,0,0.0,1.07,0.0,0.0,,26,12.3,62.0,0,13,18.0,9,0.63,4,10,-6,-1.29,-0.36,0,0,3,2,31,1,6,0,,,,,,,,,,,,,,,,Attacking Midfield,25.0,12000000.0
ENG-Premier League,2324.0,Burnley,nathan redmond,ENG,"FW,MF",29.0,1994.0,12,0,142,1.6,0,0,0,0,0,0,1,0,0.0,0.0,0.0,0.0,0.0,0,0,,0.0,0.0,,,12,4.2,,0,12,12.0,3,0.58,2,5,-3,-1.9,-0.97,0,4,2,2,3,0,1,0,,,,,,,,,,,,,,,,Right Winger,30.0,5000000.0
ENG-Premier League,2324.0,Burnley,sander berge,NOR,MF,25.0,1998.0,37,34,3005,33.4,1,2,3,1,0,0,10,1,0.03,0.06,0.09,0.03,0.09,25,3,12.0,0.75,0.09,0.04,0.33,81,87.9,86.0,28,3,26.0,0,0.62,36,69,-33,-0.99,-0.12,1,40,19,1,12,24,47,0,,,,,,,,,,,,,,,,Defensive Midfield,26.0,20000000.0
ENG-Premier League,2324.0,Burnley,vitinho,BRA,"DF,MF",24.0,1999.0,32,26,2314,25.7,0,2,2,0,0,0,1,0,0.0,0.08,0.08,0.0,0.08,25,4,16.0,0.97,0.16,0.0,0.0,72,67.7,85.0,16,6,20.0,2,0.63,31,43,-12,-0.47,1.57,0,27,28,6,55,9,34,0,,,,,,,,,,,,,,,,Right-Back,24.0,5000000.0
ENG-Premier League,2324.0,Burnley,wilson odobert,FRA,"MF,FW",18.0,2004.0,29,25,2098,23.3,3,2,5,3,0,0,3,0,0.13,0.09,0.21,0.13,0.21,49,14,28.6,2.1,0.6,0.06,0.21,72,61.3,82.0,11,4,10.0,4,0.59,25,48,-23,-0.99,-0.03,0,9,19,1,35,6,13,0,,,,,,,,,,,,,,,,Left Winger,19.0,10000000.0
ENG-Premier League,2324.0,Burnley,zeki amdouni,SUI,FW,22.0,2000.0,34,27,1953,21.7,5,1,6,4,1,1,2,0,0.23,0.05,0.28,0.18,0.23,49,22,44.9,2.26,1.01,0.08,0.18,57,57.1,69.0,2,7,14.0,4,0.62,20,41,-21,-0.97,0.01,0,22,39,2,7,10,19,0,,,,,,,,,,,,,,,,Centre-Forward,23.0,12000000.0
ENG-Premier League,2324.0,Chelsea,alex matos,ENG,MF,18.0,2004.0,1,0,1,0.0,0,0,0,0,0,0,0,0,0.0,0.0,0.0,0.0,0.0,0,0,,0.0,0.0,,,1,0.0,,0,1,1.0,12,3.0,0,0,0,0.0,-0.37,0,0,0,0,0,0,0,0,,,,,,,,,,,,,,,,Central Midfield,19.0,1200000.0
ENG-Premier League,2324.0,Chelsea,alfie gilchrist,ENG,DF,19.0,2003.0,11,2,207,2.3,1,0,1,1,0,0,1,0,0.43,0.0,0.43,0.43,0.43,5,1,20.0,2.17,0.43,0.2,1.0,19,6.1,81.0,0,9,5.0,14,2.27,8,6,2,0.87,0.53,0,4,0,0,1,3,0,0,,,,,,,,,,,,,,,,Right-Back,20.0,5000000.0
ENG-Premier League,2324.0,Chelsea,armando broja,ALB,FW,21.0,2001.0,13,6,454,5.0,1,0,1,1,0,0,0,0,0.2,0.0,0.2,0.2,0.2,13,2,15.4,2.58,0.4,0.08,0.5,35,13.3,60.0,0,7,14.0,1,1.69,8,5,3,0.59,0.26,0,4,8,6,1,0,0,0,,,,,,,,,,,,,,,,Centre-Forward,22.0,22000000.0
ENG-Premier League,2324.0,Chelsea,axel disasi,FRA,DF,25.0,1998.0,31,29,2579,28.7,2,0,2,2,0,0,6,0,0.07,0.0,0.07,0.07,0.07,16,4,25.0,0.56,0.14,0.13,0.5,83,75.4,89.0,27,2,5.0,4,1.52,50,50,0,0.0,-1.5,0,17,17,4,10,17,19,1,,,,,,,,,,,,,,,,Centre-Back,26.0,40000000.0
ENG-Premier League,2324.0,Chelsea,ben chilwell,ENG,"MF,DF",26.0,1996.0,13,9,756,8.4,0,1,1,0,0,0,5,0,0.0,0.12,0.12,0.0,0.12,12,4,33.3,1.43,0.48,0.0,0.0,58,22.1,77.0,3,4,17.0,1,1.23,13,14,-1,-0.12,-0.63,0,11,12,4,43,4,10,0,,,,,,,,,,,,,,,,Left-Back,27.0,28000000.0
ENG-Premier League,2324.0,Chelsea,benoit badiashile,FRA,DF,22.0,2001.0,18,15,1338,14.9,0,1,1,0,0,0,3,0,0.0,0.07,0.07,0.0,0.07,6,1,16.7,0.4,0.07,0.0,0.0,74,39.1,88.0,13,3,7.0,7,1.67,31,30,1,0.07,-0.49,0,17,6,1,2,18,15,1,,,,,,,,,,,,,,,,Centre-Back,23.0,30000000.0
ENG-Premier League,2324.0,Chelsea,carney chukwuemeka,AUT,MF,19.0,2003.0,9,2,227,2.5,1,1,2,1,0,0,2,0,0.4,0.4,0.79,0.4,0.79,3,2,66.7,1.19,0.79,0.33,0.5,25,6.6,63.0,0,7,15.0,4,1.56,7,5,2,0.79,0.45,0,3,2,0,1,0,4,0,,,,,,,,,,,,,,,,Central Midfield,20.0,15000000.0
ENG-Premier League,2324.0,Chelsea,cesare casadei,ITA,MF,20.0,2003.0,11,0,79,0.9,0,0,0,0,0,0,0,0,0.0,0.0,0.0,0.0,0.0,0,0,,0.0,0.0,,,7,2.3,,0,11,7.0,6,1.91,2,2,0,0.0,-0.38,0,4,1,0,0,0,3,0,,,,,,,,,,,,,,,,Central Midfield,21.0,10000000.0
ENG-Premier League,2324.0,Chelsea,christopher nkunku,FRA,"MF,FW",25.0,1997.0,11,2,443,4.9,3,0,3,3,0,0,0,0,0.61,0.0,0.61,0.61,0.61,16,9,56.3,3.25,1.83,0.19,0.33,40,13.0,71.0,0,9,34.0,1,2.0,12,12,0,0.0,-0.42,0,8,7,3,4,2,4,0,,,,,,,,,,,,,,,,Centre-Forward,26.0,65000000.0
ENG-Premier League,2324.0,Chelsea,cole palmer,ENG,"MF,FW",21.0,2002.0,33,29,2607,29.0,22,11,33,13,9,9,7,0,0.76,0.38,1.14,0.45,0.83,108,46,42.6,3.73,1.59,0.12,0.28,79,76.2,86.0,14,4,26.0,0,1.7,66,46,20,0.69,1.35,0,23,26,6,81,19,12,0,,,,,,,,,,,,,,,,Attacking Midfield,22.0,80000000.0
ENG-Premier League,2324.0,Chelsea,conor gallagher,ENG,MF,23.0,2000.0,37,37,3128,34.8,5,7,12,5,0,0,9,1,0.14,0.2,0.35,0.14,0.35,48,18,37.5,1.38,0.52,0.1,0.28,85,91.5,85.0,28,0,,0,1.7,69,54,15,0.43,0.74,1,83,64,1,64,40,49,0,,,,,,,,,,,,,,,,Central Midfield,24.0,50000000.0
ENG-Premier League,2324.0,Chelsea,deivid washington,BRA,FW,18.0,2005.0,2,0,13,0.1,0,0,0,0,0,0,0,0,0.0,0.0,0.0,0.0,0.0,1,0,0.0,6.92,0.0,0.0,,7,0.4,,0,2,7.0,17,1.5,1,1,0,0.0,-0.37,0,0,0,0,0,0,1,0,,,,,,,,,,,,,,,,Centre-Forward,19.0,9000000.0
ENG-Premier League,2324.0,Chelsea,enzo fernandez,ARG,MF,22.0,2001.0,28,26,2209,24.5,3,2,5,2,1,2,7,0,0.12,0.08,0.2,0.08,0.16,47,16,34.0,1.91,0.65,0.04,0.13,79,64.6,84.0,18,2,16.0,0,1.46,41,47,-6,-0.24,-1.73,0,32,31,4,45,17,24,0,,,,,,,,,,,,,,,,Central Midfield,23.0,75000000.0
ENG-Premier League,2324.0,Chelsea,ian maatsen,NED,MF,21.0,2002.0,12,1,209,2.3,0,0,0,0,0,0,1,0,0.0,0.0,0.0,0.0,0.0,5,1,20.0,2.15,0.43,0.0,0.0,17,6.1,57.0,0,11,14.0,8,1.67,2,5,-3,-1.29,-1.77,0,5,1,0,8,3,2,0,,,,,,,,,,,,,,,,Left-Back,22.0,40000000.0
ENG-Premier League,2324.0,Chelsea,jimi tauriainen,ENG,FW,19.0,2004.0,1,0,1,0.0,0,0,0,0,0,0,0,0,0.0,0.0,0.0,0.0,0.0,0,0,,0.0,0.0,,,1,0.0,,0,1,1.0,4,3.0,0,0,0,0.0,-0.37,0,0,0,0,0,0,0,0,,,,,,,,,,,,,,,,Central Midfield,20.0,200000.0
ENG-Premier League,2324.0,Chelsea,joshua acheampong,ENG,DF,17.0,2006.0,1,0,6,0.1,0,0,0,0,0,0,0,0,0.0,0.0,0.0,0.0,0.0,0,0,,0.0,0.0,,,6,0.2,,0,1,6.0,3,3.0,0,0,0,0.0,-0.37,0,0,0,0,0,0,0,0,,,,,,,,,,,,,,,,,,
ENG-Premier League,2324.0,Chelsea,lesley ugochukwu,FRA,MF,19.0,2004.0,12,3,301,3.3,0,0,0,0,0,0,2,0,0.0,0.0,0.0,0.0,0.0,0,0,,0.0,0.0,,,25,8.8,72.0,1,9,9.0,5,1.5,3,6,-3,-0.9,-1.39,0,4,2,0,0,1,10,0,,,,,,,,,,,,,,,,Defensive Midfield,20.0,25000000.0
ENG-Premier League,2324.0,Chelsea,levi colwill,ENG,DF,20.0,2003.0,23,20,1797,20.0,1,1,2,1,0,0,2,0,0.05,0.05,0.1,0.05,0.1,11,3,27.3,0.55,0.15,0.09,0.33,78,52.5,84.0,15,3,37.0,4,1.52,29,26,3,0.15,-0.46,0,25,14,4,12,25,33,0,,,,,,,,,,,,,,,,Centre-Back,21.0,50000000.0
ENG-Premier League,2324.0,Chelsea,malo gusto,FRA,"DF,MF",20.0,2003.0,27,19,1751,19.5,0,6,6,0,0,0,7,1,0.0,0.31,0.31,0.0,0.31,15,5,33.3,0.77,0.26,0.0,0.0,65,51.2,83.0,8,8,21.0,1,1.81,38,27,11,0.57,0.4,0,22,29,6,64,17,29,0,,,,,,,,,,,,,,,,Right-Back,21.0,35000000.0
ENG-Premier League,2324.0,Chelsea,marc cucurella,ESP,DF,25.0,1998.0,21,20,1782,19.8,0,2,2,0,0,0,10,0,0.0,0.1,0.1,0.0,0.1,8,4,50.0,0.4,0.2,0.0,0.0,85,52.1,87.0,16,1,45.0,6,1.81,50,33,17,0.86,1.02,0,23,35,1,17,21,39,1,,,,,,,,,,,,,,,,Left-Back,25.0,25000000.0
ENG-Premier League,2324.0,Chelsea,mason burstow,ENG,FW,19.0,2003.0,2,0,9,0.1,0,0,0,0,0,0,0,0,0.0,0.0,0.0,0.0,0.0,0,0,,0.0,0.0,,,5,0.3,,0,2,5.0,1,1.5,0,1,-1,-10.0,-10.4,0,0,0,0,0,0,0,0,,,,,,,,,,,,,,,,Centre-Forward,20.0,1800000.0
ENG-Premier League,2324.0,Chelsea,moises caicedo,ECU,MF,21.0,2001.0,35,33,2866,31.8,1,3,4,1,0,0,11,0,0.03,0.09,0.13,0.03,0.13,13,4,30.8,0.41,0.13,0.08,0.25,82,83.8,85.0,23,2,26.0,0,1.74,67,51,16,0.5,0.83,0,49,49,0,10,34,46,0,,,,,,,,,,,,,,,,Defensive Midfield,22.0,75000000.0
ENG-Premier League,2324.0,Chelsea,mykhailo mudryk,UKR,MF,22.0,2001.0,31,18,1576,17.5,5,2,7,5,0,0,5,0,0.29,0.11,0.4,0.29,0.4,35,12,34.3,2.0,0.69,0.14,0.42,51,46.1,71.0,2,13,23.0,4,1.52,40,28,12,0.69,0.59,0,22,27,1,79,9,13,0,,,,,,,,,,,,,,,,,,
ENG-Premier League,2324.0,Chelsea,nicolas jackson,SEN,FW,22.0,2001.0,35,31,2799,31.1,14,5,19,14,0,0,10,0,0.45,0.16,0.61,0.45,0.61,80,41,51.3,2.57,1.32,0.18,0.34,80,81.8,86.0,17,4,31.0,0,1.63,64,47,17,0.55,0.98,0,29,40,28,6,4,14,0,,,,,,,,,,,,,,,,Centre-Forward,23.0,35000000.0
ENG-Premier League,2324.0,Chelsea,noni madueke,ENG,MF,21.0,2002.0,23,13,1053,11.7,5,2,7,4,1,1,2,0,0.43,0.17,0.6,0.34,0.51,32,13,40.6,2.74,1.11,0.13,0.31,46,30.8,70.0,2,10,14.0,10,1.74,28,18,10,0.85,0.7,0,8,19,3,22,4,11,0,,,,,,,,,,,,,,,,Right Winger,22.0,28000000.0
ENG-Premier League,2324.0,Chelsea,raheem sterling,ENG,MF,28.0,1994.0,31,22,1978,22.0,8,4,12,8,0,0,7,0,0.36,0.18,0.55,0.36,0.55,51,22,43.1,2.32,1.0,0.16,0.36,64,57.8,82.0,9,9,20.0,3,1.48,41,39,2,0.09,-0.66,0,35,41,10,59,10,9,0,,,,,,,,,,,,,,,,Right Winger,29.0,35000000.0
ENG-Premier League,2324.0,Chelsea,reece james,ENG,"DF,MF",23.0,1999.0,10,5,419,4.7,0,2,2,0,0,0,2,2,0.0,0.43,0.43,0.0,0.43,7,1,14.3,1.5,0.21,0.0,0.0,42,12.3,62.0,0,5,21.0,0,1.2,8,10,-2,-0.43,-0.91,1,4,5,2,28,3,9,0,,,,,,,,,,,,,,,,Right-Back,24.0,40000000.0
ENG-Premier League,2324.0,Chelsea,robert sanchez,ESP,GK,25.0,1997.0,16,16,1433,15.9,0,0,0,0,0,0,2,0,0.0,0.0,0.0,0.0,0.0,0,0,,0.0,0.0,,,90,41.9,90.0,15,0,,2,1.19,26,25,1,0.06,-0.53,0,0,1,0,0,0,0,0,25.0,1.57,77.0,52.0,67.5,5.0,4.0,7.0,3.0,18.8,3.0,2.0,1.0,0.0,33.3,Goalkeeper,26.0,20000000.0
ENG-Premier League,2324.0,Chelsea,romeo lavia,BEL,MF,19.0,2004.0,1,0,33,0.4,0,0,0,0,0,0,0,0,0.0,0.0,0.0,0.0,0.0,0,0,,0.0,0.0,,,33,1.0,,0,1,33.0,1,3.0,1,0,1,2.73,2.38,0,1,1,0,0,0,0,0,,,,,,,,,,,,,,,,Defensive Midfield,20.0,35000000.0
ENG-Premier League,2324.0,Chelsea,thiago silva,BRA,DF,38.0,1984.0,31,28,2527,28.1,3,1,4,3,0,0,4,0,0.11,0.04,0.14,0.11,0.14,14,4,28.6,0.5,0.14,0.21,0.75,82,73.9,89.0,25,3,15.0,5,1.65,58,45,13,0.46,0.36,0,10,7,1,4,25,15,0,,,,,,,,,,,,,,,,Centre-Back,39.0,1000000.0
ENG-Premier League,2324.0,Chelsea,trevoh chalobah,ENG,DF,24.0,1999.0,13,10,952,10.6,1,0,1,1,0,0,1,0,0.09,0.0,0.09,0.09,0.09,2,2,100.0,0.19,0.19,0.5,0.5,73,27.8,89.0,9,3,20.0,1,2.15,31,14,17,1.61,1.72,0,3,3,0,0,8,12,0,,,,,,,,,,,,,,,,Centre-Back,24.0,13000000.0
ENG-Premier League,2324.0,Chelsea,ore petrovic,SRB,GK,23.0,1999.0,23,22,1987,22.1,0,0,0,0,0,0,2,0,0.0,0.0,0.0,0.0,0.0,0,0,,0.0,0.0,,,86,58.1,90.0,22,1,7.0,12,1.91,51,38,13,0.59,0.53,0,0,1,0,0,0,0,0,38.0,1.72,112.0,74.0,66.1,13.0,5.0,4.0,4.0,18.2,2.0,1.0,0.0,1.0,0.0,,,
ENG-Premier League,2324.0,Crystal Palace,adam wharton,ENG,MF,19.0,2004.0,16,15,1297,14.4,0,3,3,0,0,0,2,0,0.0,0.21,0.21,0.0,0.21,10,1,10.0,0.69,0.07,0.0,0.0,81,37.9,82.0,6,1,63.0,0,1.56,27,16,11,0.76,1.27,0,18,21,0,25,18,31,0,,,,,,,,,,,,,,,,Defensive Midfield,20.0,30000000.0
ENG-Premier League,2324.0,Crystal Palace,cheick doucoure,MLI,MF,23.0,2000.0,11,11,919,10.2,0,0,0,0,0,0,2,0,0.0,0.0,0.0,0.0,0.0,6,2,33.3,0.59,0.2,0.0,0.0,84,26.9,84.0,8,0,,1,1.27,9,11,-2,-0.2,-0.23,0,10,1,0,1,19,16,0,,,,,,,,,,,,,,,,Defensive Midfield,24.0,35000000.0
ENG-Premier League,2324.0,Crystal Palace,chris richards,USA,"DF,MF",23.0,2000.0,26,23,2094,23.3,1,1,2,1,0,0,3,0,0.04,0.04,0.09,0.04,0.09,11,3,27.3,0.47,0.13,0.09,0.33,81,61.2,90.0,23,3,8.0,9,1.46,43,38,5,0.21,0.62,0,12,6,1,1,24,27,0,,,,,,,,,,,,,,,,Centre-Back,24.0,12000000.0
ENG-Premier League,2324.0,Crystal Palace,daniel munoz,COL,"MF,DF",27.0,1996.0,16,16,1439,16.0,0,4,4,0,0,0,4,0,0.0,0.25,0.25,0.0,0.25,8,0,0.0,0.5,0.0,0.0,,90,42.1,90.0,15,0,,0,1.56,32,22,10,0.63,1.13,0,29,8,8,10,23,36,0,,,,,,,,,,,,,,,,Right-Back,28.0,18000000.0
ENG-Premier League,2324.0,Crystal Palace,david ozoh,ENG,MF,18.0,2005.0,9,0,156,1.7,0,0,0,0,0,0,1,0,0.0,0.0,0.0,0.0,0.0,0,0,,0.0,0.0,,,17,4.6,,0,9,17.0,15,1.0,2,5,-3,-1.73,-1.79,0,2,0,0,0,0,6,0,,,,,,,,,,,,,,,,Defensive Midfield,19.0,700000.0
ENG-Premier League,2324.0,Crystal Palace,dean henderson,ENG,GK,26.0,1997.0,18,18,1620,18.0,0,0,0,0,0,0,2,0,0.0,0.0,0.0,0.0,0.0,0,0,,0.0,0.0,,,90,47.4,90.0,18,0,,7,1.56,36,30,6,0.33,0.68,0,0,2,0,0,0,1,1,30.0,1.67,87.0,57.0,65.5,8.0,4.0,6.0,2.0,11.1,1.0,1.0,0.0,0.0,0.0,Goalkeeper,27.0,12000000.0
ENG-Premier League,2324.0,Crystal Palace,eberechi eze,ENG,"MF,FW",25.0,1998.0,27,24,2055,22.8,11,4,15,10,1,1,3,0,0.48,0.18,0.66,0.44,0.61,83,34,41.0,3.64,1.49,0.12,0.29,76,60.1,83.0,12,3,18.0,0,1.56,41,28,13,0.57,1.49,0,27,48,11,109,11,17,0,,,,,,,,,,,,,,,,Attacking Midfield,26.0,55000000.0
ENG-Premier League,2324.0,Crystal Palace,james tomkins,ENG,"DF,MF",34.0,1989.0,4,0,10,0.1,0,0,0,0,0,0,0,0,0.0,0.0,0.0,0.0,0.0,0,0,,0.0,0.0,,,3,0.3,,0,4,3.0,24,2.25,0,2,-2,-18.0,-18.03,0,0,0,0,0,0,0,0,,,,,,,,,,,,,,,,Centre-Back,35.0,700000.0
ENG-Premier League,2324.0,Crystal Palace,jairo riedewald,NED,MF,26.0,1996.0,9,2,235,2.6,0,0,0,0,0,0,0,0,0.0,0.0,0.0,0.0,0.0,1,0,0.0,0.38,0.0,0.0,,26,6.9,77.0,0,7,12.0,20,2.33,2,3,-1,-0.38,-0.38,0,3,2,0,3,2,3,0,,,,,,,,,,,,,,,,Defensive Midfield,27.0,3000000.0
ENG-Premier League,2324.0,Crystal Palace,jean philippe mateta,FRA,FW,26.0,1997.0,35,25,2282,25.4,16,5,21,14,2,2,3,0,0.63,0.2,0.83,0.55,0.75,46,29,63.0,1.81,1.14,0.3,0.48,65,66.7,83.0,13,10,21.0,2,1.23,46,44,2,0.08,0.32,0,35,22,24,20,4,16,0,,,,,,,,,,,,,,,,Centre-Forward,27.0,20000000.0
ENG-Premier League,2324.0,Crystal Palace,jefferson lerma,COL,"MF,DF",28.0,1994.0,28,27,2400,26.7,1,1,2,1,0,0,8,0,0.04,0.04,0.07,0.04,0.07,34,9,26.5,1.27,0.34,0.03,0.11,86,70.2,88.0,22,1,15.0,0,1.07,32,46,-14,-0.52,-1.67,0,43,25,4,15,36,25,0,,,,,,,,,,,,,,,,Defensive Midfield,29.0,20000000.0
ENG-Premier League,2324.0,Crystal Palace,jeffrey schlupp,GHA,"MF,FW",30.0,1992.0,29,17,1352,15.0,2,2,4,2,0,0,1,0,0.13,0.13,0.27,0.13,0.27,19,11,57.9,1.26,0.73,0.11,0.18,47,39.5,70.0,2,12,14.0,3,1.34,12,25,-13,-0.87,-1.39,0,24,15,0,11,7,21,0,,,,,,,,,,,,,,,,Left Midfield,31.0,7000000.0
ENG-Premier League,2324.0,Crystal Palace,jesurun rak sakyi,GHA,"FW,MF",20.0,2002.0,6,0,136,1.5,0,0,0,0,0,0,0,0,0.0,0.0,0.0,0.0,0.0,5,1,20.0,3.31,0.66,0.0,0.0,23,4.0,,0,6,23.0,7,0.33,1,3,-2,-1.32,-1.35,0,1,5,0,3,3,1,0,,,,,,,,,,,,,,,,Right Winger,21.0,2000000.0
ENG-Premier League,2324.0,Crystal Palace,joachim andersen,DEN,DF,27.0,1996.0,38,38,3415,37.9,2,3,5,2,0,0,7,0,0.05,0.08,0.13,0.05,0.13,21,8,38.1,0.55,0.21,0.1,0.25,90,99.9,90.0,36,0,,0,1.29,57,58,-1,-0.03,-0.03,0,43,24,1,32,42,36,0,,,,,,,,,,,,,,,,Centre-Back,28.0,35000000.0
ENG-Premier League,2324.0,Crystal Palace,joel ward,ENG,DF,33.0,1989.0,26,23,1980,22.0,0,1,1,0,0,0,4,0,0.0,0.05,0.05,0.0,0.05,10,0,0.0,0.45,0.0,0.0,,76,57.9,85.0,19,3,6.0,5,1.19,23,34,-11,-0.5,-1.12,0,22,6,0,22,13,28,1,,,,,,,,,,,,,,,,Right-Back,34.0,1000000.0
ENG-Premier League,2324.0,Crystal Palace,jordan ayew,GHA,"MF,FW",31.0,1991.0,35,30,2543,28.3,4,7,11,4,0,0,9,1,0.14,0.25,0.39,0.14,0.39,48,20,41.7,1.7,0.71,0.08,0.2,73,74.4,82.0,17,5,19.0,1,1.29,33,37,-4,-0.14,-0.45,1,47,93,7,97,17,37,0,,,,,,,,,,,,,,,,Centre-Forward,32.0,4000000.0
ENG-Premier League,2324.0,Crystal Palace,marc guehi,ENG,DF,23.0,2000.0,25,23,2021,22.5,0,1,1,0,0,0,2,0,0.0,0.04,0.04,0.0,0.04,5,0,0.0,0.22,0.0,0.0,,81,59.1,86.0,19,2,17.0,0,1.32,30,32,-2,-0.09,-0.15,0,14,26,0,3,15,16,0,,,,,,,,,,,,,,,,Centre-Back,23.0,38000000.0
ENG-Premier League,2324.0,Crystal Palace,matheus franca,BRA,MF,19.0,2004.0,10,1,232,2.6,0,1,1,0,0,0,1,0,0.0,0.39,0.39,0.0,0.39,8,2,25.0,3.1,0.78,0.0,0.0,23,6.8,83.0,0,9,17.0,9,0.7,7,7,0,0.0,0.03,0,5,2,2,14,1,3,0,,,,,,,,,,,,,,,,Attacking Midfield,20.0,15000000.0
ENG-Premier League,2324.0,Crystal Palace,michael olise,FRA,"MF,FW",21.0,2001.0,19,14,1275,14.2,10,6,16,9,1,1,0,0,0.71,0.42,1.13,0.64,1.06,57,21,36.8,4.02,1.48,0.16,0.43,67,37.3,85.0,9,5,18.0,0,1.47,34,19,15,1.06,1.73,0,13,43,2,95,9,10,0,,,,,,,,,,,,,,,,Right Winger,22.0,55000000.0
ENG-Premier League,2324.0,Crystal Palace,naouirou ahamada,FRA,MF,21.0,2002.0,20,0,349,3.9,0,0,0,0,0,0,4,1,0.0,0.0,0.0,0.0,0.0,9,2,22.2,2.32,0.52,0.0,0.0,17,10.2,,0,20,17.0,14,0.85,13,14,-1,-0.26,-0.26,1,9,6,1,6,2,9,0,,,,,,,,,,,,,,,,Central Midfield,22.0,8000000.0
ENG-Premier League,2324.0,Crystal Palace,nathaniel clyne,ENG,DF,32.0,1991.0,19,14,1338,14.9,0,0,0,0,0,0,0,0,0.0,0.0,0.0,0.0,0.0,4,0,0.0,0.27,0.0,0.0,,70,39.1,87.0,10,5,24.0,18,1.53,31,16,15,1.01,1.7,0,6,3,0,9,9,15,0,,,,,,,,,,,,,,,,Right-Back,33.0,1500000.0
ENG-Premier League,2324.0,Crystal Palace,odsonne edouard,FRA,"FW,MF",25.0,1998.0,30,17,1555,17.3,7,0,7,7,0,0,4,0,0.41,0.0,0.41,0.41,0.41,51,19,37.3,2.95,1.1,0.14,0.37,52,45.5,81.0,5,13,14.0,3,1.23,14,24,-10,-0.58,-1.01,0,31,22,9,10,5,12,0,,,,,,,,,,,,,,,,Centre-Forward,26.0,18000000.0
ENG-Premier League,2324.0,Crystal Palace,remi matthews,ENG,GK,29.0,1994.0,1,0,4,0.0,0,0,0,0,0,0,0,0,0.0,0.0,0.0,0.0,0.0,0,0,,0.0,0.0,,,4,0.1,,0,1,4.0,28,0.0,0,1,-1,-22.5,-22.5,0,0,0,0,0,0,0,0,1.0,22.5,1.0,0.0,0.0,0.0,0.0,0.0,0.0,,0.0,0.0,0.0,0.0,,Goalkeeper,30.0,500000.0
ENG-Premier League,2324.0,Crystal Palace,sam johnstone,ENG,GK,30.0,1993.0,20,20,1796,20.0,0,0,0,0,0,0,1,0,0.0,0.0,0.0,0.0,0.0,0,0,,0.0,0.0,,,90,52.5,90.0,19,0,,4,1.05,21,27,-6,-0.3,-0.58,0,1,0,0,0,1,0,0,27.0,1.35,68.0,41.0,60.3,5.0,6.0,9.0,6.0,30.0,2.0,2.0,0.0,0.0,0.0,Goalkeeper,31.0,10000000.0
ENG-Premier League,2324.0,Crystal Palace,tyrick mitchell,ENG,"DF,MF",23.0,1999.0,37,37,3204,35.6,2,3,5,2,0,0,6,0,0.06,0.08,0.14,0.06,0.14,12,4,33.3,0.34,0.11,0.17,0.5,87,93.7,87.0,31,0,,0,1.32,52,55,-3,-0.08,-0.92,0,22,16,1,69,24,59,0,,,,,,,,,,,,,,,,Left-Back,24.0,25000000.0
ENG-Premier League,2324.0,Crystal Palace,will hughes,ENG,MF,28.0,1995.0,30,23,1891,21.0,0,1,1,0,0,0,6,0,0.0,0.05,0.05,0.0,0.05,8,3,37.5,0.38,0.14,0.0,0.0,63,55.3,78.0,8,7,15.0,1,1.23,29,37,-8,-0.38,-0.79,0,39,30,1,30,18,33,0,,,,,,,,,,,,,,,,Central Midfield,29.0,9000000.0
ENG-Premier League,2324.0,Everton,abdoulaye doucoure,MLI,MF,30.0,1993.0,32,32,2629,29.2,7,1,8,7,0,0,7,0,0.24,0.03,0.27,0.24,0.27,47,23,48.9,1.61,0.79,0.15,0.3,82,76.9,82.0,17,0,,0,1.44,33,35,-2,-0.07,0.96,0,53,8,21,26,16,28,0,,,,,,,,,,,,,,,,Attacking Midfield,31.0,10000000.0
ENG-Premier League,2324.0,Everton,alex iwobi,NGA,MF,27.0,1996.0,2,2,140,1.6,0,0,0,0,0,0,0,0,0.0,0.0,0.0,0.0,0.0,4,2,50.0,2.57,1.29,0.0,0.0,70,4.1,70.0,1,0,,0,0.0,0,4,-4,-2.57,-2.38,0,0,0,3,10,1,0,0,,,,,,,,,,,,,,,,Left Winger,28.0,25000000.0
ENG-Premier League,2324.0,Everton,amadou onana,BEL,MF,21.0,2001.0,30,23,2091,23.2,2,0,2,2,0,0,5,0,0.09,0.0,0.09,0.09,0.09,29,6,20.7,1.25,0.26,0.07,0.33,70,61.1,83.0,16,7,27.0,1,1.1,21,37,-16,-0.69,-1.03,0,37,45,1,3,19,39,0,,,,,,,,,,,,,,,,Defensive Midfield,22.0,50000000.0
ENG-Premier League,2324.0,Everton,andre gomes,POR,MF,30.0,1993.0,12,3,508,5.6,1,0,1,1,0,0,4,0,0.18,0.0,0.18,0.18,0.18,8,4,50.0,1.42,0.71,0.13,0.25,42,14.9,73.0,1,9,32.0,4,0.92,6,7,-1,-0.18,0.13,0,17,5,0,27,3,4,0,,,,,,,,,,,,,,,,Central Midfield,30.0,10000000.0
ENG-Premier League,2324.0,Everton,arnaut danjuma,NED,"MF,FW",26.0,1997.0,14,5,595,6.6,1,0,1,1,0,0,0,0,0.15,0.0,0.15,0.15,0.15,25,9,36.0,3.78,1.36,0.04,0.11,43,17.4,84.0,2,9,19.0,14,0.43,3,10,-7,-1.06,-0.93,0,6,5,3,10,3,4,0,,,,,,,,,,,,,,,,Left Winger,27.0,13000000.0
ENG-Premier League,2324.0,Everton,ashley young,ENG,"DF,MF",38.0,1985.0,31,27,2280,25.3,0,0,0,0,0,0,7,1,0.0,0.0,0.0,0.0,0.0,13,2,15.4,0.51,0.08,0.0,0.0,74,66.7,81.0,14,4,21.0,1,1.32,28,33,-5,-0.2,0.28,1,33,24,1,98,22,36,1,,,,,,,,,,,,,,,,Right-Back,38.0,500000.0
ENG-Premier League,2324.0,Everton,ben godfrey,ENG,DF,25.0,1998.0,15,13,1120,12.4,0,0,0,0,0,0,2,0,0.0,0.0,0.0,0.0,0.0,15,4,26.7,1.21,0.32,0.0,0.0,75,32.7,86.0,10,2,1.0,23,1.07,12,13,-1,-0.08,0.31,0,8,6,2,21,16,21,0,,,,,,,,,,,,,,,,Centre-Back,26.0,10000000.0
ENG-Premier League,2324.0,Everton,beto,GNB,FW,25.0,1998.0,30,9,951,10.6,3,0,3,3,0,1,2,0,0.28,0.0,0.28,0.28,0.28,43,13,30.2,4.07,1.23,0.07,0.23,32,27.8,72.0,2,21,15.0,2,1.2,16,20,-4,-0.38,-0.12,0,21,19,10,5,1,6,0,,,,,,,,,,,,,,,,Centre-Forward,26.0,20000000.0
ENG-Premier League,2324.0,Everton,dominic calvert lewin,ENG,FW,26.0,1997.0,32,26,2171,24.1,7,2,9,5,2,2,2,0,0.29,0.08,0.37,0.21,0.29,73,31,42.5,3.03,1.29,0.07,0.16,68,63.5,78.0,4,6,26.0,0,1.28,26,27,-1,-0.04,0.68,0,31,32,24,3,4,6,0,,,,,,,,,,,,,,,,Centre-Forward,27.0,22000000.0
ENG-Premier League,2324.0,Everton,dwight mcneil,ENG,MF,23.0,1999.0,35,33,2892,32.1,3,6,9,3,0,0,2,0,0.09,0.19,0.28,0.09,0.28,57,15,26.3,1.77,0.47,0.05,0.2,83,84.6,86.0,24,2,22.0,0,1.37,37,38,-1,-0.03,1.67,0,18,33,4,229,20,27,0,,,,,,,,,,,,,,,,Left Winger,24.0,22000000.0
ENG-Premier League,2324.0,Everton,idrissa gueye,SEN,MF,33.0,1989.0,25,24,1884,20.9,4,0,4,4,0,0,8,0,0.19,0.0,0.19,0.19,0.19,26,7,26.9,1.24,0.33,0.15,0.57,75,55.1,77.0,12,1,45.0,3,1.36,23,26,-3,-0.14,0.33,0,35,31,0,10,28,41,0,,,,,,,,,,,,,,,,Defensive Midfield,34.0,3000000.0
ENG-Premier League,2324.0,Everton,jack harrison,ENG,MF,26.0,1996.0,29,25,2214,24.6,3,3,6,3,0,0,1,0,0.12,0.12,0.24,0.12,0.24,34,9,26.5,1.38,0.37,0.09,0.33,76,64.7,84.0,17,4,31.0,1,1.38,27,25,2,0.08,1.05,0,20,31,1,82,11,22,0,,,,,,,,,,,,,,,,Left Winger,27.0,18000000.0
ENG-Premier League,2324.0,Everton,james garner,ENG,MF,22.0,2001.0,37,34,3004,33.4,1,2,3,1,0,0,7,0,0.03,0.06,0.09,0.03,0.09,41,11,26.8,1.23,0.33,0.02,0.09,81,87.8,86.0,29,3,22.0,0,1.22,36,47,-11,-0.33,-0.33,0,39,43,3,113,46,42,0,,,,,,,,,,,,,,,,Defensive Midfield,23.0,22000000.0
ENG-Premier League,2324.0,Everton,james tarkowski,ENG,DF,30.0,1992.0,38,38,3419,38.0,1,1,2,1,0,0,11,0,0.03,0.03,0.05,0.03,0.05,25,5,20.0,0.66,0.13,0.04,0.2,90,100.0,90.0,37,0,,0,1.26,40,51,-11,-0.29,-0.29,0,45,25,1,6,55,42,0,,,,,,,,,,,,,,,,Centre-Back,31.0,13000000.0
ENG-Premier League,2324.0,Everton,jarrad branthwaite,ENG,DF,21.0,2002.0,35,35,3116,34.6,3,0,3,3,0,0,8,0,0.09,0.0,0.09,0.09,0.09,14,4,28.6,0.4,0.12,0.21,0.75,89,91.1,89.0,34,0,,2,1.29,38,44,-6,-0.17,1.31,0,25,19,5,1,48,33,0,,,,,,,,,,,,,,,,Centre-Back,22.0,42000000.0
ENG-Premier League,2324.0,Everton,jordan pickford,ENG,GK,29.0,1994.0,38,38,3420,38.0,0,0,0,0,0,0,5,0,0.0,0.0,0.0,0.0,0.0,0,0,,0.0,0.0,,,90,100.0,90.0,38,0,,0,1.26,40,51,-11,-0.29,,0,1,6,0,0,0,0,1,51.0,1.34,172.0,121.0,70.3,13.0,9.0,16.0,10.0,26.3,8.0,8.0,0.0,0.0,0.0,Goalkeeper,30.0,22000000.0
ENG-Premier League,2324.0,Everton,lewis dobbin,ENG,MF,20.0,2003.0,12,1,232,2.6,1,0,1,1,0,0,1,0,0.39,0.0,0.39,0.39,0.39,5,2,40.0,1.94,0.78,0.2,0.5,19,6.8,65.0,0,11,15.0,16,0.92,2,3,-1,-0.39,-0.11,0,3,6,0,6,1,7,0,,,,,,,,,,,,,,,,Left Winger,21.0,2500000.0
ENG-Premier League,2324.0,Everton,lewis warrington,ENG,MF,20.0,2002.0,1,0,1,0.0,0,0,0,0,0,0,0,0,0.0,0.0,0.0,0.0,0.0,0,0,,0.0,0.0,,,1,0.0,,0,1,1.0,7,3.0,0,0,0,0.0,0.29,0,0,0,0,0,0,0,0,,,,,,,,,,,,,,,,Central Midfield,21.0,500000.0
ENG-Premier League,2324.0,Everton,michael keane,ENG,DF,30.0,1993.0,9,4,439,4.9,1,0,1,1,0,0,2,0,0.21,0.0,0.21,0.21,0.21,6,4,66.7,1.23,0.82,0.17,0.25,49,12.8,83.0,3,5,21.0,26,0.67,2,13,-11,-2.26,-2.26,0,5,0,0,0,5,3,0,,,,,,,,,,,,,,,,Centre-Back,31.0,6000000.0
ENG-Premier League,2324.0,Everton,nathan patterson,SCO,DF,21.0,2001.0,20,9,1005,11.2,0,2,2,0,0,0,4,0,0.0,0.18,0.18,0.0,0.18,4,0,0.0,0.36,0.0,0.0,,50,29.4,87.0,8,11,20.0,12,1.05,12,21,-9,-0.81,-0.73,0,18,5,1,32,11,25,0,,,,,,,,,,,,,,,,Right-Back,22.0,15000000.0
ENG-Premier League,2324.0,Everton,neal maupay,FRA,FW,26.0,1996.0,2,1,111,1.2,0,0,0,0,0,0,0,0,0.0,0.0,0.0,0.0,0.0,5,4,80.0,4.05,3.24,0.0,0.0,56,3.2,71.0,0,1,40.0,1,0.0,0,1,-1,-0.81,-0.54,0,1,0,2,0,0,0,0,,,,,,,,,,,,,,,,Centre-Forward,27.0,12000000.0
ENG-Premier League,2324.0,Everton,seamus coleman,IRL,DF,34.0,1988.0,12,7,665,7.4,0,0,0,0,0,0,0,0,0.0,0.0,0.0,0.0,0.0,0,0,,0.0,0.0,,,55,19.4,80.0,5,5,21.0,6,1.08,5,10,-5,-0.68,-0.48,0,6,5,0,12,7,14,1,,,,,,,,,,,,,,,,Right-Back,35.0,500000.0
ENG-Premier League,2324.0,Everton,tom cannon,IRL,FW,20.0,2002.0,1,0,1,0.0,0,0,0,0,0,0,0,0,0.0,0.0,0.0,0.0,0.0,0,0,,0.0,0.0,,,1,0.0,,0,1,1.0,2,0.0,0,0,0,0.0,0.29,0,0,0,0,0,0,0,0,,,,,,,,,,,,,,,,Centre-Forward,21.0,4000000.0
ENG-Premier League,2324.0,Everton,tyler onyango,ENG,MF,20.0,2003.0,1,0,1,0.0,0,0,0,0,0,0,0,0,0.0,0.0,0.0,0.0,0.0,0,0,,0.0,0.0,,,1,0.0,,0,1,1.0,4,0.0,0,0,0,0.0,0.29,0,0,0,0,0,0,0,0,,,,,,,,,,,,,,,,Central Midfield,21.0,500000.0
ENG-Premier League,2324.0,Everton,vitaliy mykolenko,UKR,DF,24.0,1999.0,28,28,2469,27.4,2,0,2,2,0,0,1,0,0.07,0.0,0.07,0.07,0.07,26,5,19.2,0.95,0.18,0.08,0.4,88,72.2,88.0,25,0,,4,1.32,30,37,-7,-0.26,0.12,0,23,9,1,56,34,37,0,,,,,,,,,,,,,,,,Left-Back,25.0,28000000.0
ENG-Premier League,2324.0,Everton,youssef chermiti,POR,FW,19.0,2004.0,18,1,208,2.3,0,0,0,0,0,0,3,0,0.0,0.0,0.0,0.0,0.0,7,2,28.6,3.03,0.87,0.0,0.0,12,6.1,89.0,0,17,7.0,18,1.33,3,4,-1,-0.43,-0.15,0,11,4,6,0,1,2,0,,,,,,,,,,,,,,,,Centre-Forward,20.0,9000000.0
ENG-Premier League,2324.0,Fulham,adama traore,ESP,MF,27.0,1996.0,17,1,377,4.2,2,3,5,2,0,0,2,0,0.48,0.72,1.19,0.48,1.19,11,7,63.6,2.63,1.67,0.18,0.29,22,11.0,78.0,0,16,19.0,2,1.06,11,13,-2,-0.48,-0.36,0,5,4,0,26,1,3,0,,,,,,,,,,,,,,,,Right Winger,28.0,9000000.0
ENG-Premier League,2324.0,Fulham,aleksandar mitrovic,SRB,FW,28.0,1994.0,1,0,33,0.4,0,0,0,0,0,0,0,0,0.0,0.0,0.0,0.0,0.0,2,1,50.0,5.45,2.73,0.0,0.0,33,1.0,,0,1,33.0,0,3.0,1,0,1,2.73,2.91,0,0,0,0,0,0,0,0,,,,,,,,,,,,,,,,Centre-Forward,29.0,28000000.0
ENG-Premier League,2324.0,Fulham,alex iwobi,NGA,MF,27.0,1996.0,30,25,2192,24.4,5,2,7,5,0,0,2,0,0.21,0.08,0.29,0.21,0.29,51,18,35.3,2.09,0.74,0.1,0.28,73,64.1,81.0,9,5,34.0,0,1.27,38,38,0,0.0,0.44,0,12,5,5,62,15,16,0,,,,,,,,,,,,,,,,Left Winger,28.0,25000000.0
ENG-Premier League,2324.0,Fulham,andreas pereira,BRA,MF,27.0,1996.0,37,34,2613,29.0,3,7,10,3,0,0,6,0,0.1,0.24,0.34,0.1,0.34,52,16,30.8,1.79,0.55,0.06,0.19,71,76.4,74.0,5,3,28.0,1,1.19,39,40,-1,-0.03,0.52,0,22,26,3,219,4,13,0,,,,,,,,,,,,,,,,Central Midfield,28.0,20000000.0
ENG-Premier League,2324.0,Fulham,antonee robinson,USA,DF,25.0,1997.0,37,37,3265,36.3,0,6,6,0,0,0,6,0,0.0,0.17,0.17,0.0,0.17,16,7,43.8,0.44,0.19,0.0,0.0,88,95.5,88.0,32,0,,0,1.19,52,60,-8,-0.22,-1.38,0,34,20,3,133,81,56,2,,,,,,,,,,,,,,,,Left-Back,26.0,25000000.0
ENG-Premier League,2324.0,Fulham,armando broja,ALB,FW,21.0,2001.0,8,0,88,1.0,0,1,1,0,0,0,0,0,0.0,1.02,1.02,0.0,1.02,0,0,,0.0,0.0,,,11,2.6,,0,8,11.0,4,1.38,2,4,-2,-2.05,-1.94,0,5,3,0,1,0,0,0,,,,,,,,,,,,,,,,Centre-Forward,22.0,22000000.0
ENG-Premier League,2324.0,Fulham,bernd leno,GER,GK,31.0,1992.0,38,38,3420,38.0,0,0,0,0,0,0,3,0,0.0,0.0,0.0,0.0,0.0,0,0,,0.0,0.0,,,90,100.0,90.0,38,0,,0,1.24,55,61,-6,-0.16,,0,0,3,0,0,0,0,1,61.0,1.61,195.0,134.0,68.7,13.0,8.0,17.0,10.0,26.3,8.0,8.0,0.0,0.0,0.0,Goalkeeper,32.0,13000000.0
ENG-Premier League,2324.0,Fulham,bobby de cordova reid,JAM,"MF,FW",30.0,1993.0,33,17,1423,15.8,6,2,8,6,0,0,4,0,0.38,0.13,0.51,0.38,0.51,33,8,24.2,2.09,0.51,0.18,0.75,43,41.6,69.0,1,16,16.0,5,1.24,22,29,-7,-0.44,-0.49,0,16,25,4,35,5,14,0,,,,,,,,,,,,,,,,Attacking Midfield,31.0,5000000.0
ENG-Premier League,2324.0,Fulham,calvin bassey,NGA,DF,23.0,1999.0,29,25,2303,25.6,1,0,1,1,0,0,6,1,0.04,0.0,0.04,0.04,0.04,5,2,40.0,0.2,0.08,0.2,0.5,79,67.3,90.0,24,4,15.0,4,1.31,44,42,2,0.08,0.72,1,15,11,2,3,27,29,0,,,,,,,,,,,,,,,,Centre-Back,24.0,16000000.0
ENG-Premier League,2324.0,Fulham,carlos vinicius,BRA,FW,28.0,1995.0,13,2,315,3.5,2,0,2,2,0,0,2,0,0.57,0.0,0.57,0.57,0.57,9,5,55.6,2.57,1.43,0.22,0.4,24,9.2,61.0,0,11,18.0,7,1.23,6,5,1,0.29,0.49,0,4,2,6,1,0,2,0,,,,,,,,,,,,,,,,Centre-Forward,29.0,4000000.0
ENG-Premier League,2324.0,Fulham,fode ballo toure,SEN,"DF,MF",26.0,1997.0,6,0,71,0.8,0,0,0,0,0,0,1,0,0.0,0.0,0.0,0.0,0.0,0,0,,0.0,0.0,,,12,2.1,,0,6,12.0,16,2.0,2,1,1,1.27,1.46,0,4,2,0,5,3,2,0,,,,,,,,,,,,,,,,Left-Back,27.0,3000000.0
ENG-Premier League,2324.0,Fulham,harrison reed,ENG,MF,28.0,1995.0,27,15,1325,14.7,0,2,2,0,0,0,6,0,0.0,0.14,0.14,0.0,0.14,9,2,22.2,0.61,0.14,0.0,0.0,49,38.7,78.0,6,12,13.0,10,1.52,22,23,-1,-0.07,0.15,0,26,10,0,19,9,17,0,,,,,,,,,,,,,,,,Central Midfield,29.0,15000000.0
ENG-Premier League,2324.0,Fulham,harry wilson,WAL,"MF,FW",26.0,1997.0,35,16,1620,18.0,4,6,10,4,0,0,6,0,0.22,0.33,0.56,0.22,0.56,40,13,32.5,2.22,0.72,0.1,0.31,46,47.4,76.0,5,19,22.0,1,1.26,21,30,-9,-0.5,-0.65,0,21,40,5,42,9,13,0,,,,,,,,,,,,,,,,Right Winger,27.0,17000000.0
ENG-Premier League,2324.0,Fulham,issa diop,MAR,DF,26.0,1997.0,18,16,1424,15.8,0,0,0,0,0,0,4,1,0.0,0.0,0.0,0.0,0.0,5,1,20.0,0.32,0.06,0.0,0.0,79,41.6,88.0,13,2,11.0,3,1.28,12,25,-13,-0.82,-1.14,1,17,4,0,0,17,14,0,,,,,,,,,,,,,,,,Centre-Back,27.0,20000000.0
ENG-Premier League,2324.0,Fulham,joao palhinha,POR,MF,28.0,1995.0,33,31,2699,30.0,4,1,5,4,0,0,13,0,0.13,0.03,0.17,0.13,0.17,44,13,29.5,1.47,0.43,0.09,0.31,82,78.9,86.0,18,2,23.0,0,1.06,43,46,-3,-0.1,0.27,0,52,56,2,5,48,77,0,,,,,,,,,,,,,,,,Defensive Midfield,28.0,55000000.0
ENG-Premier League,2324.0,Fulham,kenny tete,NED,DF,27.0,1995.0,14,10,867,9.6,1,0,1,1,0,0,2,0,0.1,0.0,0.1,0.1,0.1,4,1,25.0,0.42,0.1,0.25,1.0,62,25.4,82.0,5,4,13.0,14,1.07,14,21,-7,-0.73,-0.76,0,16,12,0,23,16,19,0,,,,,,,,,,,,,,,,Right-Back,28.0,15000000.0
ENG-Premier League,2324.0,Fulham,luke harris,WAL,MF,18.0,2005.0,1,0,75,0.8,0,0,0,0,0,0,0,0,0.0,0.0,0.0,0.0,0.0,1,1,100.0,1.2,1.2,0.0,0.0,75,2.2,,0,1,75.0,4,0.0,1,5,-4,-4.8,-4.75,0,2,2,0,0,0,1,0,,,,,,,,,,,,,,,,Attacking Midfield,19.0,1000000.0
ENG-Premier League,2324.0,Fulham,raul jimenez,MEX,FW,32.0,1991.0,24,18,1395,15.5,7,0,7,7,0,0,3,1,0.45,0.0,0.45,0.45,0.45,41,17,41.5,2.65,1.1,0.17,0.41,58,40.8,71.0,4,6,19.0,5,1.25,25,26,-1,-0.06,0.16,0,17,21,12,7,4,12,0,,,,,,,,,,,,,,,,Centre-Forward,33.0,5000000.0
ENG-Premier League,2324.0,Fulham,rodrigo muniz,BRA,FW,22.0,2001.0,26,18,1593,17.7,9,1,10,9,0,0,1,0,0.51,0.06,0.56,0.51,0.56,73,27,37.0,4.12,1.53,0.12,0.33,61,46.6,80.0,7,8,18.0,7,1.04,24,27,-3,-0.17,-0.02,0,25,34,4,2,6,4,0,,,,,,,,,,,,,,,,Centre-Forward,23.0,20000000.0
ENG-Premier League,2324.0,Fulham,sasa lukic,SRB,MF,26.0,1996.0,24,13,1122,12.5,1,0,1,1,0,0,3,0,0.08,0.0,0.08,0.08,0.08,13,3,23.1,1.04,0.24,0.08,0.33,47,32.8,77.0,5,11,12.0,9,1.08,14,20,-6,-0.48,-0.48,0,27,9,0,3,14,21,0,,,,,,,,,,,,,,,,Central Midfield,27.0,10000000.0
ENG-Premier League,2324.0,Fulham,tim ream,USA,DF,35.0,1987.0,18,17,1503,16.7,1,0,1,1,0,0,4,1,0.06,0.0,0.06,0.06,0.06,1,1,100.0,0.06,0.06,1.0,1.0,84,43.9,87.0,15,1,16.0,13,1.22,24,29,-5,-0.3,-0.25,1,8,6,1,1,26,9,0,,,,,,,,,,,,,,,,Centre-Back,36.0,800000.0
ENG-Premier League,2324.0,Fulham,timothy castagne,BEL,DF,27.0,1995.0,34,29,2634,29.3,1,3,4,1,0,0,3,0,0.03,0.1,0.14,0.03,0.14,14,5,35.7,0.48,0.17,0.07,0.2,77,77.0,88.0,25,5,16.0,1,1.26,41,40,1,0.03,0.84,0,22,11,3,50,37,25,0,,,,,,,,,,,,,,,,Right-Back,28.0,17000000.0
ENG-Premier League,2324.0,Fulham,tom cairney,SCO,MF,32.0,1991.0,34,14,1488,16.5,1,4,5,1,0,0,3,0,0.06,0.24,0.3,0.06,0.3,17,8,47.1,1.03,0.48,0.06,0.13,44,43.5,77.0,6,20,21.0,4,1.18,28,27,1,0.06,0.39,0,15,23,0,25,12,17,1,,,,,,,,,,,,,,,,Central Midfield,33.0,2000000.0
ENG-Premier League,2324.0,Fulham,tosin adarabioyo,ENG,DF,25.0,1997.0,20,18,1617,18.0,2,0,2,2,0,0,2,0,0.11,0.0,0.11,0.11,0.11,14,5,35.7,0.78,0.28,0.14,0.4,81,47.3,90.0,17,2,2.0,2,1.4,28,25,3,0.17,0.62,0,10,5,0,2,24,12,0,,,,,,,,,,,,,,,,Centre-Back,26.0,20000000.0
ENG-Premier League,2324.0,Fulham,willian,BRA,"MF,FW",34.0,1988.0,31,24,2053,22.8,4,2,6,2,2,2,1,0,0.18,0.09,0.26,0.09,0.18,45,18,40.0,1.97,0.79,0.04,0.11,66,60.0,77.0,9,7,29.0,2,1.29,33,28,5,0.22,0.94,0,9,30,1,75,9,11,0,,,,,,,,,,,,,,,,Left Winger,35.0,3000000.0
ENG-Premier League,2324.0,Liverpool,alexis mac allister,ARG,MF,24.0,1998.0,33,31,2599,28.9,5,5,10,4,1,1,7,1,0.17,0.17,0.35,0.14,0.31,44,9,20.5,1.52,0.31,0.09,0.44,79,76.0,83.0,17,2,17.0,0,2.15,62,34,28,0.97,-0.89,0,53,47,0,31,32,52,0,,,,,,,,,,,,,,,,Central Midfield,25.0,75000000.0
ENG-Premier League,2324.0,Liverpool,alisson,BRA,GK,30.0,1992.0,28,28,2520,28.0,0,0,0,0,0,0,1,0,0.0,0.0,0.0,0.0,0.0,0,0,,0.0,0.0,,,90,73.7,90.0,28,0,,0,2.0,60,30,30,1.07,-0.43,0,1,5,0,0,0,0,0,30.0,1.07,112.0,82.0,73.2,16.0,8.0,4.0,7.0,25.0,1.0,1.0,0.0,0.0,0.0,Goalkeeper,31.0,28000000.0
ENG-Premier League,2324.0,Liverpool,andy robertson,SCO,DF,29.0,1994.0,23,18,1693,18.8,3,2,5,3,0,0,2,0,0.16,0.11,0.27,0.16,0.27,12,7,58.3,0.64,0.37,0.25,0.43,74,49.5,86.0,14,5,28.0,0,2.04,43,22,21,1.12,-0.13,0,9,5,3,184,13,25,0,,,,,,,,,,,,,,,,,,
ENG-Premier League,2324.0,Liverpool,ben gannon doak,SCO,MF,17.0,2005.0,1,0,14,0.2,0,0,0,0,0,0,0,0,0.0,0.0,0.0,0.0,0.0,0,0,,0.0,0.0,,,14,0.4,,0,1,14.0,8,1.0,0,0,0,0.0,-1.19,0,0,0,0,0,0,0,0,,,,,,,,,,,,,,,,Right Winger,18.0,10000000.0
ENG-Premier League,2324.0,Liverpool,bobby clark,ENG,MF,18.0,2005.0,5,1,89,1.0,0,0,0,0,0,0,0,0,0.0,0.0,0.0,0.0,0.0,2,0,0.0,2.02,0.0,0.0,,18,2.6,59.0,0,4,8.0,6,3.0,2,0,2,2.02,0.86,0,4,3,0,0,1,1,0,,,,,,,,,,,,,,,,Central Midfield,19.0,1000000.0
ENG-Premier League,2324.0,Liverpool,caoimhin kelleher,IRL,GK,24.0,1998.0,10,10,900,10.0,0,0,0,0,0,0,0,0,0.0,0.0,0.0,0.0,0.0,0,0,,0.0,0.0,,,90,26.3,90.0,10,0,,27,2.6,26,11,15,1.5,0.43,0,0,0,0,0,0,0,0,11.0,1.1,39.0,28.0,71.8,8.0,2.0,0.0,2.0,20.0,0.0,0.0,0.0,0.0,,Goalkeeper,25.0,20000000.0
ENG-Premier League,2324.0,Liverpool,cody gakpo,NED,"FW,MF",24.0,1999.0,35,17,1649,18.3,8,5,13,8,0,0,1,0,0.44,0.27,0.71,0.44,0.71,66,24,36.4,3.6,1.31,0.12,0.33,47,48.2,73.0,3,18,23.0,0,2.23,52,19,33,1.8,1.19,0,28,38,8,21,11,18,0,,,,,,,,,,,,,,,,Left Winger,25.0,50000000.0
ENG-Premier League,2324.0,Liverpool,conor bradley,NIR,DF,20.0,2003.0,11,10,753,8.4,1,3,4,1,0,0,2,0,0.12,0.36,0.48,0.12,0.48,12,4,33.3,1.43,0.48,0.08,0.25,68,22.0,73.0,2,1,20.0,8,2.36,18,7,11,1.31,0.17,0,8,12,2,18,10,25,1,,,,,,,,,,,,,,,,Right-Back,20.0,15000000.0
ENG-Premier League,2324.0,Liverpool,curtis jones,ENG,MF,22.0,2001.0,23,14,1167,13.0,1,1,2,1,0,0,3,1,0.08,0.08,0.15,0.08,0.15,19,6,31.6,1.47,0.46,0.05,0.17,51,34.1,70.0,4,9,20.0,4,1.96,31,17,14,1.08,-0.16,0,16,14,5,4,7,14,0,,,,,,,,,,,,,,,,Central Midfield,23.0,35000000.0
ENG-Premier League,2324.0,Liverpool,darwin nunez,URU,FW,24.0,1999.0,36,22,2047,22.7,11,8,19,11,0,1,9,0,0.48,0.35,0.84,0.48,0.84,108,46,42.6,4.75,2.02,0.1,0.24,57,59.9,79.0,9,14,21.0,1,2.19,48,25,23,1.01,-0.43,0,28,15,33,19,2,13,0,,,,,,,,,,,,,,,,Centre-Forward,25.0,70000000.0
ENG-Premier League,2324.0,Liverpool,diogo jota,POR,FW,26.0,1996.0,21,14,1145,12.7,10,3,13,10,0,0,3,1,0.79,0.24,1.02,0.79,1.02,41,20,48.8,3.22,1.57,0.24,0.5,55,33.5,71.0,3,7,22.0,1,2.29,33,10,23,1.81,0.94,1,27,21,3,9,7,13,0,,,,,,,,,,,,,,,,Left Winger,27.0,50000000.0
ENG-Premier League,2324.0,Liverpool,dominik szoboszlai,HUN,MF,22.0,2000.0,33,25,2104,23.4,3,2,5,3,0,0,1,0,0.13,0.09,0.21,0.13,0.21,60,15,25.0,2.57,0.64,0.05,0.2,64,61.5,79.0,12,8,15.0,0,2.12,42,23,19,0.81,-0.97,0,29,29,3,113,14,18,0,,,,,,,,,,,,,,,,Attacking Midfield,23.0,75000000.0
ENG-Premier League,2324.0,Liverpool,harvey elliott,ENG,"MF,FW",20.0,2003.0,34,11,1352,15.0,3,6,9,3,0,0,2,0,0.2,0.4,0.6,0.2,0.6,49,17,34.7,3.26,1.13,0.06,0.18,40,39.5,77.0,4,23,22.0,4,2.15,41,13,28,1.86,1.12,0,7,14,1,61,5,17,0,,,,,,,,,,,,,,,,Attacking Midfield,21.0,35000000.0
ENG-Premier League,2324.0,Liverpool,ibrahima konate,FRA,DF,24.0,1999.0,22,17,1574,17.5,0,0,0,0,0,0,5,1,0.0,0.0,0.0,0.0,0.0,11,2,18.2,0.63,0.11,0.0,0.0,72,46.0,87.0,14,5,20.0,11,2.0,38,17,21,1.2,0.03,1,25,13,0,1,19,23,0,,,,,,,,,,,,,,,,Centre-Back,25.0,45000000.0
ENG-Premier League,2324.0,Liverpool,james mcconnell,ENG,MF,18.0,2004.0,3,0,4,0.0,0,0,0,0,0,0,0,0,0.0,0.0,0.0,0.0,0.0,0,0,,0.0,0.0,,,1,0.1,,0,3,1.0,15,3.0,1,0,1,22.5,21.34,0,1,1,0,0,1,0,0,,,,,,,,,,,,,,,,Defensive Midfield,19.0,500000.0
ENG-Premier League,2324.0,Liverpool,jarell quansah,ENG,DF,20.0,2003.0,17,13,1190,13.2,2,0,2,2,0,0,1,0,0.15,0.0,0.15,0.15,0.15,6,4,66.7,0.45,0.3,0.33,0.5,70,34.8,87.0,10,4,16.0,17,2.35,31,16,15,1.13,-0.08,0,10,2,0,0,16,22,0,,,,,,,,,,,,,,,,Centre-Back,21.0,22000000.0
ENG-Premier League,2324.0,Liverpool,jayden danns,ENG,FW,17.0,2006.0,2,0,9,0.1,0,0,0,0,0,0,1,0,0.0,0.0,0.0,0.0,0.0,0,0,,0.0,0.0,,,5,0.3,,0,2,5.0,4,3.0,2,0,2,20.0,18.87,0,2,0,0,0,0,0,0,,,,,,,,,,,,,,,,Centre-Forward,18.0,1000000.0
ENG-Premier League,2324.0,Liverpool,joe gomez,ENG,DF,26.0,1997.0,32,17,1786,19.8,0,1,1,0,0,0,5,0,0.0,0.05,0.05,0.0,0.05,19,2,10.5,0.96,0.1,0.0,0.0,56,52.2,85.0,12,15,23.0,4,2.22,47,19,28,1.41,0.47,0,28,16,0,39,19,30,0,,,,,,,,,,,,,,,,Centre-Back,27.0,28000000.0
ENG-Premier League,2324.0,Liverpool,joel matip,CMR,DF,31.0,1991.0,10,9,781,8.7,0,0,0,0,0,0,2,0,0.0,0.0,0.0,0.0,0.0,5,0,0.0,0.58,0.0,0.0,,78,22.8,84.0,6,1,25.0,4,2.3,20,9,11,1.27,0.11,0,7,3,1,0,9,7,1,,,,,,,,,,,,,,,,Centre-Back,32.0,8000000.0
ENG-Premier League,2324.0,Liverpool,kaide gordon,ENG,FW,18.0,2004.0,1,0,1,0.0,0,0,0,0,0,0,0,0,0.0,0.0,0.0,0.0,0.0,0,0,,0.0,0.0,,,1,0.0,,0,1,1.0,1,3.0,0,0,0,0.0,-1.18,0,0,0,0,0,0,0,0,,,,,,,,,,,,,,,,Right Winger,19.0,1200000.0
ENG-Premier League,2324.0,Liverpool,kostas tsimikas,GRE,DF,27.0,1996.0,13,8,679,7.5,0,3,3,0,0,0,0,0,0.0,0.4,0.4,0.0,0.4,3,0,0.0,0.4,0.0,0.0,,52,19.9,79.0,6,5,9.0,17,2.15,16,7,9,1.19,0.01,0,11,7,1,72,4,12,0,,,,,,,,,,,,,,,,,,
ENG-Premier League,2324.0,Liverpool,luis diaz,COL,FW,26.0,1997.0,37,32,2629,29.2,8,5,13,8,0,0,3,0,0.27,0.17,0.45,0.27,0.45,94,32,34.0,3.22,1.1,0.09,0.25,71,76.9,78.0,11,5,24.0,0,2.14,67,33,34,1.16,-0.09,0,54,42,20,27,3,26,0,,,,,,,,,,,,,,,,Left Winger,27.0,75000000.0
ENG-Premier League,2324.0,Liverpool,mohamed salah,EGY,FW,31.0,1992.0,32,28,2534,28.2,18,10,28,13,5,7,2,0,0.64,0.36,0.99,0.46,0.82,114,56,49.1,4.05,1.99,0.11,0.23,79,74.1,87.0,22,4,27.0,0,2.09,58,30,28,0.99,-0.73,0,12,25,18,41,2,11,0,,,,,,,,,,,,,,,,Right Winger,32.0,55000000.0
ENG-Premier League,2324.0,Liverpool,owen beck,WAL,"DF,MF",20.0,2002.0,1,0,8,0.1,0,0,0,0,0,0,0,0,0.0,0.0,0.0,0.0,0.0,0,0,,0.0,0.0,,,8,0.2,,0,1,8.0,0,3.0,1,0,1,11.25,10.09,0,0,0,0,0,0,1,0,,,,,,,,,,,,,,,,Left-Back,21.0,1250000.0
ENG-Premier League,2324.0,Liverpool,ryan gravenberch,NED,MF,21.0,2002.0,26,12,1121,12.5,1,0,1,1,0,0,0,0,0.08,0.0,0.08,0.08,0.08,23,8,34.8,1.85,0.64,0.04,0.13,43,32.8,68.0,1,14,22.0,5,2.23,28,18,10,0.8,-0.57,0,20,15,0,4,15,12,0,,,,,,,,,,,,,,,,Defensive Midfield,22.0,35000000.0
ENG-Premier League,2324.0,Liverpool,stefan bajcetic,ESP,MF,18.0,2004.0,1,0,26,0.3,0,0,0,0,0,0,0,0,0.0,0.0,0.0,0.0,0.0,0,0,,0.0,0.0,,,26,0.8,,0,1,26.0,6,3.0,0,2,-2,-6.92,-8.17,0,1,2,0,0,0,1,0,,,,,,,,,,,,,,,,Defensive Midfield,19.0,11000000.0
ENG-Premier League,2324.0,Liverpool,thiago alcantara,ESP,MF,32.0,1991.0,1,0,6,0.1,0,0,0,0,0,0,0,0,0.0,0.0,0.0,0.0,0.0,0,0,,0.0,0.0,,,6,0.2,,0,1,6.0,0,0.0,0,1,-1,-15.0,-16.21,0,0,0,0,0,0,0,0,,,,,,,,,,,,,,,,Central Midfield,33.0,10000000.0
ENG-Premier League,2324.0,Liverpool,trent alexander arnold,ENG,DF,24.0,1998.0,28,25,2155,23.9,3,4,7,3,0,0,6,0,0.13,0.17,0.29,0.13,0.29,47,8,17.0,1.96,0.33,0.06,0.38,77,63.0,83.0,14,3,28.0,0,2.0,53,28,25,1.04,-0.38,0,9,9,2,166,29,27,0,,,,,,,,,,,,,,,,Right-Back,25.0,70000000.0
ENG-Premier League,2324.0,Liverpool,virgil van dijk,NED,DF,32.0,1991.0,36,36,3177,35.3,2,2,4,2,0,0,3,1,0.06,0.06,0.11,0.06,0.11,45,14,31.1,1.27,0.4,0.04,0.14,88,92.9,88.0,35,0,,0,2.11,78,40,38,1.08,-1.52,0,23,13,1,0,35,23,0,,,,,,,,,,,,,,,,Centre-Back,32.0,30000000.0
ENG-Premier League,2324.0,Liverpool,wataru endo,JPN,MF,30.0,1993.0,29,20,1722,19.1,1,0,1,1,0,0,10,0,0.05,0.0,0.05,0.05,0.05,10,3,30.0,0.52,0.16,0.1,0.33,59,50.4,79.0,11,9,15.0,4,2.21,42,16,26,1.36,0.35,0,50,25,0,4,19,28,0,,,,,,,,,,,,,,,,Defensive Midfield,31.0,13000000.0
ENG-Premier League,2324.0,Luton Town,albert sambi lokonga,BEL,MF,23.0,1999.0,17,16,1303,14.5,1,3,4,1,0,0,4,0,0.07,0.21,0.28,0.07,0.28,8,2,25.0,0.55,0.14,0.13,0.5,77,38.1,80.0,8,1,19.0,0,0.76,22,31,-9,-0.62,0.4,0,18,27,0,13,11,18,0,,,,,,,,,,,,,,,,Central Midfield,24.0,15000000.0
ENG-Premier League,2324.0,Luton Town,alfie doughty,ENG,"MF,DF",23.0,1999.0,37,34,2925,32.5,2,8,10,2,0,0,5,0,0.06,0.25,0.31,0.06,0.31,26,8,30.8,0.8,0.25,0.08,0.25,79,85.5,84.0,18,3,22.0,0,0.7,46,74,-28,-0.86,0.05,0,31,9,14,340,30,37,0,,,,,,,,,,,,,,,,Left Midfield,24.0,10000000.0
ENG-Premier League,2324.0,Luton Town,amari i bell,JAM,DF,29.0,1994.0,21,21,1720,19.1,0,0,0,0,0,0,0,0,0.0,0.0,0.0,0.0,0.0,2,2,100.0,0.1,0.1,0.0,0.0,82,50.3,82.0,18,0,,0,0.86,30,41,-11,-0.58,0.59,0,22,16,0,14,26,31,0,,,,,,,,,,,,,,,,Centre-Back,30.0,2500000.0
ENG-Premier League,2324.0,Luton Town,andros townsend,ENG,"MF,FW",32.0,1991.0,27,14,1210,13.4,1,3,4,1,0,0,1,0,0.07,0.22,0.3,0.07,0.3,20,7,35.0,1.49,0.52,0.05,0.14,45,35.4,67.0,1,13,21.0,3,0.78,16,26,-10,-0.74,0.19,0,12,12,2,74,4,13,0,,,,,,,,,,,,,,,,Right Winger,32.0,1800000.0
ENG-Premier League,2324.0,Luton Town,carlton morris,ENG,"FW,MF",27.0,1995.0,38,32,2862,31.8,11,4,15,6,5,5,4,0,0.35,0.13,0.47,0.19,0.31,73,31,42.5,2.3,0.97,0.08,0.19,75,83.7,86.0,22,6,21.0,0,0.68,40,73,-33,-1.04,-1.04,0,50,43,10,15,1,9,0,,,,,,,,,,,,,,,,Centre-Forward,28.0,13000000.0
ENG-Premier League,2324.0,Luton Town,cauley woodrow,ENG,FW,28.0,1994.0,24,2,427,4.7,1,1,2,1,0,0,2,0,0.21,0.21,0.42,0.21,0.42,16,4,25.0,3.37,0.84,0.06,0.25,18,12.5,62.0,0,22,14.0,8,0.63,10,12,-2,-0.42,0.51,0,8,4,2,10,1,10,0,,,,,,,,,,,,,,,,Centre-Forward,29.0,1000000.0
ENG-Premier League,2324.0,Luton Town,chiedozie ogbene,IRL,MF,26.0,1997.0,30,20,1995,22.2,4,1,5,4,0,0,1,0,0.18,0.05,0.23,0.18,0.23,35,14,40.0,1.58,0.63,0.11,0.29,67,58.3,87.0,14,10,27.0,0,0.73,35,47,-12,-0.54,0.78,0,9,50,7,79,7,9,0,,,,,,,,,,,,,,,,Right Winger,27.0,8000000.0
ENG-Premier League,2324.0,Luton Town,daiki hashioka,JPN,"DF,MF",24.0,1999.0,10,6,595,6.6,0,0,0,0,0,0,0,0,0.0,0.0,0.0,0.0,0.0,2,0,0.0,0.3,0.0,0.0,,60,17.4,77.0,3,4,33.0,3,0.4,10,21,-11,-1.66,-0.96,0,10,6,0,9,8,6,2,,,,,,,,,,,,,,,,Right-Back,25.0,2000000.0
ENG-Premier League,2324.0,Luton Town,elijah adebayo,ENG,FW,25.0,1998.0,27,16,1419,15.8,10,0,10,10,0,0,1,0,0.63,0.0,0.63,0.63,0.63,30,14,46.7,1.9,0.89,0.33,0.71,53,41.5,77.0,5,11,16.0,0,0.78,30,35,-5,-0.32,0.94,0,28,16,13,5,4,1,0,,,,,,,,,,,,,,,,Centre-Forward,26.0,12000000.0
ENG-Premier League,2324.0,Luton Town,fred onyedinma,ENG,MF,26.0,1996.0,8,4,407,4.5,0,0,0,0,0,0,1,0,0.0,0.0,0.0,0.0,0.0,5,2,40.0,1.11,0.44,0.0,0.0,51,11.9,76.0,0,4,26.0,1,0.5,6,14,-8,-1.77,-1.02,0,10,6,0,13,1,5,0,,,,,,,,,,,,,,,,Right Midfield,27.0,500000.0
ENG-Premier League,2324.0,Luton Town,gabriel osho,NGA,DF,24.0,1998.0,21,21,1846,20.5,2,0,2,2,0,0,3,0,0.1,0.0,0.1,0.1,0.1,10,2,20.0,0.49,0.1,0.2,1.0,88,54.0,88.0,19,0,,1,0.81,31,47,-16,-0.78,0.19,0,23,14,1,3,28,23,0,,,,,,,,,,,,,,,,Centre-Back,25.0,3000000.0
ENG-Premier League,2324.0,Luton Town,issa kabore,BFA,"MF,DF",22.0,2001.0,24,21,1729,19.2,0,2,2,0,0,0,7,0,0.0,0.1,0.1,0.0,0.1,6,1,16.7,0.31,0.05,0.0,0.0,72,50.6,79.0,13,3,24.0,4,0.58,23,39,-16,-0.83,0.07,0,27,30,2,65,15,28,1,,,,,,,,,,,,,,,,Right-Back,23.0,10000000.0
ENG-Premier League,2324.0,Luton Town,jacob brown,SCO,"MF,FW",25.0,1998.0,19,12,1019,11.3,2,0,2,2,0,0,4,0,0.18,0.0,0.18,0.18,0.18,25,7,28.0,2.21,0.62,0.08,0.29,54,29.8,73.0,4,7,21.0,2,0.84,16,26,-10,-0.88,-0.02,0,19,19,6,9,9,12,0,,,,,,,,,,,,,,,,Centre-Forward,26.0,4000000.0
ENG-Premier League,2324.0,Luton Town,james shea,ENG,GK,32.0,1991.0,1,0,15,0.2,0,0,0,0,0,0,0,0,0.0,0.0,0.0,0.0,0.0,0,0,,0.0,0.0,,,15,0.4,,0,1,15.0,13,0.0,0,0,0,0.0,0.87,0,0,0,0,0,0,0,0,0.0,0.0,2.0,2.0,100.0,0.0,0.0,0.0,0.0,,0.0,0.0,0.0,0.0,,Goalkeeper,33.0,200000.0
ENG-Premier League,2324.0,Luton Town,jordan clark,ENG,MF,29.0,1993.0,23,14,1304,14.5,1,1,2,1,0,0,4,0,0.07,0.07,0.14,0.07,0.14,17,4,23.5,1.17,0.28,0.06,0.25,57,38.1,78.0,4,9,24.0,4,0.57,22,41,-19,-1.31,-0.72,0,12,26,4,23,10,16,0,,,,,,,,,,,,,,,,Attacking Midfield,30.0,1000000.0
ENG-Premier League,2324.0,Luton Town,joseph johnson,ENG,DF,17.0,2006.0,2,0,77,0.9,0,0,0,0,0,0,1,0,0.0,0.0,0.0,0.0,0.0,0,0,,0.0,0.0,,,39,2.3,,0,2,39.0,17,0.0,2,5,-3,-3.51,-2.7,0,1,0,0,0,0,0,0,,,,,,,,,,,,,,,,,,
ENG-Premier League,2324.0,Luton Town,luke berry,ENG,MF,31.0,1992.0,17,2,323,3.6,2,1,3,2,0,0,1,0,0.56,0.28,0.84,0.56,0.84,8,4,50.0,2.23,1.11,0.25,0.5,19,9.4,69.0,0,15,12.0,16,0.59,8,8,0,0.0,0.96,0,6,7,0,8,0,2,0,,,,,,,,,,,,,,,,Central Midfield,31.0,400000.0
ENG-Premier League,2324.0,Luton Town,mads juel andersen,DEN,DF,25.0,1997.0,8,4,400,4.4,1,0,1,1,0,0,1,0,0.23,0.0,0.23,0.23,0.23,3,1,33.3,0.68,0.23,0.33,1.0,50,11.7,78.0,2,4,22.0,4,1.13,2,6,-4,-0.9,-0.04,0,6,2,0,0,8,5,0,,,,,,,,,,,,,,,,,,
ENG-Premier League,2324.0,Luton Town,marvelous nakamba,ZIM,MF,29.0,1994.0,13,13,1130,12.6,0,0,0,0,0,0,5,0,0.0,0.0,0.0,0.0,0.0,5,0,0.0,0.4,0.0,0.0,,87,33.0,87.0,10,0,,0,0.46,10,24,-14,-1.12,-0.37,0,24,9,0,4,10,26,0,,,,,,,,,,,,,,,,Defensive Midfield,30.0,5000000.0
ENG-Premier League,2324.0,Luton Town,pelly ruddock mpanzu,COD,MF,30.0,1993.0,27,11,1101,12.2,0,0,0,0,0,0,1,0,0.0,0.0,0.0,0.0,0.0,11,1,9.1,0.9,0.08,0.0,0.0,41,32.2,74.0,3,16,18.0,11,0.7,13,29,-16,-1.31,-0.65,0,9,15,0,10,9,5,0,,,,,,,,,,,,,,,,Defensive Midfield,30.0,1500000.0
ENG-Premier League,2324.0,Luton Town,reece burke,ENG,DF,26.0,1996.0,22,20,1660,18.4,0,4,4,0,0,0,5,0,0.0,0.22,0.22,0.0,0.22,13,4,30.8,0.7,0.22,0.0,0.0,75,48.5,79.0,12,2,41.0,3,0.68,24,37,-13,-0.7,0.32,0,20,12,0,13,21,24,0,,,,,,,,,,,,,,,,Centre-Back,27.0,1800000.0
ENG-Premier League,2324.0,Luton Town,ross barkley,ENG,MF,29.0,1993.0,32,30,2618,29.1,5,4,9,5,0,0,6,0,0.17,0.14,0.31,0.17,0.31,66,19,28.8,2.27,0.65,0.08,0.26,82,76.5,86.0,24,2,15.0,0,0.69,43,66,-23,-0.79,0.33,0,25,39,0,46,25,20,0,,,,,,,,,,,,,,,,Central Midfield,30.0,8000000.0
ENG-Premier League,2324.0,Luton Town,ryan giles,ENG,"MF,DF",23.0,2000.0,11,5,503,5.6,0,0,0,0,0,0,0,0,0.0,0.0,0.0,0.0,0.0,2,2,100.0,0.36,0.36,0.0,0.0,46,14.7,81.0,2,6,17.0,9,0.64,4,14,-10,-1.79,-1.08,0,2,1,0,49,4,6,0,,,,,,,,,,,,,,,,Left-Back,24.0,4500000.0
ENG-Premier League,2324.0,Luton Town,tahith chong,CUW,"MF,FW",23.0,1999.0,33,20,1982,22.0,4,0,4,4,0,0,4,0,0.18,0.0,0.18,0.18,0.18,30,7,23.3,1.36,0.32,0.13,0.57,60,58.0,80.0,6,13,29.0,5,0.45,26,51,-25,-1.14,-0.63,0,21,65,5,35,7,20,0,,,,,,,,,,,,,,,,Attacking Midfield,24.0,6000000.0
ENG-Premier League,2324.0,Luton Town,teden mengi,ENG,DF,21.0,2002.0,30,28,2469,27.4,1,0,1,1,0,0,3,0,0.04,0.0,0.04,0.04,0.04,11,4,36.4,0.4,0.15,0.09,0.25,82,72.2,86.0,25,2,34.0,3,0.73,38,59,-21,-0.77,0.37,0,35,7,1,2,54,22,0,,,,,,,,,,,,,,,,Centre-Back,22.0,12000000.0
ENG-Premier League,2324.0,Luton Town,thomas kaminski,BEL,GK,30.0,1992.0,38,38,3405,37.8,0,0,0,0,0,0,3,0,0.0,0.0,0.0,0.0,0.0,0,0,,0.0,0.0,,,90,99.6,90.0,37,0,,0,0.68,52,85,-33,-0.87,-0.87,0,0,2,0,0,0,1,0,85.0,2.25,229.0,144.0,62.9,6.0,8.0,24.0,2.0,5.3,4.0,4.0,0.0,0.0,0.0,Goalkeeper,31.0,3000000.0
ENG-Premier League,2324.0,Luton Town,tom lockyer,WAL,DF,28.0,1994.0,14,14,1169,13.0,1,1,2,1,0,0,4,0,0.08,0.08,0.15,0.08,0.15,7,1,14.3,0.54,0.08,0.14,1.0,84,34.2,84.0,10,0,,0,0.64,12,23,-11,-0.85,0.03,0,15,10,0,1,23,16,1,,,,,,,,,,,,,,,,Centre-Back,29.0,2500000.0
ENG-Premier League,2324.0,Luton Town,zack nelson,ENG,MF,18.0,2005.0,2,0,7,0.1,0,0,0,0,0,0,0,0,0.0,0.0,0.0,0.0,0.0,0,0,,0.0,0.0,,,4,0.2,,0,2,4.0,14,0.5,1,1,0,0.0,0.87,0,0,0,0,0,0,0,0,,,,,,,,,,,,,,,,Attacking Midfield,19.0,100000.0
ENG-Premier League,2324.0,Manchester City,aymeric laporte,ESP,DF,29.0,1994.0,1,0,12,0.1,0,0,0,0,0,0,0,0,0.0,0.0,0.0,0.0,0.0,1,1,100.0,7.5,7.5,0.0,0.0,12,0.4,,0,1,12.0,0,3.0,0,0,0,0.0,-1.64,0,0,0,0,0,0,0,0,,,,,,,,,,,,,,,,Centre-Back,30.0,20000000.0
ENG-Premier League,2324.0,Manchester City,bernardo silva,POR,MF,28.0,1994.0,33,29,2578,28.6,6,9,15,6,0,0,8,0,0.21,0.31,0.52,0.21,0.52,34,15,44.1,1.19,0.52,0.18,0.4,78,75.4,87.0,22,4,14.0,2,2.39,71,26,45,1.57,-0.25,0,22,26,3,83,14,24,0,,,,,,,,,,,,,,,,Attacking Midfield,29.0,70000000.0
ENG-Premier League,2324.0,Manchester City,cole palmer,ENG,"FW,MF",21.0,2002.0,1,0,11,0.1,0,0,0,0,0,0,0,0,0.0,0.0,0.0,0.0,0.0,0,0,,0.0,0.0,,,11,0.3,,0,1,11.0,2,3.0,0,0,0,0.0,-1.64,0,1,0,0,0,0,0,0,,,,,,,,,,,,,,,,Attacking Midfield,22.0,80000000.0
ENG-Premier League,2324.0,Manchester City,ederson moraes,BRA,GK,29.0,1993.0,33,33,2785,30.9,0,0,0,0,0,0,5,0,0.0,0.0,0.0,0.0,0.0,0,0,,0.0,0.0,,,84,81.4,84.0,29,0,,2,2.36,78,27,51,1.65,0.09,0,2,4,0,0,0,0,0,27.0,0.87,84.0,57.0,67.9,24.0,6.0,3.0,11.0,33.3,3.0,3.0,0.0,0.0,0.0,,,
ENG-Premier League,2324.0,Manchester City,erling haaland,NOR,"FW,MF",23.0,2000.0,31,29,2552,28.4,27,5,32,20,7,8,1,0,0.95,0.18,1.13,0.71,0.88,121,59,48.8,4.27,2.08,0.17,0.34,82,74.6,86.0,20,2,25.0,1,2.32,64,26,38,1.34,-1.15,0,18,30,6,5,2,3,0,,,,,,,,,,,,,,,,Centre-Forward,23.0,180000000.0
ENG-Premier League,2324.0,Manchester City,jack grealish,ENG,"MF,FW",27.0,1995.0,20,10,1009,11.2,3,1,4,3,0,0,6,0,0.27,0.09,0.36,0.27,0.36,22,5,22.7,1.96,0.45,0.14,0.6,50,29.5,83.0,7,10,18.0,9,2.45,26,13,13,1.16,-0.67,0,6,41,2,16,6,8,0,,,,,,,,,,,,,,,,Left Winger,28.0,60000000.0
ENG-Premier League,2324.0,Manchester City,james mcatee,ENG,MF,20.0,2002.0,1,0,1,0.0,0,0,0,0,0,0,0,0,0.0,0.0,0.0,0.0,0.0,0,0,,0.0,0.0,,,1,0.0,,0,1,1.0,2,3.0,0,0,0,0.0,-1.63,0,0,0,0,0,0,0,0,,,,,,,,,,,,,,,,Attacking Midfield,21.0,12000000.0
ENG-Premier League,2324.0,Manchester City,jeremy doku,BEL,"MF,FW",21.0,2002.0,29,18,1595,17.7,3,8,11,3,0,0,3,0,0.17,0.45,0.62,0.17,0.62,56,19,33.9,3.16,1.07,0.05,0.16,55,46.6,76.0,7,11,20.0,2,2.38,50,19,31,1.75,0.22,0,15,32,4,61,9,22,0,,,,,,,,,,,,,,,,Left Winger,22.0,65000000.0
ENG-Premier League,2324.0,Manchester City,john stones,ENG,DF,29.0,1994.0,16,12,1064,11.8,1,0,1,1,0,0,2,0,0.08,0.0,0.08,0.08,0.08,4,2,50.0,0.34,0.17,0.25,0.5,67,31.1,83.0,9,4,17.0,11,2.38,25,9,16,1.35,-0.4,0,3,5,0,5,10,1,0,,,,,,,,,,,,,,,,Centre-Back,30.0,38000000.0
ENG-Premier League,2324.0,Manchester City,josko gvardiol,CRO,DF,21.0,2002.0,28,26,2328,25.9,4,1,5,4,0,0,3,0,0.15,0.04,0.19,0.15,0.19,32,14,43.8,1.24,0.54,0.13,0.29,83,68.1,87.0,22,2,30.0,7,2.5,68,23,45,1.74,0.34,0,20,23,2,33,27,33,0,,,,,,,,,,,,,,,,Centre-Back,22.0,75000000.0
ENG-Premier League,2324.0,Manchester City,julian alvarez,ARG,"MF,FW",23.0,2000.0,36,31,2647,29.4,11,8,19,9,2,2,2,0,0.37,0.27,0.65,0.31,0.58,98,40,40.8,3.33,1.36,0.09,0.23,74,77.4,83.0,15,5,13.0,2,2.42,76,24,52,1.77,0.6,0,23,13,3,137,2,13,0,,,,,,,,,,,,,,,,Centre-Forward,24.0,90000000.0
ENG-Premier League,2324.0,Manchester City,kalvin phillips,ENG,"DF,MF",27.0,1995.0,4,0,93,1.0,0,0,0,0,0,0,0,0,0.0,0.0,0.0,0.0,0.0,2,0,0.0,1.94,0.0,0.0,,23,2.7,,0,4,23.0,16,2.25,3,2,1,0.97,-0.68,0,3,2,0,2,2,3,0,,,,,,,,,,,,,,,,Defensive Midfield,28.0,25000000.0
ENG-Premier League,2324.0,Manchester City,kevin de bruyne,BEL,MF,32.0,1991.0,18,15,1221,13.6,4,10,14,4,0,0,2,0,0.29,0.74,1.03,0.29,1.03,44,17,38.6,3.24,1.25,0.09,0.24,68,35.7,77.0,5,3,21.0,3,2.67,40,9,31,2.29,1.02,0,11,13,1,136,3,9,0,,,,,,,,,,,,,,,,Attacking Midfield,33.0,50000000.0
ENG-Premier League,2324.0,Manchester City,kyle walker,ENG,"DF,MF",33.0,1990.0,32,30,2767,30.7,0,4,4,0,0,0,2,0,0.0,0.13,0.13,0.0,0.13,16,3,18.8,0.52,0.1,0.0,0.0,86,80.9,89.0,27,2,52.0,3,2.34,78,29,49,1.59,-0.2,0,23,18,7,59,24,24,0,,,,,,,,,,,,,,,,Right-Back,34.0,13000000.0
ENG-Premier League,2324.0,Manchester City,manuel akanji,SUI,"DF,MF",28.0,1995.0,30,28,2511,27.9,2,0,2,2,0,0,4,1,0.07,0.0,0.07,0.07,0.07,15,5,33.3,0.54,0.18,0.13,0.4,84,73.4,88.0,25,2,23.0,4,2.4,72,23,49,1.76,0.47,1,17,19,0,9,22,28,0,,,,,,,,,,,,,,,,Centre-Back,28.0,45000000.0
ENG-Premier League,2324.0,Manchester City,mateo kovacic,CRO,MF,29.0,1994.0,30,16,1551,17.2,1,0,1,1,0,0,4,0,0.06,0.0,0.06,0.06,0.06,22,5,22.7,1.28,0.29,0.05,0.2,52,45.4,81.0,7,14,18.0,4,2.43,45,14,31,1.8,0.31,0,16,15,0,0,10,26,0,,,,,,,,,,,,,,,,Central Midfield,30.0,30000000.0
ENG-Premier League,2324.0,Manchester City,matheus nunes,POR,"MF,FW",24.0,1998.0,17,7,661,7.3,0,2,2,0,0,0,0,0,0.0,0.27,0.27,0.0,0.27,9,4,44.4,1.23,0.54,0.0,0.0,39,19.3,71.0,3,10,16.0,16,2.47,18,8,10,1.36,-0.33,0,8,16,2,19,1,6,0,,,,,,,,,,,,,,,,Right-Back,25.0,50000000.0
ENG-Premier League,2324.0,Manchester City,nathan ake,NED,DF,28.0,1995.0,29,24,2042,22.7,2,2,4,2,0,0,0,0,0.09,0.09,0.18,0.09,0.18,20,5,25.0,0.88,0.22,0.1,0.4,70,59.7,83.0,19,5,12.0,6,2.38,55,20,35,1.54,-0.22,0,10,18,0,11,15,16,0,,,,,,,,,,,,,,,,Centre-Back,29.0,40000000.0
ENG-Premier League,2324.0,Manchester City,oscar bobb,NOR,MF,20.0,2003.0,14,2,302,3.4,1,1,2,1,0,0,0,0,0.3,0.3,0.6,0.3,0.6,4,2,50.0,1.19,0.6,0.25,0.5,22,8.8,75.0,1,12,13.0,21,2.57,12,4,8,2.38,0.83,0,2,3,0,5,5,3,0,,,,,,,,,,,,,,,,Right Winger,20.0,25000000.0
ENG-Premier League,2324.0,Manchester City,phil foden,ENG,MF,23.0,2000.0,35,33,2857,31.7,19,8,27,19,0,0,2,0,0.6,0.25,0.85,0.6,0.85,105,48,45.7,3.31,1.51,0.18,0.4,82,83.5,85.0,19,2,25.0,2,2.34,74,27,47,1.48,-0.92,0,14,60,5,88,12,20,0,,,,,,,,,,,,,,,,Attacking Midfield,24.0,150000000.0
ENG-Premier League,2324.0,Manchester City,rico lewis,ENG,"DF,MF",18.0,2004.0,16,8,809,9.0,2,0,2,2,0,0,1,0,0.22,0.0,0.22,0.22,0.22,5,4,80.0,0.56,0.44,0.4,0.5,51,23.7,83.0,4,8,19.0,22,2.25,26,8,18,2.0,0.49,0,7,20,0,1,4,7,0,,,,,,,,,,,,,,,,Right-Back,19.0,38000000.0
ENG-Premier League,2324.0,Manchester City,rodri,ESP,"MF,DF",27.0,1996.0,34,34,2931,32.6,8,9,17,8,0,0,8,1,0.25,0.28,0.52,0.25,0.52,62,22,35.5,1.9,0.68,0.13,0.36,86,85.7,86.0,27,0,,1,2.59,87,26,61,1.87,1.69,0,41,35,6,12,25,43,0,,,,,,,,,,,,,,,,Defensive Midfield,28.0,120000000.0
ENG-Premier League,2324.0,Manchester City,ruben dias,POR,"DF,MF",26.0,1997.0,30,28,2559,28.4,0,0,0,0,0,0,0,0,0.0,0.0,0.0,0.0,0.0,20,8,40.0,0.7,0.28,0.0,0.0,85,74.8,90.0,28,2,20.0,5,2.3,65,28,37,1.3,-1.31,0,23,15,0,13,30,21,1,,,,,,,,,,,,,,,,Centre-Back,27.0,80000000.0
ENG-Premier League,2324.0,Manchester City,sergio gomez,ESP,"DF,MF",22.0,2000.0,6,0,53,0.6,0,1,1,0,0,0,0,0,0.0,1.7,1.7,0.0,1.7,2,0,0.0,3.4,0.0,0.0,,9,1.5,,0,6,9.0,26,3.0,3,1,2,3.4,1.79,0,2,0,1,4,1,0,0,,,,,,,,,,,,,,,,Left-Back,23.0,10000000.0
ENG-Premier League,2324.0,Manchester City,stefan ortega,GER,GK,30.0,1992.0,9,5,635,7.1,0,0,0,0,0,0,0,0,0.0,0.0,0.0,0.0,0.0,0,0,,0.0,0.0,,,71,18.6,90.0,5,4,46.0,29,2.56,18,7,11,1.56,-0.09,0,0,1,0,0,0,0,0,7.0,0.99,27.0,20.0,74.1,4.0,1.0,0.0,3.0,60.0,0.0,0.0,0.0,0.0,,Goalkeeper,31.0,9000000.0
ENG-Premier League,2324.0,Manchester Utd,aaron wan bissaka,COD,DF,25.0,1997.0,22,20,1780,19.8,0,2,2,0,0,0,4,0,0.0,0.1,0.1,0.0,0.1,3,1,33.3,0.15,0.05,0.0,0.0,81,52.0,88.0,16,2,11.0,3,1.32,30,34,-4,-0.2,-0.37,0,17,9,0,12,39,25,0,,,,,,,,,,,,,,,,Right-Back,26.0,20000000.0
ENG-Premier League,2324.0,Manchester Utd,alejandro garnacho,ARG,MF,19.0,2004.0,36,30,2565,28.5,7,4,11,7,0,0,4,0,0.25,0.14,0.39,0.25,0.39,100,28,28.0,3.51,0.98,0.07,0.25,71,75.0,82.0,12,6,19.0,2,1.5,43,39,4,0.14,0.67,0,20,54,15,59,18,15,0,,,,,,,,,,,,,,,,Left Winger,19.0,45000000.0
ENG-Premier League,2324.0,Manchester Utd,amad diallo,CIV,MF,21.0,2002.0,9,3,390,4.3,1,1,2,1,0,0,1,0,0.23,0.23,0.46,0.23,0.46,10,4,40.0,2.31,0.92,0.1,0.25,43,11.4,75.0,0,6,28.0,8,1.22,10,6,4,0.92,1.07,0,5,4,0,1,1,4,0,,,,,,,,,,,,,,,,Right Winger,21.0,18000000.0
ENG-Premier League,2324.0,Manchester Utd,andre onana,CMR,GK,27.0,1996.0,38,38,3420,38.0,0,0,0,0,0,0,5,0,0.0,0.0,0.0,0.0,0.0,0,0,,0.0,0.0,,,90,100.0,90.0,38,0,,0,1.58,57,58,-1,-0.03,,0,1,4,0,0,0,0,0,58.0,1.53,200.0,148.0,71.0,18.0,6.0,14.0,9.0,23.7,7.0,7.0,0.0,0.0,0.0,Goalkeeper,28.0,35000000.0
ENG-Premier League,2324.0,Manchester Utd,anthony martial,FRA,FW,27.0,1995.0,13,5,448,5.0,1,0,1,1,0,0,0,0,0.2,0.0,0.2,0.2,0.2,6,4,66.7,1.21,0.8,0.17,0.25,34,13.1,65.0,0,8,16.0,3,1.38,11,6,5,1.0,1.19,0,3,6,3,0,0,1,0,,,,,,,,,,,,,,,,Centre-Forward,28.0,10000000.0
ENG-Premier League,2324.0,Manchester Utd,antony,BRA,MF,23.0,2000.0,29,15,1324,14.7,1,1,2,1,0,0,5,0,0.07,0.07,0.14,0.07,0.14,43,16,37.2,2.92,1.09,0.02,0.06,46,38.7,73.0,3,14,16.0,4,1.41,20,26,-6,-0.41,-0.62,0,19,32,2,15,11,22,0,,,,,,,,,,,,,,,,Right Winger,24.0,25000000.0
ENG-Premier League,2324.0,Manchester Utd,bruno fernandes,POR,MF,28.0,1994.0,35,35,3118,34.6,10,8,18,6,4,5,9,0,0.29,0.23,0.52,0.17,0.4,95,41,43.2,2.74,1.18,0.06,0.15,89,91.2,89.0,33,0,,0,1.69,55,52,3,0.09,1.28,0,41,27,13,225,25,37,0,,,,,,,,,,,,,,,,Attacking Midfield,29.0,70000000.0
ENG-Premier League,2324.0,Manchester Utd,casemiro,BRA,"MF,DF",31.0,1992.0,25,24,1982,22.0,1,2,3,1,0,0,7,0,0.05,0.09,0.14,0.05,0.14,39,9,23.1,1.77,0.41,0.03,0.11,79,58.0,82.0,18,1,11.0,1,1.6,36,34,2,0.09,0.28,0,30,10,6,13,18,54,0,,,,,,,,,,,,,,,,Defensive Midfield,32.0,20000000.0
ENG-Premier League,2324.0,Manchester Utd,christian eriksen,DEN,MF,31.0,1992.0,22,12,1141,12.7,1,2,3,1,0,0,1,0,0.08,0.16,0.24,0.08,0.24,13,4,30.8,1.03,0.32,0.08,0.25,52,33.4,78.0,5,10,20.0,11,1.45,20,27,-7,-0.55,-0.79,0,6,3,1,42,4,14,0,,,,,,,,,,,,,,,,Attacking Midfield,32.0,8000000.0
ENG-Premier League,2324.0,Manchester Utd,daniel gore,ENG,MF,18.0,2004.0,1,0,1,0.0,0,0,0,0,0,0,0,0,0.0,0.0,0.0,0.0,0.0,0,0,,0.0,0.0,,,1,0.0,,0,1,1.0,6,3.0,0,0,0,0.0,0.03,0,0,1,0,0,1,1,0,,,,,,,,,,,,,,,,,,
ENG-Premier League,2324.0,Manchester Utd,diogo dalot,POR,DF,24.0,1999.0,36,35,3174,35.3,2,3,5,2,0,0,6,1,0.06,0.09,0.14,0.06,0.14,30,7,23.3,0.85,0.2,0.07,0.29,88,92.8,90.0,34,1,25.0,1,1.58,56,55,1,0.03,0.76,1,45,14,2,81,38,50,0,,,,,,,,,,,,,,,,Right-Back,25.0,35000000.0
ENG-Premier League,2324.0,Manchester Utd,donny van de beek,NED,MF,26.0,1997.0,1,0,3,0.0,0,0,0,0,0,0,0,0,0.0,0.0,0.0,0.0,0.0,1,0,0.0,30.0,0.0,0.0,,3,0.1,,0,1,3.0,11,0.0,0,0,0,0.0,0.03,0,0,0,0,0,0,0,0,,,,,,,,,,,,,,,,Central Midfield,27.0,5000000.0
ENG-Premier League,2324.0,Manchester Utd,ethan wheatley,ENG,FW,17.0,2006.0,3,0,16,0.2,0,0,0,0,0,0,0,0,0.0,0.0,0.0,0.0,0.0,0,0,,0.0,0.0,,,5,0.5,,0,3,5.0,2,1.0,0,0,0,0.0,0.03,0,3,0,0,0,2,1,0,,,,,,,,,,,,,,,,Centre-Forward,18.0,
ENG-Premier League,2324.0,Manchester Utd,facundo pellistri,URU,MF,21.0,2001.0,9,1,172,1.9,0,1,1,0,0,0,0,0,0.0,0.52,0.52,0.0,0.52,4,2,50.0,2.09,1.05,0.0,0.0,19,5.0,60.0,0,8,14.0,11,1.11,2,2,0,0.0,0.03,0,4,6,0,5,1,2,0,,,,,,,,,,,,,,,,Right Winger,22.0,8000000.0
ENG-Premier League,2324.0,Manchester Utd,hannibal mejbri,TUN,MF,20.0,2003.0,5,1,133,1.5,1,0,1,1,0,0,1,0,0.68,0.0,0.68,0.68,0.68,1,1,100.0,0.68,0.68,1.0,1.0,27,3.9,90.0,1,4,11.0,9,2.0,2,1,1,0.68,0.73,0,5,6,1,1,0,3,0,,,,,,,,,,,,,,,,,,
ENG-Premier League,2324.0,Manchester Utd,harry maguire,ENG,DF,30.0,1993.0,22,18,1653,18.4,2,2,4,2,0,0,4,0,0.11,0.11,0.22,0.11,0.22,20,3,15.0,1.09,0.16,0.1,0.67,75,48.3,88.0,17,4,20.0,3,1.68,33,29,4,0.22,0.47,0,21,10,6,4,24,17,0,,,,,,,,,,,,,,,,Centre-Back,31.0,18000000.0
ENG-Premier League,2324.0,Manchester Utd,jadon sancho,ENG,"FW,MF",23.0,2000.0,3,0,79,0.9,0,0,0,0,0,0,0,0,0.0,0.0,0.0,0.0,0.0,0,0,,0.0,0.0,,,26,2.3,,0,3,26.0,0,2.0,2,1,1,1.14,1.19,0,0,2,1,1,1,1,0,,,,,,,,,,,,,,,,Left Winger,24.0,30000000.0
ENG-Premier League,2324.0,Manchester Utd,jonny evans,NIR,DF,35.0,1988.0,23,15,1392,15.5,0,1,1,0,0,0,2,0,0.0,0.06,0.06,0.0,0.06,1,0,0.0,0.06,0.0,0.0,,61,40.7,85.0,9,8,15.0,3,1.65,21,24,-3,-0.19,-0.28,0,17,13,0,0,23,15,0,,,,,,,,,,,,,,,,Centre-Back,36.0,2000000.0
ENG-Premier League,2324.0,Manchester Utd,kobbie mainoo,ENG,MF,18.0,2005.0,24,24,1924,21.4,3,1,4,3,0,0,3,0,0.14,0.05,0.19,0.14,0.19,11,5,45.5,0.51,0.23,0.27,0.6,80,56.3,80.0,7,0,,5,1.5,33,31,2,0.09,0.27,0,16,23,0,7,22,26,0,,,,,,,,,,,,,,,,Central Midfield,19.0,50000000.0
ENG-Premier League,2324.0,Manchester Utd,lisandro martinez,ARG,DF,25.0,1998.0,11,8,646,7.2,0,1,1,0,0,0,3,0,0.0,0.14,0.14,0.0,0.14,0,0,,0.0,0.0,,,59,18.9,74.0,2,3,19.0,0,1.82,12,12,0,0.0,0.03,0,6,3,0,2,5,9,1,,,,,,,,,,,,,,,,Centre-Back,26.0,45000000.0
ENG-Premier League,2324.0,Manchester Utd,luke shaw,ENG,DF,28.0,1995.0,12,12,959,10.7,0,0,0,0,0,0,6,0,0.0,0.0,0.0,0.0,0.0,2,0,0.0,0.19,0.0,0.0,,80,28.0,80.0,7,0,,0,1.83,16,13,3,0.28,0.43,0,14,3,0,33,6,9,0,,,,,,,,,,,,,,,,Left-Back,28.0,32000000.0
ENG-Premier League,2324.0,Manchester Utd,marcus rashford,ENG,"MF,FW",25.0,1997.0,33,26,2271,25.2,7,2,9,5,2,2,2,0,0.28,0.08,0.36,0.2,0.28,62,21,33.9,2.46,0.83,0.08,0.24,69,66.4,83.0,12,7,17.0,0,1.61,36,37,-1,-0.04,-0.04,0,12,21,12,35,4,13,0,,,,,,,,,,,,,,,,Left Winger,26.0,60000000.0
ENG-Premier League,2324.0,Manchester Utd,mason mount,ENG,MF,24.0,1999.0,14,5,516,5.7,1,0,1,1,0,0,2,0,0.17,0.0,0.17,0.17,0.17,5,1,20.0,0.87,0.17,0.2,1.0,37,15.1,74.0,0,9,16.0,0,1.36,3,13,-10,-1.74,-2.02,0,10,9,0,14,6,14,0,,,,,,,,,,,,,,,,Attacking Midfield,25.0,35000000.0
ENG-Premier League,2324.0,Manchester Utd,omari forson,ENG,MF,19.0,2004.0,4,1,70,0.8,0,1,1,0,0,0,0,0,0.0,1.29,1.29,0.0,1.29,1,0,0.0,1.29,0.0,0.0,,18,2.0,52.0,0,3,6.0,9,0.75,1,2,-1,-1.29,-1.29,0,1,0,0,0,0,0,0,,,,,,,,,,,,,,,,Right Winger,19.0,2000000.0
ENG-Premier League,2324.0,Manchester Utd,raphael varane,FRA,DF,30.0,1993.0,22,16,1375,15.3,1,0,1,1,0,0,2,0,0.07,0.0,0.07,0.07,0.07,8,2,25.0,0.52,0.13,0.13,0.5,63,40.2,81.0,12,6,12.0,4,1.91,25,23,2,0.13,0.26,0,8,3,2,0,14,10,0,,,,,,,,,,,,,,,,Centre-Back,31.0,20000000.0
ENG-Premier League,2324.0,Manchester Utd,rasmus hjlund,DEN,FW,20.0,2003.0,30,25,2158,24.0,10,2,12,10,0,0,2,0,0.42,0.08,0.5,0.42,0.5,38,21,55.3,1.58,0.88,0.26,0.48,72,63.1,81.0,8,5,26.0,0,1.6,36,35,1,0.04,0.18,0,20,30,15,6,1,6,0,,,,,,,,,,,,,,,,Centre-Forward,21.0,65000000.0
ENG-Premier League,2324.0,Manchester Utd,scott mctominay,SCO,"MF,FW",26.0,1996.0,32,18,1901,21.1,7,1,8,7,0,0,2,0,0.33,0.05,0.38,0.33,0.38,44,19,43.2,2.08,0.9,0.16,0.37,59,55.6,88.0,16,14,23.0,2,1.81,31,30,1,0.05,0.17,0,27,21,6,4,14,23,0,,,,,,,,,,,,,,,,Central Midfield,27.0,32000000.0
ENG-Premier League,2324.0,Manchester Utd,sergio reguilon,ESP,DF,26.0,1996.0,9,4,412,4.6,0,0,0,0,0,0,3,0,0.0,0.0,0.0,0.0,0.0,4,0,0.0,0.87,0.0,0.0,,46,12.0,83.0,1,5,16.0,5,1.0,4,7,-3,-0.66,-0.72,0,4,11,3,30,5,9,0,,,,,,,,,,,,,,,,Left-Back,27.0,12000000.0
ENG-Premier League,2324.0,Manchester Utd,sofyan amrabat,MAR,"MF,DF",26.0,1996.0,21,10,938,10.4,0,0,0,0,0,0,6,0,0.0,0.0,0.0,0.0,0.0,3,0,0.0,0.29,0.0,0.0,,45,27.4,83.0,6,11,10.0,8,1.71,8,15,-7,-0.67,-0.89,0,24,10,0,7,8,15,0,,,,,,,,,,,,,,,,Defensive Midfield,27.0,22000000.0
ENG-Premier League,2324.0,Manchester Utd,victor lindelof,SWE,DF,29.0,1994.0,19,14,1328,14.8,1,1,2,1,0,0,2,0,0.07,0.07,0.14,0.07,0.14,6,4,66.7,0.41,0.27,0.17,0.25,70,38.8,82.0,7,5,37.0,2,1.95,18,15,3,0.2,0.38,0,15,2,3,1,13,11,0,,,,,,,,,,,,,,,,Centre-Back,29.0,15000000.0
ENG-Premier League,2324.0,Manchester Utd,willy kambwala,FRA,DF,18.0,2004.0,8,3,330,3.7,0,0,0,0,0,0,1,0,0.0,0.0,0.0,0.0,0.0,0,0,,0.0,0.0,,,41,9.6,88.0,2,5,13.0,8,1.0,5,10,-5,-1.36,-1.48,0,4,2,0,0,4,1,0,,,,,,,,,,,,,,,,Centre-Back,19.0,5000000.0
ENG-Premier League,2324.0,Newcastle,alex murphy,IRL,DF,19.0,2004.0,2,0,13,0.1,0,0,0,0,0,0,0,0,0.0,0.0,0.0,0.0,0.0,0,0,,0.0,0.0,,,7,0.4,,0,2,7.0,17,3.0,0,0,0,0.0,-0.61,0,2,0,0,0,1,1,0,,,,,,,,,,,,,,,,Left-Back,20.0,250000.0
ENG-Premier League,2324.0,Newcastle,alexander isak,SWE,FW,23.0,1999.0,30,27,2255,25.1,21,2,23,16,5,6,1,0,0.84,0.08,0.92,0.64,0.72,78,43,55.1,3.11,1.72,0.21,0.37,75,65.9,80.0,13,3,32.0,1,1.5,51,41,10,0.4,-0.61,0,14,16,17,10,6,0,0,,,,,,,,,,,,,,,,Centre-Forward,24.0,75000000.0
ENG-Premier League,2324.0,Newcastle,amadou diallo,ENG,FW,20.0,2003.0,1,0,1,0.0,0,0,0,0,0,0,0,0,0.0,0.0,0.0,0.0,0.0,0,0,,0.0,0.0,,,1,0.0,,0,1,1.0,5,3.0,0,0,0,0.0,-0.61,0,0,0,0,0,0,0,0,,,,,,,,,,,,,,,,Left Winger,21.0,400000.0
ENG-Premier League,2324.0,Newcastle,anthony gordon,ENG,FW,22.0,2001.0,35,34,2890,32.1,11,10,21,10,1,1,12,1,0.34,0.31,0.65,0.31,0.62,81,31,38.3,2.52,0.97,0.12,0.32,83,84.5,83.0,16,1,79.0,0,1.57,70,48,22,0.69,0.52,1,38,64,8,111,6,33,0,,,,,,,,,,,,,,,,Left Winger,23.0,60000000.0
ENG-Premier League,2324.0,Newcastle,ben parkinson,ENG,FW,18.0,2005.0,1,0,25,0.3,0,0,0,0,0,0,0,0,0.0,0.0,0.0,0.0,0.0,0,0,,0.0,0.0,,,25,0.7,,0,1,25.0,8,0.0,0,1,-1,-3.6,-4.24,0,0,0,1,0,0,0,0,,,,,,,,,,,,,,,,Centre-Forward,19.0,250000.0
ENG-Premier League,2324.0,Newcastle,bruno guimaraes,BRA,MF,25.0,1997.0,37,37,3263,36.3,7,8,15,7,0,0,9,0,0.19,0.22,0.41,0.19,0.41,48,16,33.3,1.32,0.44,0.15,0.44,88,95.4,88.0,31,0,,0,1.62,81,60,21,0.58,-0.57,0,50,108,0,33,31,52,0,,,,,,,,,,,,,,,,Central Midfield,26.0,85000000.0
ENG-Premier League,2324.0,Newcastle,callum wilson,ENG,FW,31.0,1992.0,20,9,991,11.0,9,1,10,7,2,2,3,0,0.82,0.09,0.91,0.64,0.73,35,21,60.0,3.18,1.91,0.2,0.33,50,29.0,80.0,5,11,25.0,0,1.65,30,15,15,1.36,1.07,0,15,17,4,3,1,3,0,,,,,,,,,,,,,,,,Centre-Forward,32.0,13000000.0
ENG-Premier League,2324.0,Newcastle,dan burn,ENG,DF,31.0,1992.0,33,32,2726,30.3,2,2,4,2,0,0,4,0,0.07,0.07,0.13,0.07,0.13,23,6,26.1,0.76,0.2,0.09,0.33,83,79.7,85.0,24,1,18.0,0,1.64,74,45,29,0.96,1.74,0,32,11,4,11,35,34,0,,,,,,,,,,,,,,,,Centre-Back,32.0,8000000.0
ENG-Premier League,2324.0,Newcastle,elliot anderson,ENG,"MF,FW",20.0,2002.0,21,10,1027,11.4,0,2,2,0,0,0,3,0,0.0,0.18,0.18,0.0,0.18,19,5,26.3,1.67,0.44,0.0,0.0,49,30.0,80.0,3,11,21.0,0,1.86,30,14,16,1.4,1.14,0,22,19,1,19,9,18,0,,,,,,,,,,,,,,,,Central Midfield,21.0,15000000.0
ENG-Premier League,2324.0,Newcastle,emil krafth,SWE,DF,28.0,1994.0,17,8,913,10.1,0,0,0,0,0,0,2,0,0.0,0.0,0.0,0.0,0.0,4,0,0.0,0.39,0.0,0.0,,54,26.7,90.0,8,9,21.0,11,1.71,26,15,11,1.08,0.65,0,11,7,0,17,8,11,0,,,,,,,,,,,,,,,,Right-Back,29.0,2500000.0
ENG-Premier League,2324.0,Newcastle,fabian schar,SUI,DF,31.0,1991.0,36,35,3054,33.9,4,1,5,4,0,0,5,0,0.12,0.03,0.15,0.12,0.15,35,9,25.7,1.03,0.27,0.11,0.44,85,89.3,86.0,31,1,28.0,0,1.56,72,58,14,0.41,-1.8,0,37,26,0,8,33,25,0,,,,,,,,,,,,,,,,Centre-Back,32.0,10000000.0
ENG-Premier League,2324.0,Newcastle,harvey barnes,ENG,"FW,MF",25.0,1997.0,21,7,802,8.9,5,3,8,5,0,0,2,0,0.56,0.34,0.9,0.56,0.9,27,12,44.4,3.03,1.35,0.19,0.42,38,23.5,67.0,1,14,24.0,0,1.76,24,10,14,1.57,1.26,0,4,21,2,12,3,1,0,,,,,,,,,,,,,,,,Left Winger,26.0,35000000.0
ENG-Premier League,2324.0,Newcastle,jacob murphy,ENG,"FW,MF",28.0,1995.0,21,14,1189,13.2,3,7,10,3,0,0,1,0,0.23,0.53,0.76,0.23,0.76,30,10,33.3,2.27,0.76,0.1,0.3,57,34.8,75.0,5,7,20.0,5,1.95,40,21,19,1.44,1.28,0,7,15,1,78,5,12,0,,,,,,,,,,,,,,,,Right Winger,29.0,15000000.0
ENG-Premier League,2324.0,Newcastle,jamaal lascelles,ENG,DF,29.0,1993.0,16,13,1080,12.0,1,0,1,1,0,0,4,0,0.08,0.0,0.08,0.08,0.08,6,1,16.7,0.5,0.08,0.17,1.0,68,31.6,80.0,9,3,15.0,10,1.44,23,15,8,0.67,0.09,0,17,2,1,1,5,9,0,,,,,,,,,,,,,,,,Centre-Back,30.0,7000000.0
ENG-Premier League,2324.0,Newcastle,joe white,ENG,MF,20.0,2002.0,4,0,13,0.1,0,0,0,0,0,0,1,0,0.0,0.0,0.0,0.0,0.0,0,0,,0.0,0.0,,,3,0.4,,0,4,3.0,10,1.0,2,0,2,13.85,13.29,0,2,0,0,0,0,1,0,,,,,,,,,,,,,,,,Attacking Midfield,21.0,300000.0
ENG-Premier League,2324.0,Newcastle,joe willock,ENG,MF,23.0,1999.0,9,5,419,4.7,1,0,1,1,0,0,0,0,0.21,0.0,0.21,0.21,0.21,7,4,57.1,1.5,0.86,0.14,0.25,47,12.3,67.0,0,4,22.0,0,1.56,6,9,-3,-0.64,-1.42,0,3,3,1,6,1,7,0,,,,,,,,,,,,,,,,Central Midfield,24.0,30000000.0
ENG-Premier League,2324.0,Newcastle,joelinton,BRA,"MF,FW",26.0,1996.0,20,15,1279,14.2,2,1,3,2,0,0,6,0,0.14,0.07,0.21,0.14,0.21,19,9,47.4,1.34,0.63,0.11,0.22,64,37.4,79.0,8,5,18.0,0,1.45,26,23,3,0.21,-0.63,0,28,22,0,2,19,26,0,,,,,,,,,,,,,,,,Central Midfield,27.0,40000000.0
ENG-Premier League,2324.0,Newcastle,kieran trippier,ENG,DF,32.0,1990.0,28,26,2236,24.8,1,10,11,1,0,0,5,0,0.04,0.4,0.44,0.04,0.44,8,2,25.0,0.32,0.08,0.13,0.5,80,65.4,86.0,21,2,6.0,0,1.46,49,43,6,0.24,-1.05,0,27,21,3,214,24,27,0,,,,,,,,,,,,,,,,Right-Back,33.0,10000000.0
ENG-Premier League,2324.0,Newcastle,lewis hall,ENG,DF,18.0,2004.0,18,8,781,8.7,1,0,1,1,0,0,2,0,0.12,0.0,0.12,0.12,0.12,11,4,36.4,1.27,0.46,0.09,0.25,43,22.8,82.0,3,10,13.0,15,1.44,23,12,11,1.27,0.86,0,5,5,0,23,13,17,0,,,,,,,,,,,,,,,,Left-Back,19.0,18000000.0
ENG-Premier League,2324.0,Newcastle,lewis miley,ENG,MF,17.0,2006.0,17,14,1202,13.4,1,3,4,1,0,0,1,0,0.07,0.22,0.3,0.07,0.3,13,3,23.1,0.97,0.22,0.08,0.33,71,35.1,80.0,6,3,29.0,1,1.18,27,29,-2,-0.15,-1.16,0,5,6,2,12,8,21,0,,,,,,,,,,,,,,,,Central Midfield,18.0,22000000.0
ENG-Premier League,2324.0,Newcastle,loris karius,GER,GK,30.0,1993.0,1,1,90,1.0,0,0,0,0,0,0,0,0,0.0,0.0,0.0,0.0,0.0,0,0,,0.0,0.0,,,90,2.6,90.0,1,0,,21,0.0,1,4,-3,-3.0,-3.7,0,0,0,0,0,0,0,0,4.0,4.0,8.0,4.0,50.0,0.0,0.0,1.0,0.0,0.0,0.0,0.0,0.0,0.0,,Goalkeeper,31.0,1000000.0
ENG-Premier League,2324.0,Newcastle,martin dubravka,SVK,GK,34.0,1989.0,23,22,1985,22.1,0,0,0,0,0,0,1,0,0.0,0.0,0.0,0.0,0.0,0,0,,0.0,0.0,,,86,58.0,90.0,22,1,5.0,14,1.48,48,42,6,0.27,-0.79,0,2,5,0,0,0,0,0,42.0,1.9,129.0,87.0,67.4,9.0,4.0,9.0,5.0,22.7,5.0,4.0,1.0,0.0,20.0,Goalkeeper,35.0,1000000.0
ENG-Premier League,2324.0,Newcastle,matt ritchie,SCO,"DF,MF",33.0,1989.0,13,0,128,1.4,1,0,1,1,0,0,1,0,0.7,0.0,0.7,0.7,0.7,6,4,66.7,4.22,2.81,0.17,0.25,10,3.7,,0,13,10.0,18,1.92,3,5,-2,-1.41,-2.09,0,2,1,0,7,1,3,0,,,,,,,,,,,,,,,,Right Midfield,34.0,1000000.0
ENG-Premier League,2324.0,Newcastle,matt targett,ENG,DF,27.0,1995.0,3,1,78,0.9,0,0,0,0,0,0,1,0,0.0,0.0,0.0,0.0,0.0,0,0,,0.0,0.0,,,26,2.3,73.0,0,2,3.0,8,0.33,0,4,-4,-4.62,-5.34,0,0,2,0,0,0,0,0,,,,,,,,,,,,,,,,Left-Back,28.0,10000000.0
ENG-Premier League,2324.0,Newcastle,michael ndiweni,ENG,MF,19.0,2003.0,1,0,1,0.0,0,0,0,0,0,0,0,0,0.0,0.0,0.0,0.0,0.0,0,0,,0.0,0.0,,,1,0.0,,0,1,1.0,0,3.0,0,0,0,0.0,-0.61,0,0,0,0,0,0,0,0,,,,,,,,,,,,,,,,Centre-Forward,20.0,
ENG-Premier League,2324.0,Newcastle,miguel almiron,PAR,FW,29.0,1994.0,33,23,1937,21.5,3,1,4,3,0,0,2,0,0.14,0.05,0.19,0.14,0.19,41,12,29.3,1.91,0.56,0.07,0.25,59,56.6,74.0,5,10,23.0,0,1.52,39,40,-1,-0.05,-1.5,0,16,22,10,24,10,24,0,,,,,,,,,,,,,,,,Right Winger,30.0,20000000.0
ENG-Premier League,2324.0,Newcastle,nick pope,ENG,GK,31.0,1992.0,15,15,1345,14.9,0,0,0,0,0,0,1,0,0.0,0.0,0.0,0.0,0.0,1,0,0.0,0.07,0.0,0.0,,90,39.3,90.0,14,0,,3,1.93,36,16,20,1.34,1.21,0,0,3,0,0,0,0,0,16.0,1.07,59.0,43.0,72.9,9.0,2.0,4.0,6.0,40.0,0.0,0.0,0.0,0.0,,Goalkeeper,32.0,16000000.0
ENG-Premier League,2324.0,Newcastle,paul dummett,WAL,DF,31.0,1991.0,5,0,20,0.2,0,0,0,0,0,0,0,0,0.0,0.0,0.0,0.0,0.0,1,0,0.0,4.5,0.0,0.0,,4,0.6,,0,5,4.0,24,2.6,0,1,-1,-4.5,-5.14,0,1,0,0,0,0,0,0,,,,,,,,,,,,,,,,Left-Back,32.0,900000.0
ENG-Premier League,2324.0,Newcastle,sandro tonali,ITA,MF,23.0,2000.0,8,5,438,4.9,1,0,1,1,0,0,2,0,0.21,0.0,0.21,0.21,0.21,3,2,66.7,0.62,0.41,0.33,0.5,55,12.8,74.0,1,3,22.0,1,1.63,10,5,5,1.03,0.48,0,9,6,0,11,2,7,0,,,,,,,,,,,,,,,,Defensive Midfield,24.0,38000000.0
ENG-Premier League,2324.0,Newcastle,sean longstaff,ENG,MF,25.0,1997.0,35,30,2747,30.5,6,2,8,6,0,0,7,0,0.2,0.07,0.26,0.2,0.26,41,15,36.6,1.34,0.49,0.15,0.4,78,80.3,88.0,25,5,24.0,0,1.54,74,50,24,0.79,0.92,0,24,33,2,25,16,31,0,,,,,,,,,,,,,,,,Central Midfield,26.0,25000000.0
ENG-Premier League,2324.0,Newcastle,sven botman,NED,DF,23.0,2000.0,17,15,1377,15.3,2,2,4,2,0,0,2,0,0.13,0.13,0.26,0.13,0.26,10,2,20.0,0.65,0.13,0.2,1.0,81,40.3,88.0,12,2,31.0,0,1.35,37,29,8,0.52,-0.14,0,9,2,1,0,9,13,1,,,,,,,,,,,,,,,,Centre-Back,24.0,45000000.0
ENG-Premier League,2324.0,Newcastle,tino livramento,ENG,DF,20.0,2002.0,26,12,1314,14.6,1,0,1,1,0,0,1,0,0.07,0.0,0.07,0.07,0.07,4,2,50.0,0.27,0.14,0.25,0.5,51,38.4,84.0,8,14,22.0,7,1.73,31,27,4,0.27,-0.54,0,3,28,1,26,24,14,0,,,,,,,,,,,,,,,,Right-Back,21.0,35000000.0
ENG-Premier League,2324.0,Nottingham,andrew omobamidele,IRL,DF,21.0,2002.0,11,8,783,8.7,0,0,0,0,0,0,2,0,0.0,0.0,0.0,0.0,0.0,1,0,0.0,0.11,0.0,0.0,,71,22.9,90.0,8,3,21.0,8,0.73,12,15,-3,-0.34,0.17,0,6,3,0,0,12,3,1,,,,,,,,,,,,,,,,Centre-Back,22.0,11000000.0
ENG-Premier League,2324.0,Nottingham,andrey santos,BRA,MF,19.0,2004.0,1,0,8,0.1,0,0,0,0,0,0,0,0,0.0,0.0,0.0,0.0,0.0,2,0,0.0,22.5,0.0,0.0,,8,0.2,,0,1,8.0,5,0.0,0,0,0,0.0,0.47,0,0,0,0,0,0,0,0,,,,,,,,,,,,,,,,Central Midfield,20.0,15000000.0
ENG-Premier League,2324.0,Nottingham,anthony elanga,SWE,"MF,FW",21.0,2002.0,36,25,2433,27.0,5,9,14,5,0,0,1,0,0.18,0.33,0.52,0.18,0.52,54,23,42.6,2.0,0.85,0.09,0.22,68,71.1,86.0,15,11,27.0,0,0.97,40,47,-7,-0.26,0.74,0,9,26,19,57,8,19,0,,,,,,,,,,,,,,,,Right Winger,22.0,22000000.0
ENG-Premier League,2324.0,Nottingham,brandon aguilera,CRC,MF,20.0,2003.0,1,0,5,0.1,0,0,0,0,0,0,0,0,0.0,0.0,0.0,0.0,0.0,0,0,,0.0,0.0,,,5,0.1,,0,1,5.0,3,0.0,0,0,0,0.0,0.47,0,3,0,0,0,0,0,0,,,,,,,,,,,,,,,,Central Midfield,21.0,300000.0
ENG-Premier League,2324.0,Nottingham,brennan johnson,WAL,"FW,MF",22.0,2001.0,3,3,237,2.6,0,0,0,0,0,0,0,0,0.0,0.0,0.0,0.0,0.0,3,0,0.0,1.14,0.0,0.0,,79,6.9,79.0,0,0,,0,1.0,4,5,-1,-0.38,0.1,0,1,7,1,2,0,0,0,,,,,,,,,,,,,,,,Right Winger,23.0,48000000.0
ENG-Premier League,2324.0,Nottingham,callum hudson odoi,ENG,"MF,FW",22.0,2000.0,29,20,1854,20.6,8,1,9,8,0,0,0,0,0.39,0.05,0.44,0.39,0.44,38,20,52.6,1.84,0.97,0.21,0.4,64,54.2,82.0,9,9,24.0,1,0.86,32,41,-9,-0.44,0.08,0,14,30,9,73,6,8,0,,,,,,,,,,,,,,,,Left Winger,23.0,18000000.0
ENG-Premier League,2324.0,Nottingham,cheikhou kouyate,SEN,MF,33.0,1989.0,12,2,212,2.4,0,0,0,0,0,0,2,0,0.0,0.0,0.0,0.0,0.0,5,1,20.0,2.12,0.42,0.0,0.0,18,6.2,64.0,0,10,8.0,18,1.33,1,6,-5,-2.12,-1.76,0,6,2,0,0,2,5,0,,,,,,,,,,,,,,,,Defensive Midfield,34.0,1000000.0
ENG-Premier League,2324.0,Nottingham,chris wood,NZL,FW,31.0,1991.0,31,20,1812,20.1,14,1,15,14,0,0,0,0,0.7,0.05,0.75,0.7,0.75,48,26,54.2,2.38,1.29,0.29,0.54,58,53.0,83.0,13,11,14.0,0,0.94,28,34,-6,-0.3,0.37,0,22,13,7,2,1,4,0,,,,,,,,,,,,,,,,Centre-Forward,32.0,7000000.0
ENG-Premier League,2324.0,Nottingham,danilo santos,BRA,MF,22.0,2001.0,29,20,1792,19.9,2,2,4,2,0,0,4,0,0.1,0.1,0.2,0.1,0.2,23,7,30.4,1.16,0.35,0.09,0.29,62,52.4,80.0,7,9,20.0,2,1.03,31,42,-11,-0.55,-0.17,0,13,9,2,26,33,22,0,,,,,,,,,,,,,,,,,,
ENG-Premier League,2324.0,Nottingham,divock origi,BEL,"MF,FW",28.0,1995.0,20,6,606,6.7,0,1,1,0,0,0,1,0,0.0,0.15,0.15,0.0,0.15,14,4,28.6,2.08,0.59,0.0,0.0,30,17.7,57.0,0,14,19.0,7,0.6,4,6,-2,-0.3,0.21,0,14,8,5,13,2,4,0,,,,,,,,,,,,,,,,Centre-Forward,29.0,5000000.0
ENG-Premier League,2324.0,Nottingham,felipe,BRA,DF,34.0,1989.0,7,4,375,4.2,0,0,0,0,0,0,4,0,0.0,0.0,0.0,0.0,0.0,3,0,0.0,0.72,0.0,0.0,,54,11.0,75.0,2,3,25.0,5,0.75,4,11,-7,-1.68,-1.35,0,10,2,0,0,4,9,0,,,,,,,,,,,,,,,,Centre-Back,35.0,1500000.0
ENG-Premier League,2324.0,Nottingham,gio reyna,USA,MF,20.0,2002.0,9,2,235,2.6,0,1,1,0,0,0,0,0,0.0,0.38,0.38,0.0,0.38,5,2,40.0,1.91,0.77,0.0,0.0,26,6.9,61.0,0,7,16.0,4,0.67,3,3,0,0.0,0.51,0,3,2,0,8,2,3,0,,,,,,,,,,,,,,,,,,
ENG-Premier League,2324.0,Nottingham,gonzalo montiel,ARG,DF,26.0,1997.0,14,8,801,8.9,0,2,2,0,0,0,5,0,0.0,0.22,0.22,0.0,0.22,3,0,0.0,0.34,0.0,0.0,,57,23.4,77.0,2,6,32.0,10,1.29,13,11,2,0.22,0.91,0,6,1,2,16,7,19,0,,,,,,,,,,,,,,,,Right-Back,27.0,10000000.0
ENG-Premier League,2324.0,Nottingham,harry toffolo,ENG,"DF,MF",27.0,1995.0,23,15,1459,16.2,1,3,4,1,0,0,3,0,0.06,0.19,0.25,0.06,0.25,8,5,62.5,0.49,0.31,0.13,0.2,63,42.7,88.0,12,8,18.0,9,0.91,18,29,-11,-0.68,-0.36,0,17,2,0,46,12,15,0,,,,,,,,,,,,,,,,Left-Back,28.0,5000000.0
ENG-Premier League,2324.0,Nottingham,ibrahim sangare,CIV,MF,25.0,1997.0,17,13,1035,11.5,0,0,0,0,0,0,6,0,0.0,0.0,0.0,0.0,0.0,8,0,0.0,0.7,0.0,0.0,,61,30.3,73.0,4,4,20.0,7,0.88,12,16,-4,-0.35,0.18,0,22,9,2,2,14,22,0,,,,,,,,,,,,,,,,Defensive Midfield,26.0,30000000.0
ENG-Premier League,2324.0,Nottingham,joe worrall,ENG,DF,26.0,1997.0,7,5,439,4.9,0,0,0,0,0,0,0,1,0.0,0.0,0.0,0.0,0.0,2,0,0.0,0.41,0.0,0.0,,63,12.8,85.0,3,2,7.0,7,1.57,7,8,-1,-0.21,0.31,0,3,2,0,0,3,5,0,,,,,,,,,,,,,,,,Centre-Back,27.0,7500000.0
ENG-Premier League,2324.0,Nottingham,matt turner,USA,GK,29.0,1994.0,17,17,1530,17.0,0,0,0,0,0,0,2,0,0.0,0.0,0.0,0.0,0.0,0,0,,0.0,0.0,,,90,44.7,90.0,17,0,,20,1.11,24,29,-5,-0.29,0.32,0,0,3,0,0,0,0,0,28.0,1.65,83.0,55.0,66.3,4.0,5.0,8.0,2.0,11.8,2.0,2.0,0.0,0.0,0.0,Goalkeeper,30.0,7000000.0
ENG-Premier League,2324.0,Nottingham,matz sels,BEL,GK,31.0,1992.0,16,16,1440,16.0,0,0,0,0,0,0,1,0,0.0,0.0,0.0,0.0,0.0,0,0,,0.0,0.0,,,90,42.1,90.0,16,0,,0,1.0,22,27,-5,-0.31,0.28,0,0,3,0,0,0,0,0,27.0,1.69,64.0,37.0,57.8,4.0,4.0,8.0,1.0,6.3,1.0,1.0,0.0,0.0,0.0,Goalkeeper,32.0,7000000.0
ENG-Premier League,2324.0,Nottingham,morgan gibbs white,ENG,"MF,FW",23.0,2000.0,37,35,3156,35.1,5,10,15,4,1,1,9,0,0.14,0.29,0.43,0.11,0.4,71,15,21.1,2.02,0.43,0.06,0.27,85,92.3,88.0,27,2,38.0,0,0.97,46,59,-13,-0.37,1.33,0,37,57,6,181,18,24,0,,,,,,,,,,,,,,,,Attacking Midfield,24.0,40000000.0
ENG-Premier League,2324.0,Nottingham,moussa niakhate,SEN,DF,27.0,1996.0,21,15,1460,16.2,1,0,1,1,0,0,5,1,0.06,0.0,0.06,0.06,0.06,5,1,20.0,0.31,0.06,0.2,1.0,70,42.7,87.0,13,6,25.0,12,0.95,20,35,-15,-0.92,-0.79,1,11,4,0,11,14,25,0,,,,,,,,,,,,,,,,Centre-Back,28.0,16000000.0
ENG-Premier League,2324.0,Nottingham,murillo,BRA,DF,21.0,2002.0,32,32,2789,31.0,0,2,2,0,0,0,5,0,0.0,0.06,0.06,0.0,0.06,17,6,35.3,0.55,0.19,0.0,0.0,87,81.5,87.0,28,0,,0,0.91,41,56,-15,-0.48,-0.06,0,38,7,0,3,40,33,1,,,,,,,,,,,,,,,,Centre-Back,21.0,35000000.0
ENG-Premier League,2324.0,Nottingham,neco williams,WAL,"DF,MF",22.0,2001.0,26,18,1637,18.2,0,1,1,0,0,0,4,0,0.0,0.05,0.05,0.0,0.05,15,4,26.7,0.82,0.22,0.0,0.0,63,47.9,85.0,14,8,13.0,5,0.92,23,33,-10,-0.55,-0.15,0,23,30,4,69,23,39,0,,,,,,,,,,,,,,,,Left-Back,23.0,17000000.0
ENG-Premier League,2324.0,Nottingham,nicolas dominguez,ARG,MF,25.0,1998.0,26,19,1495,16.6,2,2,4,2,0,0,4,0,0.12,0.12,0.24,0.12,0.24,22,6,27.3,1.32,0.36,0.09,0.33,58,43.7,74.0,3,7,12.0,6,0.92,16,27,-11,-0.66,-0.33,0,26,16,2,6,18,35,0,,,,,,,,,,,,,,,,Central Midfield,26.0,17000000.0
ENG-Premier League,2324.0,Nottingham,nuno tavares,POR,DF,23.0,2000.0,8,5,457,5.1,0,0,0,0,0,0,2,0,0.0,0.0,0.0,0.0,0.0,7,1,14.3,1.38,0.2,0.0,0.0,57,13.4,80.0,4,3,20.0,5,1.13,8,9,-1,-0.2,0.32,0,8,2,0,16,1,7,0,,,,,,,,,,,,,,,,Left-Back,24.0,15000000.0
ENG-Premier League,2324.0,Nottingham,odysseas vlachodimos,GRE,GK,29.0,1994.0,5,5,450,5.0,0,0,0,0,0,0,0,0,0.0,0.0,0.0,0.0,0.0,0,0,,0.0,0.0,,,90,13.2,90.0,5,0,,14,0.6,6,12,-6,-1.2,-0.84,0,0,1,0,0,0,0,0,12.0,2.4,22.0,10.0,45.5,1.0,0.0,4.0,1.0,20.0,1.0,1.0,0.0,0.0,0.0,Goalkeeper,30.0,7000000.0
ENG-Premier League,2324.0,Nottingham,ola aina,NGA,"DF,MF",26.0,1996.0,22,20,1692,18.8,1,1,2,1,0,0,3,0,0.05,0.05,0.11,0.05,0.11,11,1,9.1,0.59,0.05,0.09,1.0,77,49.5,84.0,9,2,5.0,3,1.0,27,39,-12,-0.64,-0.33,0,18,25,2,27,17,29,0,,,,,,,,,,,,,,,,Right-Back,27.0,12000000.0
ENG-Premier League,2324.0,Nottingham,orel mangala,BEL,MF,25.0,1998.0,20,19,1563,17.4,1,0,1,1,0,0,6,0,0.06,0.0,0.06,0.06,0.06,10,1,10.0,0.58,0.06,0.1,1.0,78,45.7,82.0,10,1,4.0,1,0.85,16,31,-15,-0.86,-0.72,0,23,21,0,2,27,12,0,,,,,,,,,,,,,,,,Defensive Midfield,26.0,20000000.0
ENG-Premier League,2324.0,Nottingham,rodrigo ribeiro,POR,FW,18.0,2005.0,4,0,17,0.2,0,0,0,0,0,0,0,0,0.0,0.0,0.0,0.0,0.0,0,0,,0.0,0.0,,,4,0.5,,0,4,4.0,8,1.25,0,0,0,0.0,0.48,0,1,0,0,0,1,0,0,,,,,,,,,,,,,,,,Centre-Forward,19.0,3000000.0
ENG-Premier League,2324.0,Nottingham,ryan yates,ENG,MF,25.0,1997.0,35,21,1992,22.1,1,1,2,1,0,0,6,0,0.05,0.05,0.09,0.05,0.09,32,7,21.9,1.45,0.32,0.03,0.14,57,58.2,83.0,14,14,18.0,2,1.0,31,38,-7,-0.32,0.38,0,54,57,2,6,21,37,0,,,,,,,,,,,,,,,,Central Midfield,26.0,12000000.0
ENG-Premier League,2324.0,Nottingham,scott mckenna,SCO,DF,26.0,1996.0,5,5,416,4.6,0,0,0,0,0,0,0,0,0.0,0.0,0.0,0.0,0.0,2,0,0.0,0.43,0.0,0.0,,83,12.2,83.0,4,0,,1,1.4,7,6,1,0.22,0.79,0,3,2,0,0,4,0,0,,,,,,,,,,,,,,,,Centre-Back,27.0,9000000.0
ENG-Premier League,2324.0,Nottingham,serge aurier,CIV,"DF,MF",30.0,1992.0,12,10,833,9.3,0,2,2,0,0,0,2,0,0.0,0.22,0.22,0.0,0.22,6,1,16.7,0.65,0.11,0.0,0.0,69,24.4,80.0,6,2,18.0,1,1.0,9,15,-6,-0.65,-0.23,0,8,9,0,22,8,14,0,,,,,,,,,,,,,,,,Right-Back,31.0,3700000.0
ENG-Premier League,2324.0,Nottingham,taiwo awoniyi,NGA,FW,25.0,1997.0,20,12,1042,11.6,6,3,9,6,0,0,2,0,0.52,0.26,0.78,0.52,0.78,22,11,50.0,1.9,0.95,0.27,0.55,52,30.5,74.0,1,8,19.0,0,1.05,17,21,-4,-0.35,0.18,0,9,16,13,1,1,6,0,,,,,,,,,,,,,,,,Centre-Forward,26.0,28000000.0
ENG-Premier League,2324.0,Nottingham,willy boly,CIV,DF,32.0,1991.0,20,18,1438,16.0,2,1,3,2,0,0,3,1,0.13,0.06,0.19,0.13,0.19,14,6,42.9,0.88,0.38,0.14,0.33,72,42.0,79.0,11,2,10.0,3,1.0,17,23,-6,-0.38,0.17,1,20,2,1,1,24,30,0,,,,,,,,,,,,,,,,Centre-Back,33.0,2500000.0
ENG-Premier League,2324.0,Sheffield United,andre brooks,JAM,MF,19.0,2003.0,20,12,938,10.4,0,0,0,0,0,0,1,0,0.0,0.0,0.0,0.0,0.0,9,2,22.2,0.86,0.19,0.0,0.0,47,27.4,62.0,0,8,24.0,11,0.25,5,29,-24,-2.3,-0.67,0,11,9,0,8,15,10,0,,,,,,,,,,,,,,,,Central Midfield,20.0,2500000.0
ENG-Premier League,2324.0,Sheffield United,anel ahmedhodzic,BIH,DF,24.0,1999.0,31,29,2649,29.4,2,0,2,2,0,0,11,1,0.07,0.0,0.07,0.07,0.07,19,5,26.3,0.65,0.17,0.11,0.4,85,77.5,89.0,27,2,34.0,0,0.35,28,89,-61,-2.07,-1.14,1,34,13,2,6,33,35,0,,,,,,,,,,,,,,,,Centre-Back,25.0,18000000.0
ENG-Premier League,2324.0,Sheffield United,anis ben slimane,TUN,MF,22.0,2001.0,15,4,419,4.7,0,0,0,0,0,0,2,0,0.0,0.0,0.0,0.0,0.0,8,3,37.5,1.72,0.64,0.0,0.0,28,12.3,61.0,0,11,16.0,13,0.33,2,14,-12,-2.58,-0.87,0,7,6,2,1,5,6,1,,,,,,,,,,,,,,,,Attacking Midfield,23.0,2500000.0
ENG-Premier League,2324.0,Sheffield United,antwoine hackford,ENG,FW,19.0,2004.0,2,0,13,0.1,0,0,0,0,0,0,0,0,0.0,0.0,0.0,0.0,0.0,0,0,,0.0,0.0,,,7,0.4,,0,2,7.0,0,0.0,0,1,-1,-6.92,-5.13,0,0,0,0,0,0,0,0,,,,,,,,,,,,,,,,Centre-Forward,20.0,500000.0
ENG-Premier League,2324.0,Sheffield United,auston trusty,USA,DF,24.0,1998.0,32,28,2572,28.6,0,0,0,0,0,0,4,0,0.0,0.0,0.0,0.0,0.0,8,2,25.0,0.28,0.07,0.0,0.0,80,75.2,89.0,24,4,21.0,6,0.38,22,81,-59,-2.06,-1.0,0,23,12,3,6,34,29,0,,,,,,,,,,,,,,,,Centre-Back,25.0,7000000.0
ENG-Premier League,2324.0,Sheffield United,ben brereton,CHI,"FW,MF",24.0,1999.0,14,14,1105,12.3,6,1,7,5,1,1,3,0,0.49,0.08,0.57,0.41,0.49,35,19,54.3,2.85,1.55,0.14,0.26,79,32.3,79.0,8,0,,1,0.29,16,37,-21,-1.71,0.16,0,11,19,10,9,3,4,0,,,,,,,,,,,,,,,,,,
ENG-Premier League,2324.0,Sheffield United,ben osborn,ENG,MF,28.0,1994.0,24,14,1367,15.2,0,2,2,0,0,0,3,0,0.0,0.13,0.13,0.0,0.13,4,0,0.0,0.26,0.0,0.0,,57,40.0,77.0,10,10,28.0,5,0.42,19,40,-21,-1.38,0.72,0,8,9,1,47,8,8,1,,,,,,,,,,,,,,,,Central Midfield,29.0,1000000.0
ENG-Premier League,2324.0,Sheffield United,benie traore,CIV,"FW,MF",20.0,2002.0,8,3,387,4.3,0,0,0,0,0,0,0,0,0.0,0.0,0.0,0.0,0.0,1,1,100.0,0.23,0.23,0.0,0.0,48,11.3,86.0,1,5,26.0,11,0.13,2,13,-11,-2.56,-0.84,0,10,4,1,3,1,2,0,,,,,,,,,,,,,,,,Left Winger,21.0,4000000.0
ENG-Premier League,2324.0,Sheffield United,cameron archer,ENG,"FW,MF",22.0,2001.0,29,21,1832,20.4,4,1,5,4,0,0,1,0,0.2,0.05,0.25,0.2,0.25,42,11,26.2,2.06,0.54,0.1,0.36,63,53.6,80.0,9,8,19.0,0,0.48,22,50,-28,-1.38,0.95,0,14,20,13,5,1,12,0,,,,,,,,,,,,,,,,Centre-Forward,22.0,13000000.0
ENG-Premier League,2324.0,Sheffield United,chris basham,ENG,"DF,MF",35.0,1988.0,8,3,321,3.6,0,0,0,0,0,0,1,0,0.0,0.0,0.0,0.0,0.0,2,0,0.0,0.56,0.0,0.0,,40,9.4,68.0,1,5,24.0,0,0.13,2,6,-4,-1.12,0.77,0,3,3,2,4,4,2,0,,,,,,,,,,,,,,,,Centre-Back,35.0,300000.0
ENG-Premier League,2324.0,Sheffield United,daniel jebbison,CAN,FW,19.0,2003.0,1,0,21,0.2,0,0,0,0,0,0,0,0,0.0,0.0,0.0,0.0,0.0,0,0,,0.0,0.0,,,21,0.6,,0,1,21.0,0,0.0,0,0,0,0.0,1.83,0,0,0,0,0,0,0,0,,,,,,,,,,,,,,,,Centre-Forward,20.0,1000000.0
ENG-Premier League,2324.0,Sheffield United,george baldock,GRE,"DF,MF",30.0,1993.0,13,11,969,10.8,0,1,1,0,0,0,4,0,0.0,0.09,0.09,0.0,0.09,1,0,0.0,0.09,0.0,0.0,,75,28.3,82.0,9,2,33.0,1,0.54,11,21,-10,-0.93,1.24,0,18,14,1,18,10,9,0,,,,,,,,,,,,,,,,Right-Back,31.0,2500000.0
ENG-Premier League,2324.0,Sheffield United,gustavo hamer,NED,MF,26.0,1997.0,36,34,2910,32.3,4,6,10,4,0,0,9,0,0.12,0.19,0.31,0.12,0.31,49,15,30.6,1.52,0.46,0.08,0.27,81,85.1,83.0,18,2,39.0,0,0.44,31,83,-52,-1.61,1.39,0,50,17,6,118,26,20,0,,,,,,,,,,,,,,,,Central Midfield,27.0,15000000.0
ENG-Premier League,2324.0,Sheffield United,ivo grbic,CRO,GK,27.0,1996.0,9,9,771,8.6,0,0,0,0,0,0,1,0,0.0,0.0,0.0,0.0,0.0,0,0,,0.0,0.0,,,86,22.5,86.0,8,0,,5,0.33,11,25,-14,-1.63,0.23,0,0,2,0,0,0,0,0,25.0,2.92,62.0,37.0,59.7,0.0,3.0,6.0,0.0,0.0,1.0,0.0,0.0,1.0,,Goalkeeper,28.0,3500000.0
ENG-Premier League,2324.0,Sheffield United,jack robinson,ENG,DF,29.0,1993.0,34,31,2885,32.1,1,1,2,1,0,0,10,0,0.03,0.03,0.06,0.03,0.06,14,6,42.9,0.44,0.19,0.07,0.17,85,84.4,89.0,27,3,40.0,0,0.47,30,83,-53,-1.65,1.04,0,19,16,1,12,29,30,2,,,,,,,,,,,,,,,,Centre-Back,30.0,1000000.0
ENG-Premier League,2324.0,Sheffield United,james mcatee,ENG,"MF,FW",20.0,2002.0,30,20,1822,20.2,3,3,6,2,1,1,2,0,0.15,0.15,0.3,0.1,0.25,26,9,34.6,1.28,0.44,0.08,0.22,61,53.3,78.0,7,10,25.0,2,0.5,19,65,-46,-2.27,-0.98,0,15,29,1,35,11,20,0,,,,,,,,,,,,,,,,Attacking Midfield,21.0,12000000.0
ENG-Premier League,2324.0,Sheffield United,jayden bogle,ENG,"MF,DF",23.0,2000.0,34,32,2788,31.0,3,0,3,3,0,0,9,0,0.1,0.0,0.1,0.1,0.1,32,11,34.4,1.03,0.36,0.09,0.27,82,81.5,84.0,23,2,43.0,1,0.44,29,79,-50,-1.61,1.09,0,39,22,4,41,32,37,1,,,,,,,,,,,,,,,,Right-Back,23.0,3800000.0
ENG-Premier League,2324.0,Sheffield United,john egan,IRL,DF,30.0,1992.0,6,6,482,5.4,0,0,0,0,0,0,2,0,0.0,0.0,0.0,0.0,0.0,3,1,33.3,0.56,0.19,0.0,0.0,80,14.1,80.0,4,0,,0,0.17,4,17,-13,-2.43,-0.71,0,6,1,0,0,13,3,0,,,,,,,,,,,,,,,,Centre-Back,31.0,4000000.0
ENG-Premier League,2324.0,Sheffield United,john fleck,SCO,MF,31.0,1991.0,4,1,92,1.0,0,0,0,0,0,0,1,0,0.0,0.0,0.0,0.0,0.0,0,0,,0.0,0.0,,,23,2.7,45.0,0,3,16.0,5,0.0,1,5,-4,-3.91,-2.16,0,2,2,0,0,0,0,0,,,,,,,,,,,,,,,,Central Midfield,32.0,900000.0
ENG-Premier League,2324.0,Sheffield United,luke thomas,ENG,"MF,DF",22.0,2001.0,12,11,917,10.2,0,0,0,0,0,0,3,0,0.0,0.0,0.0,0.0,0.0,6,1,16.7,0.59,0.1,0.0,0.0,76,26.8,81.0,7,1,23.0,4,0.42,5,29,-24,-2.36,-0.74,0,10,13,0,13,10,9,0,,,,,,,,,,,,,,,,Left-Back,23.0,6000000.0
ENG-Premier League,2324.0,Sheffield United,mason holgate,JAM,DF,26.0,1996.0,10,9,710,7.9,0,0,0,0,0,0,3,1,0.0,0.0,0.0,0.0,0.0,3,0,0.0,0.38,0.0,0.0,,71,20.8,76.0,4,1,22.0,2,0.5,11,22,-11,-1.39,0.53,0,8,4,0,7,10,7,0,,,,,,,,,,,,,,,,Centre-Back,27.0,5000000.0
ENG-Premier League,2324.0,Sheffield United,max lowe,ENG,"MF,DF",26.0,1997.0,10,4,503,5.6,0,0,0,0,0,0,1,0,0.0,0.0,0.0,0.0,0.0,2,0,0.0,0.36,0.0,0.0,,50,14.7,71.0,1,6,37.0,3,0.7,6,12,-6,-1.07,0.87,0,7,3,1,8,4,9,0,,,,,,,,,,,,,,,,Left-Back,27.0,2500000.0
ENG-Premier League,2324.0,Sheffield United,oliver arblaster,ENG,MF,19.0,2004.0,12,11,943,10.5,0,0,0,0,0,0,2,0,0.0,0.0,0.0,0.0,0.0,1,1,100.0,0.1,0.1,0.0,0.0,79,27.6,83.0,7,1,27.0,2,0.25,13,28,-15,-1.43,0.53,0,10,12,0,7,15,17,1,,,,,,,,,,,,,,,,Central Midfield,20.0,450000.0
ENG-Premier League,2324.0,Sheffield United,oliver mcburnie,SCO,FW,27.0,1996.0,21,15,1280,14.2,6,3,9,4,2,2,7,2,0.42,0.21,0.63,0.28,0.49,33,17,51.5,2.32,1.2,0.12,0.24,61,37.4,75.0,6,6,25.0,3,0.29,20,38,-18,-1.27,0.88,2,19,27,4,5,5,6,0,,,,,,,,,,,,,,,,,,
ENG-Premier League,2324.0,Sheffield United,oliver norwood,NIR,MF,32.0,1991.0,27,16,1440,16.0,1,0,1,0,1,1,8,0,0.06,0.0,0.06,0.0,0.0,15,6,40.0,0.94,0.37,0.0,0.0,53,42.1,82.0,12,11,11.0,9,0.44,12,47,-35,-2.19,-0.64,0,15,9,0,52,19,26,0,,,,,,,,,,,,,,,,Central Midfield,33.0,1000000.0
ENG-Premier League,2324.0,Sheffield United,rhian brewster,ENG,FW,23.0,2000.0,13,3,346,3.8,0,0,0,0,0,0,0,1,0.0,0.0,0.0,0.0,0.0,7,3,42.9,1.82,0.78,0.0,0.0,27,10.1,61.0,0,10,16.0,1,0.54,0,8,-8,-2.08,-0.29,0,5,5,1,3,1,1,0,,,,,,,,,,,,,,,,Centre-Forward,24.0,3000000.0
ENG-Premier League,2324.0,Sheffield United,rhys norrington davies,WAL,DF,24.0,1999.0,5,2,110,1.2,0,0,0,0,0,0,1,0,0.0,0.0,0.0,0.0,0.0,0,0,,0.0,0.0,,,22,3.2,27.0,0,3,19.0,1,0.8,1,6,-5,-4.09,-2.35,0,3,1,1,2,1,1,0,,,,,,,,,,,,,,,,Left-Back,25.0,2500000.0
ENG-Premier League,2324.0,Sheffield United,ryan one,SCO,MF,17.0,2006.0,1,0,8,0.1,0,0,0,0,0,0,0,0,0.0,0.0,0.0,0.0,0.0,0,0,,0.0,0.0,,,8,0.2,,0,1,8.0,3,0.0,0,2,-2,-22.5,-20.73,0,0,0,0,0,0,0,0,,,,,,,,,,,,,,,,Centre-Forward,18.0,200000.0
ENG-Premier League,2324.0,Sheffield United,sam curtis,IRL,DF,17.0,2005.0,1,0,28,0.3,0,0,0,0,0,0,0,0,0.0,0.0,0.0,0.0,0.0,0,0,,0.0,0.0,,,28,0.8,,0,1,28.0,8,0.0,0,0,0,0.0,1.83,0,0,0,0,1,0,0,0,,,,,,,,,,,,,,,,Right-Back,18.0,150000.0
ENG-Premier League,2324.0,Sheffield United,sydie peck,ENG,MF,18.0,2004.0,1,0,10,0.1,0,0,0,0,0,0,0,0,0.0,0.0,0.0,0.0,0.0,0,0,,0.0,0.0,,,10,0.3,,0,1,10.0,1,3.0,0,0,0,0.0,1.82,0,0,0,0,0,0,0,0,,,,,,,,,,,,,,,,Central Midfield,19.0,200000.0
ENG-Premier League,2324.0,Sheffield United,tom davies,ENG,MF,25.0,1998.0,9,2,221,2.5,0,0,0,0,0,0,2,0,0.0,0.0,0.0,0.0,0.0,4,1,25.0,1.63,0.41,0.0,0.0,25,6.5,45.0,0,7,19.0,1,0.44,2,11,-9,-3.67,-1.98,0,7,2,0,4,3,5,0,,,,,,,,,,,,,,,,Central Midfield,26.0,5000000.0
ENG-Premier League,2324.0,Sheffield United,vinicius souza,BRA,MF,24.0,1999.0,36,29,2668,29.6,1,0,1,1,0,0,3,0,0.03,0.0,0.03,0.03,0.03,14,6,42.9,0.47,0.2,0.07,0.17,74,78.0,84.0,20,7,32.0,2,0.44,27,80,-53,-1.79,0.13,0,48,14,2,10,30,73,0,,,,,,,,,,,,,,,,,,
ENG-Premier League,2324.0,Sheffield United,wes foderingham,ENG,GK,32.0,1991.0,30,29,2649,29.4,0,0,0,0,0,0,2,0,0.0,0.0,0.0,0.0,0.0,0,0,,0.0,0.0,,,88,77.5,90.0,29,1,39.0,8,0.43,24,79,-55,-1.87,-0.23,0,1,12,0,0,0,5,1,79.0,2.68,212.0,133.0,62.7,3.0,4.0,22.0,1.0,3.4,6.0,5.0,0.0,1.0,0.0,Goalkeeper,33.0,900000.0
ENG-Premier League,2324.0,Sheffield United,william osula,DEN,FW,19.0,2003.0,21,9,786,8.7,0,0,0,0,0,0,4,0,0.0,0.0,0.0,0.0,0.0,21,8,38.1,2.4,0.92,0.0,0.0,37,23.0,60.0,1,12,20.0,9,0.29,4,23,-19,-2.18,-0.47,0,15,12,6,2,2,2,0,,,,,,,,,,,,,,,,Centre-Forward,20.0,3000000.0
ENG-Premier League,2324.0,Sheffield United,yasser larouci,ALG,MF,22.0,2001.0,11,6,531,5.9,0,0,0,0,0,0,1,0,0.0,0.0,0.0,0.0,0.0,6,1,16.7,1.02,0.17,0.0,0.0,48,15.5,61.0,0,5,33.0,23,0.18,5,11,-6,-1.02,0.95,0,5,5,1,6,7,9,0,,,,,,,,,,,,,,,,Left-Back,23.0,3000000.0
ENG-Premier League,2324.0,Tottenham,alejo veliz,ARG,FW,19.0,2003.0,8,0,50,0.6,1,0,1,1,0,0,1,0,1.8,0.0,1.8,1.8,1.8,2,1,50.0,3.6,1.8,0.5,1.0,6,1.5,,0,8,6.0,5,1.88,3,2,1,1.8,1.48,0,0,1,3,0,0,0,0,,,,,,,,,,,,,,,,Centre-Forward,20.0,9000000.0
ENG-Premier League,2324.0,Tottenham,ben davies,WAL,DF,30.0,1993.0,17,12,1090,12.1,1,0,1,1,0,0,2,0,0.08,0.0,0.08,0.08,0.08,12,2,16.7,0.99,0.17,0.08,0.5,64,31.9,86.0,10,5,12.0,13,1.82,25,21,4,0.33,-0.02,0,8,19,0,10,10,16,0,,,,,,,,,,,,,,,,Centre-Back,31.0,10000000.0
ENG-Premier League,2324.0,Tottenham,brennan johnson,WAL,"MF,FW",22.0,2001.0,32,23,2085,23.2,5,10,15,5,0,0,3,0,0.22,0.43,0.65,0.22,0.65,50,21,42.0,2.16,0.91,0.1,0.24,65,61.0,79.0,8,9,31.0,0,1.56,49,37,12,0.52,0.45,0,17,29,12,71,9,15,0,,,,,,,,,,,,,,,,Right Winger,23.0,48000000.0
ENG-Premier League,2324.0,Tottenham,bryan gil,ESP,MF,22.0,2001.0,11,2,209,2.3,0,0,0,0,0,0,0,0,0.0,0.0,0.0,0.0,0.0,4,1,25.0,1.72,0.43,0.0,0.0,19,6.1,58.0,0,9,10.0,13,1.09,4,11,-7,-3.01,-3.57,0,2,3,1,12,2,0,0,,,,,,,,,,,,,,,,Left Winger,23.0,14000000.0
ENG-Premier League,2324.0,Tottenham,cristian romero,ARG,DF,25.0,1998.0,33,33,2790,31.0,5,0,5,5,0,0,7,1,0.16,0.0,0.16,0.16,0.16,24,10,41.7,0.77,0.32,0.21,0.5,85,81.6,85.0,30,0,,0,1.88,63,42,21,0.68,1.82,0,31,24,1,3,43,41,1,,,,,,,,,,,,,,,,Centre-Back,26.0,60000000.0
ENG-Premier League,2324.0,Tottenham,dane scarlett,ENG,FW,19.0,2004.0,4,0,22,0.2,0,0,0,0,0,0,0,0,0.0,0.0,0.0,0.0,0.0,0,0,,0.0,0.0,,,6,0.6,,0,4,6.0,4,3.0,1,0,1,4.09,3.77,0,1,2,0,0,0,1,0,,,,,,,,,,,,,,,,Centre-Forward,20.0,1800000.0
ENG-Premier League,2324.0,Tottenham,davinson sanchez,COL,DF,27.0,1996.0,1,0,77,0.9,0,0,0,0,0,0,1,0,0.0,0.0,0.0,0.0,0.0,1,0,0.0,1.17,0.0,0.0,,77,2.3,,0,1,77.0,3,1.0,1,2,-1,-1.17,-1.55,0,2,1,0,0,1,0,0,,,,,,,,,,,,,,,,Centre-Back,28.0,17000000.0
ENG-Premier League,2324.0,Tottenham,dejan kulusevski,SWE,"MF,FW",23.0,2000.0,36,31,2762,30.7,8,3,11,8,0,0,7,0,0.26,0.1,0.36,0.26,0.36,57,24,42.1,1.86,0.78,0.14,0.33,77,80.8,85.0,21,5,26.0,0,1.72,57,46,11,0.36,0.08,0,54,29,10,89,17,33,0,,,,,,,,,,,,,,,,Attacking Midfield,24.0,55000000.0
ENG-Premier League,2324.0,Tottenham,destiny udogie,ITA,DF,20.0,2002.0,28,28,2391,26.6,2,3,5,2,0,0,7,1,0.08,0.11,0.19,0.08,0.19,9,5,55.6,0.34,0.19,0.22,0.4,85,69.9,85.0,21,0,,0,1.93,56,40,16,0.6,0.86,1,51,36,3,22,37,33,0,,,,,,,,,,,,,,,,Left-Back,21.0,45000000.0
ENG-Premier League,2324.0,Tottenham,emerson,BRA,DF,24.0,1999.0,22,11,1161,12.9,1,0,1,1,0,0,4,0,0.08,0.0,0.08,0.08,0.08,6,3,50.0,0.47,0.23,0.17,0.33,53,33.9,86.0,8,11,19.0,16,1.64,22,31,-9,-0.7,-1.57,0,14,38,0,14,18,24,0,,,,,,,,,,,,,,,,,,
ENG-Premier League,2324.0,Tottenham,eric dier,ENG,DF,29.0,1994.0,4,1,201,2.2,0,0,0,0,0,0,0,0,0.0,0.0,0.0,0.0,0.0,0,0,,0.0,0.0,,,50,5.9,90.0,1,3,37.0,8,1.5,1,8,-7,-3.13,-3.69,0,0,1,2,0,1,1,0,,,,,,,,,,,,,,,,Centre-Back,30.0,12000000.0
ENG-Premier League,2324.0,Tottenham,giovani lo celso,ARG,MF,27.0,1996.0,22,4,506,5.6,2,2,4,2,0,0,2,0,0.36,0.36,0.71,0.36,0.71,13,6,46.2,2.31,1.07,0.15,0.33,23,14.8,78.0,0,18,11.0,6,1.32,12,12,0,0.0,-0.4,0,12,26,1,14,5,13,0,,,,,,,,,,,,,,,,Attacking Midfield,28.0,16000000.0
ENG-Premier League,2324.0,Tottenham,guglielmo vicario,ITA,GK,26.0,1996.0,38,38,3420,38.0,0,0,0,0,0,0,2,0,0.0,0.0,0.0,0.0,0.0,0,0,,0.0,0.0,,,90,100.0,90.0,38,0,,0,1.74,74,61,13,0.34,,0,0,8,0,0,1,0,0,61.0,1.61,171.0,110.0,64.3,20.0,6.0,12.0,6.0,15.8,7.0,7.0,0.0,0.0,0.0,Goalkeeper,27.0,35000000.0
ENG-Premier League,2324.0,Tottenham,ivan perisic,CRO,"FW,MF",34.0,1989.0,5,0,103,1.1,0,1,1,0,0,0,2,0,0.0,0.87,0.87,0.0,0.87,2,0,0.0,1.75,0.0,0.0,,21,3.0,,0,5,21.0,0,2.6,4,1,3,2.62,2.35,0,2,1,0,13,2,2,0,,,,,,,,,,,,,,,,Left Winger,35.0,2000000.0
ENG-Premier League,2324.0,Tottenham,james maddison,ENG,MF,26.0,1996.0,28,26,2135,23.7,4,9,13,4,0,0,5,0,0.17,0.38,0.55,0.17,0.55,57,22,38.6,2.4,0.93,0.07,0.18,76,62.4,80.0,4,2,29.0,0,1.86,47,30,17,0.72,1.0,0,21,74,2,134,14,19,0,,,,,,,,,,,,,,,,Attacking Midfield,27.0,70000000.0
ENG-Premier League,2324.0,Tottenham,jamie donley,NIR,MF,18.0,2005.0,3,0,3,0.0,0,0,0,0,0,0,1,0,0.0,0.0,0.0,0.0,0.0,0,0,,0.0,0.0,,,1,0.1,,0,3,1.0,10,2.33,0,0,0,0.0,-0.34,0,1,1,0,0,0,0,0,,,,,,,,,,,,,,,,Attacking Midfield,19.0,1500000.0
ENG-Premier League,2324.0,Tottenham,manor solomon,ISR,MF,24.0,1999.0,5,2,199,2.2,0,2,2,0,0,0,1,0,0.0,0.9,0.9,0.0,0.9,7,1,14.3,3.17,0.45,0.0,0.0,40,5.8,73.0,0,3,18.0,2,2.6,6,2,4,1.81,1.56,0,2,1,1,5,3,3,0,,,,,,,,,,,,,,,,Left Winger,24.0,13000000.0
ENG-Premier League,2324.0,Tottenham,micky van de ven,NED,DF,22.0,2001.0,27,27,2339,26.0,3,0,3,3,0,0,5,0,0.12,0.0,0.12,0.12,0.12,8,3,37.5,0.31,0.12,0.38,1.0,87,68.4,87.0,23,0,,1,1.85,47,38,9,0.35,0.01,0,13,17,1,3,17,34,0,,,,,,,,,,,,,,,,Centre-Back,23.0,55000000.0
ENG-Premier League,2324.0,Tottenham,mikey moore,ENG,MF,15.0,2007.0,2,0,4,0.0,0,0,0,0,0,0,0,0,0.0,0.0,0.0,0.0,0.0,0,0,,0.0,0.0,,,2,0.1,,0,2,2.0,3,1.5,0,0,0,0.0,-0.34,0,1,0,0,0,0,0,0,,,,,,,,,,,,,,,,Left Winger,16.0,
ENG-Premier League,2324.0,Tottenham,oliver skipp,ENG,"MF,DF",22.0,2000.0,21,5,707,7.9,0,0,0,0,0,0,3,0,0.0,0.0,0.0,0.0,0.0,4,1,25.0,0.51,0.13,0.0,0.0,34,20.7,73.0,1,16,21.0,10,1.9,15,17,-2,-0.25,-0.75,0,8,12,0,1,4,13,0,,,,,,,,,,,,,,,,Defensive Midfield,23.0,15000000.0
ENG-Premier League,2324.0,Tottenham,pape matar sarr,SEN,MF,20.0,2002.0,34,27,2069,23.0,3,3,6,3,0,0,9,0,0.13,0.13,0.26,0.13,0.26,36,14,38.9,1.57,0.61,0.08,0.21,61,60.5,71.0,4,7,23.0,0,1.79,40,27,13,0.57,0.57,0,32,17,0,25,30,24,0,,,,,,,,,,,,,,,,Central Midfield,21.0,45000000.0
ENG-Premier League,2324.0,Tottenham,pedro porro,ESP,DF,23.0,1999.0,35,35,3089,34.3,3,7,10,3,0,0,3,0,0.09,0.2,0.29,0.09,0.29,53,12,22.6,1.54,0.35,0.06,0.25,88,90.3,88.0,31,0,,1,1.77,66,54,12,0.35,0.08,0,37,27,1,198,33,65,0,,,,,,,,,,,,,,,,Right-Back,24.0,45000000.0
ENG-Premier League,2324.0,Tottenham,pierre hjbjerg,DEN,MF,27.0,1995.0,36,8,1311,14.6,0,0,0,0,0,0,4,0,0.0,0.0,0.0,0.0,0.0,19,6,31.6,1.3,0.41,0.0,0.0,36,38.3,83.0,4,28,23.0,2,1.81,32,28,4,0.27,-0.11,0,20,17,0,14,16,16,1,,,,,,,,,,,,,,,,,,
ENG-Premier League,2324.0,Tottenham,radu dragusin,ROU,DF,21.0,2002.0,9,4,429,4.8,0,0,0,0,0,0,1,0,0.0,0.0,0.0,0.0,0.0,1,0,0.0,0.21,0.0,0.0,,48,12.5,90.0,4,5,14.0,9,1.89,10,7,3,0.63,0.33,0,6,4,1,1,8,3,0,,,,,,,,,,,,,,,,Centre-Back,22.0,25000000.0
ENG-Premier League,2324.0,Tottenham,richarlison,BRA,"FW,MF",26.0,1997.0,28,18,1491,16.6,11,4,15,11,0,0,3,0,0.66,0.24,0.91,0.66,0.91,61,25,41.0,3.68,1.51,0.18,0.44,53,43.6,74.0,6,10,15.0,1,1.82,36,18,18,1.09,1.32,0,20,30,12,15,8,11,0,,,,,,,,,,,,,,,,Centre-Forward,27.0,38000000.0
ENG-Premier League,2324.0,Tottenham,rodrigo bentancur,URU,MF,26.0,1997.0,23,13,1005,11.2,1,1,2,1,0,0,7,0,0.09,0.09,0.18,0.09,0.18,18,5,27.8,1.61,0.45,0.06,0.2,44,29.4,59.0,1,10,24.0,0,1.43,17,25,-8,-0.72,-1.5,0,20,17,0,9,16,16,0,,,,,,,,,,,,,,,,Defensive Midfield,27.0,35000000.0
ENG-Premier League,2324.0,Tottenham,son heung min,KOR,"FW,MF",31.0,1992.0,35,34,2934,32.6,17,10,27,15,2,2,1,0,0.52,0.31,0.83,0.46,0.77,85,40,47.1,2.61,1.23,0.18,0.38,84,85.8,85.0,19,1,29.0,0,1.74,63,51,12,0.37,0.18,0,12,39,20,36,8,13,1,,,,,,,,,,,,,,,,,,
ENG-Premier League,2324.0,Tottenham,timo werner,GER,"MF,FW",27.0,1996.0,13,10,809,9.0,2,3,5,2,0,0,1,0,0.22,0.33,0.56,0.22,0.56,29,7,24.1,3.23,0.78,0.07,0.29,62,23.7,76.0,2,3,16.0,0,1.62,18,16,2,0.22,-0.16,0,3,5,12,28,3,4,0,,,,,,,,,,,,,,,,Centre-Forward,28.0,17000000.0
ENG-Premier League,2324.0,Tottenham,yves bissouma,MLI,MF,26.0,1996.0,28,26,2068,23.0,0,0,0,0,0,0,10,2,0.0,0.0,0.0,0.0,0.0,24,5,20.8,1.04,0.22,0.0,0.0,74,60.5,77.0,8,2,28.0,0,1.75,44,35,9,0.39,0.13,1,35,31,0,1,34,51,0,,,,,,,,,,,,,,,,Defensive Midfield,27.0,35000000.0
ENG-Premier League,2324.0,West Ham,aaron cresswell,ENG,DF,33.0,1989.0,11,4,436,4.8,0,0,0,0,0,0,1,0,0.0,0.0,0.0,0.0,0.0,0,0,,0.0,0.0,,,40,12.7,77.0,2,7,18.0,21,1.0,6,11,-5,-1.03,-0.76,0,2,3,1,11,4,2,0,,,,,,,,,,,,,,,,Left-Back,34.0,900000.0
ENG-Premier League,2324.0,West Ham,alphonse areola,FRA,GK,30.0,1993.0,31,31,2699,30.0,0,0,0,0,0,0,1,0,0.0,0.0,0.0,0.0,0.0,0,0,,0.0,0.0,,,87,78.9,87.0,28,0,,2,1.35,49,53,-4,-0.13,1.11,0,2,3,0,0,1,1,1,53.0,1.77,189.0,136.0,72.0,11.0,9.0,11.0,4.0,12.9,7.0,5.0,2.0,0.0,28.6,Goalkeeper,31.0,10000000.0
ENG-Premier League,2324.0,West Ham,angelo ogbonna,ITA,DF,35.0,1988.0,11,7,635,7.1,0,0,0,0,0,0,1,0,0.0,0.0,0.0,0.0,0.0,1,0,0.0,0.14,0.0,0.0,,58,18.6,83.0,5,4,13.0,27,1.82,12,14,-2,-0.28,0.1,0,1,3,0,0,3,5,0,,,,,,,,,,,,,,,,Centre-Back,36.0,700000.0
ENG-Premier League,2324.0,West Ham,ben johnson,ENG,"MF,DF",23.0,2000.0,14,4,544,6.0,0,0,0,0,0,0,1,0,0.0,0.0,0.0,0.0,0.0,6,2,33.3,0.99,0.33,0.0,0.0,39,15.9,90.0,4,10,18.0,11,1.14,5,16,-11,-1.82,-1.73,0,2,7,1,31,5,6,0,,,,,,,,,,,,,,,,Right-Back,24.0,8000000.0
ENG-Premier League,2324.0,West Ham,danny ings,ENG,"FW,MF",31.0,1992.0,20,3,404,4.5,1,0,1,1,0,0,1,0,0.22,0.0,0.22,0.22,0.22,12,4,33.3,2.67,0.89,0.08,0.25,20,11.8,80.0,1,17,10.0,18,0.95,5,10,-5,-1.11,-0.85,0,4,6,1,1,4,3,0,,,,,,,,,,,,,,,,Centre-Forward,31.0,8000000.0
ENG-Premier League,2324.0,West Ham,divin mubama,ENG,FW,18.0,2004.0,5,0,80,0.9,0,0,0,0,0,0,0,0,0.0,0.0,0.0,0.0,0.0,1,0,0.0,1.13,0.0,0.0,,16,2.3,,0,5,16.0,26,1.6,2,2,0,0.0,0.38,0,1,1,0,0,0,0,0,,,,,,,,,,,,,,,,Centre-Forward,19.0,1000000.0
ENG-Premier League,2324.0,West Ham,edson alvarez,MEX,MF,25.0,1997.0,31,28,2377,26.4,1,1,2,1,0,0,11,0,0.04,0.04,0.08,0.04,0.08,17,3,17.6,0.64,0.11,0.06,0.33,77,69.5,82.0,18,3,25.0,1,1.48,39,45,-6,-0.23,0.46,0,33,15,1,4,43,40,0,,,,,,,,,,,,,,,,Defensive Midfield,26.0,35000000.0
ENG-Premier League,2324.0,West Ham,emerson palmieri,ITA,DF,28.0,1994.0,36,35,3137,34.9,1,2,3,1,0,0,10,0,0.03,0.06,0.09,0.03,0.09,19,4,21.1,0.55,0.11,0.05,0.25,87,91.7,88.0,29,1,45.0,0,1.42,56,67,-11,-0.32,0.64,0,32,33,1,49,40,67,1,,,,,,,,,,,,,,,,,,
ENG-Premier League,2324.0,West Ham,george earthy,ENG,MF,18.0,2004.0,3,0,34,0.4,1,0,1,1,0,0,0,0,2.65,0.0,2.65,2.65,2.65,1,1,100.0,2.65,2.65,1.0,1.0,11,1.0,,0,3,11.0,6,1.0,1,0,1,2.65,3.05,0,1,0,0,0,1,0,0,,,,,,,,,,,,,,,,Attacking Midfield,19.0,1000000.0
ENG-Premier League,2324.0,West Ham,james ward prowse,ENG,MF,28.0,1994.0,37,34,3001,33.3,7,7,14,5,2,2,4,0,0.21,0.21,0.42,0.15,0.36,44,18,40.9,1.32,0.54,0.11,0.28,81,87.7,86.0,28,3,23.0,0,1.38,53,65,-12,-0.36,0.07,0,24,20,0,189,38,30,0,,,,,,,,,,,,,,,,Central Midfield,29.0,30000000.0
ENG-Premier League,2324.0,West Ham,jarrod bowen,ENG,"MF,FW",26.0,1996.0,34,34,3019,33.5,16,6,22,16,0,0,2,0,0.48,0.18,0.66,0.48,0.66,85,37,43.5,2.53,1.1,0.19,0.43,89,88.3,89.0,31,0,,0,1.44,53,63,-10,-0.3,0.6,0,28,42,20,74,19,29,0,,,,,,,,,,,,,,,,Right Winger,27.0,50000000.0
ENG-Premier League,2324.0,West Ham,kaelan casey,ENG,DF,18.0,2004.0,1,0,1,0.0,0,0,0,0,0,0,0,0,0.0,0.0,0.0,0.0,0.0,0,0,,0.0,0.0,,,1,0.0,,0,1,1.0,7,3.0,0,0,0,0.0,0.37,0,0,0,0,0,0,0,0,,,,,,,,,,,,,,,,Centre-Back,19.0,1000000.0
ENG-Premier League,2324.0,West Ham,kalvin phillips,ENG,MF,27.0,1995.0,8,3,309,3.4,0,0,0,0,0,0,3,1,0.0,0.0,0.0,0.0,0.0,3,2,66.7,0.87,0.58,0.0,0.0,39,9.0,61.0,0,5,25.0,4,0.63,5,10,-5,-1.46,-1.2,1,14,5,0,1,3,5,0,,,,,,,,,,,,,,,,Defensive Midfield,28.0,25000000.0
ENG-Premier League,2324.0,West Ham,konstantinos mavropanos,GRE,DF,25.0,1997.0,19,16,1500,16.7,1,0,1,1,0,0,2,0,0.06,0.0,0.06,0.06,0.06,12,3,25.0,0.72,0.18,0.08,0.33,79,43.9,88.0,15,3,30.0,10,1.32,27,27,0,0.0,0.66,0,15,10,0,1,24,15,2,,,,,,,,,,,,,,,,Centre-Back,26.0,20000000.0
ENG-Premier League,2324.0,West Ham,kurt zouma,FRA,DF,28.0,1994.0,33,32,2838,31.5,3,0,3,3,0,0,3,0,0.1,0.0,0.1,0.1,0.1,16,7,43.8,0.51,0.22,0.19,0.43,86,83.0,88.0,29,1,31.0,1,1.39,53,63,-10,-0.32,0.3,0,24,6,0,0,27,17,0,,,,,,,,,,,,,,,,Centre-Back,29.0,25000000.0
ENG-Premier League,2324.0,West Ham,lucas paqueta,BRA,MF,25.0,1997.0,31,31,2622,29.1,4,6,10,2,2,2,10,0,0.14,0.21,0.34,0.07,0.27,42,11,26.2,1.44,0.38,0.05,0.18,85,76.7,85.0,15,0,,0,1.58,52,52,0,0.0,1.58,0,47,65,5,37,22,46,0,,,,,,,,,,,,,,,,Attacking Midfield,26.0,65000000.0
ENG-Premier League,2324.0,West Ham,maxwel cornet,CIV,MF,26.0,1996.0,7,1,112,1.2,1,0,1,1,0,0,0,0,0.8,0.0,0.8,0.8,0.8,4,1,25.0,3.21,0.8,0.25,1.0,16,3.3,69.0,0,6,7.0,21,0.43,2,3,-1,-0.8,-0.45,0,2,2,3,1,2,2,0,,,,,,,,,,,,,,,,Left Winger,27.0,9000000.0
ENG-Premier League,2324.0,West Ham,michail antonio,JAM,FW,33.0,1990.0,26,21,1695,18.8,6,2,8,6,0,0,6,0,0.32,0.11,0.42,0.32,0.42,30,14,46.7,1.59,0.74,0.2,0.43,65,49.6,75.0,2,5,26.0,0,1.27,32,34,-2,-0.11,0.52,0,25,28,9,25,2,8,0,,,,,,,,,,,,,,,,Centre-Forward,34.0,4000000.0
ENG-Premier League,2324.0,West Ham,mohammed kudus,GHA,MF,22.0,2000.0,33,27,2484,27.6,8,6,14,8,0,0,6,0,0.29,0.22,0.51,0.29,0.51,67,17,25.4,2.43,0.62,0.12,0.47,75,72.6,88.0,18,6,17.0,0,1.3,40,61,-21,-0.76,-1.43,0,39,75,16,95,11,46,0,,,,,,,,,,,,,,,,Right Winger,23.0,50000000.0
ENG-Premier League,2324.0,West Ham,nayef aguerd,MAR,DF,27.0,1996.0,21,21,1857,20.6,1,0,1,1,0,0,3,1,0.05,0.0,0.05,0.05,0.05,14,4,28.6,0.68,0.19,0.07,0.25,88,54.3,88.0,19,0,,4,1.19,26,44,-18,-0.87,-1.1,1,10,6,0,5,16,14,0,,,,,,,,,,,,,,,,Centre-Back,28.0,35000000.0
ENG-Premier League,2324.0,West Ham,pablo fornals,ESP,MF,27.0,1996.0,15,4,426,4.7,0,0,0,0,0,0,0,0,0.0,0.0,0.0,0.0,0.0,7,3,42.9,1.48,0.63,0.0,0.0,28,12.5,78.0,2,11,11.0,6,1.67,6,9,-3,-0.63,-0.3,0,3,5,1,8,6,6,0,,,,,,,,,,,,,,,,Central Midfield,28.0,14000000.0
ENG-Premier League,2324.0,West Ham,said benrahma,ALG,MF,27.0,1995.0,13,5,620,6.9,0,1,1,0,0,1,1,0,0.0,0.15,0.15,0.0,0.15,19,6,31.6,2.76,0.87,0.0,0.0,48,18.1,73.0,1,8,32.0,7,1.62,12,8,4,0.58,1.16,0,5,6,1,17,5,4,0,,,,,,,,,,,,,,,,Left Winger,28.0,20000000.0
ENG-Premier League,2324.0,West Ham,thilo kehrer,GER,DF,26.0,1996.0,4,0,22,0.2,0,0,0,0,0,0,2,0,0.0,0.0,0.0,0.0,0.0,0,0,,0.0,0.0,,,6,0.6,,0,4,6.0,14,1.75,0,1,-1,-4.09,-3.75,0,2,0,0,0,0,1,0,,,,,,,,,,,,,,,,Centre-Back,27.0,10000000.0
ENG-Premier League,2324.0,West Ham,tomas soucek,CZE,MF,28.0,1995.0,37,34,2870,31.9,7,2,9,7,0,0,7,0,0.22,0.06,0.28,0.22,0.28,42,15,35.7,1.32,0.47,0.17,0.47,78,83.9,83.0,25,3,16.0,0,1.32,51,64,-13,-0.41,-0.24,0,41,25,10,6,33,36,0,,,,,,,,,,,,,,,,Defensive Midfield,29.0,30000000.0
ENG-Premier League,2324.0,West Ham,vladimir coufal,CZE,DF,30.0,1992.0,36,36,3132,34.8,0,7,7,0,0,0,7,1,0.0,0.2,0.2,0.0,0.2,8,2,25.0,0.23,0.06,0.0,0.0,87,91.6,87.0,28,0,,0,1.39,57,69,-12,-0.34,0.28,1,32,27,1,107,38,42,0,,,,,,,,,,,,,,,,Right-Back,31.0,8000000.0
ENG-Premier League,2324.0,West Ham,ukasz fabianski,POL,GK,38.0,1985.0,10,7,721,8.0,0,0,0,0,0,0,0,0,0.0,0.0,0.0,0.0,0.0,0,0,,0.0,0.0,,,72,21.1,90.0,7,3,30.0,27,1.1,11,21,-10,-1.25,-1.11,0,0,0,0,0,1,0,0,21.0,2.62,54.0,33.0,61.1,3.0,1.0,3.0,1.0,14.3,3.0,3.0,0.0,0.0,0.0,,,
ENG-Premier League,2324.0,Wolves,boubacar traore,MLI,MF,21.0,2001.0,24,7,819,9.1,0,0,0,0,0,0,4,0,0.0,0.0,0.0,0.0,0.0,11,1,9.1,1.21,0.11,0.0,0.0,34,23.9,78.0,5,17,16.0,9,1.0,9,23,-14,-1.54,-1.5,0,23,4,1,5,5,22,0,,,,,,,,,,,,,,,,Defensive Midfield,22.0,6000000.0
ENG-Premier League,2324.0,Wolves,craig dawson,ENG,DF,33.0,1990.0,25,25,2209,24.5,1,1,2,1,0,0,7,0,0.04,0.04,0.08,0.04,0.08,16,5,31.3,0.65,0.2,0.06,0.2,88,64.6,88.0,23,0,,2,1.4,33,38,-5,-0.2,0.54,0,20,15,4,1,16,19,0,,,,,,,,,,,,,,,,Centre-Back,34.0,2000000.0
ENG-Premier League,2324.0,Wolves,daniel bentley,ENG,GK,30.0,1993.0,5,3,383,4.3,0,0,0,0,0,0,0,0,0.0,0.0,0.0,0.0,0.0,0,0,,0.0,0.0,,,77,11.2,90.0,3,2,57.0,33,0.6,3,7,-4,-0.94,-0.61,0,0,0,0,0,0,0,0,7.0,1.64,15.0,8.0,53.3,1.0,0.0,2.0,1.0,33.3,0.0,0.0,0.0,0.0,,Goalkeeper,30.0,2000000.0
ENG-Premier League,2324.0,Wolves,enso gonzalez,PAR,FW,18.0,2005.0,1,0,1,0.0,0,0,0,0,0,0,0,0,0.0,0.0,0.0,0.0,0.0,0,0,,0.0,0.0,,,1,0.0,,0,1,1.0,4,0.0,0,0,0,0.0,0.39,0,0,1,0,0,0,0,0,,,,,,,,,,,,,,,,Left Winger,19.0,4000000.0
ENG-Premier League,2324.0,Wolves,fabio silva,POR,FW,21.0,2002.0,8,3,264,2.9,0,0,0,0,0,0,2,0,0.0,0.0,0.0,0.0,0.0,7,3,42.9,2.39,1.02,0.0,0.0,33,7.7,67.0,0,5,13.0,9,0.88,2,8,-6,-2.05,-1.79,0,8,4,5,0,2,4,0,,,,,,,,,,,,,,,,Centre-Forward,21.0,11000000.0
ENG-Premier League,2324.0,Wolves,hugo bueno,ESP,"MF,DF",20.0,2002.0,22,7,741,8.2,0,0,0,0,0,0,1,0,0.0,0.0,0.0,0.0,0.0,5,0,0.0,0.61,0.0,0.0,,34,21.7,76.0,1,15,14.0,11,1.14,7,16,-9,-1.09,-0.89,0,7,6,1,29,5,14,1,,,,,,,,,,,,,,,,Left-Back,21.0,6000000.0
ENG-Premier League,2324.0,Wolves,hwang hee chan,KOR,"FW,MF",27.0,1996.0,29,25,2119,23.5,12,3,15,11,1,1,6,0,0.51,0.13,0.64,0.47,0.59,45,18,40.0,1.91,0.76,0.24,0.61,73,62.0,80.0,14,4,32.0,0,1.31,35,37,-2,-0.08,0.81,0,31,32,15,11,9,10,0,,,,,,,,,,,,,,,,,,
ENG-Premier League,2324.0,Wolves,jean ricner bellegarde,HAI,"MF,FW",25.0,1998.0,22,10,958,10.6,2,1,3,2,0,0,0,1,0.19,0.09,0.28,0.19,0.28,15,5,33.3,1.41,0.47,0.13,0.4,44,28.0,61.0,1,12,29.0,0,1.23,7,23,-16,-1.5,-1.54,0,10,24,2,30,8,9,0,,,,,,,,,,,,,,,,Central Midfield,26.0,15000000.0
ENG-Premier League,2324.0,Wolves,jonny castro,ESP,"DF,MF",29.0,1994.0,1,0,5,0.1,0,0,0,0,0,0,0,0,0.0,0.0,0.0,0.0,0.0,0,0,,0.0,0.0,,,5,0.1,,0,1,5.0,7,3.0,0,0,0,0.0,0.4,0,0,0,0,0,0,0,0,,,,,,,,,,,,,,,,,,
ENG-Premier League,2324.0,Wolves,jose sa,POR,GK,30.0,1993.0,35,35,3037,33.7,0,1,1,0,0,0,1,0,0.0,0.03,0.03,0.0,0.03,0,0,,0.0,0.0,,,87,88.8,87.0,33,0,,0,1.23,47,58,-11,-0.33,0.61,0,0,9,0,0,0,1,0,58.0,1.72,192.0,134.0,69.8,12.0,7.0,16.0,4.0,11.4,8.0,8.0,0.0,0.0,0.0,Goalkeeper,31.0,14000000.0
ENG-Premier League,2324.0,Wolves,joao gomes,BRA,MF,22.0,2001.0,34,32,2649,29.4,2,1,3,2,0,0,11,0,0.07,0.03,0.1,0.07,0.1,26,8,30.8,0.88,0.27,0.08,0.25,78,77.5,82.0,18,2,7.0,1,1.32,38,51,-13,-0.44,-0.21,0,66,38,1,25,18,75,0,,,,,,,,,,,,,,,,Central Midfield,23.0,35000000.0
ENG-Premier League,2324.0,Wolves,leon chiwome,ENG,FW,17.0,2006.0,3,2,174,1.9,0,0,0,0,0,0,0,0,0.0,0.0,0.0,0.0,0.0,2,0,0.0,1.03,0.0,0.0,,58,5.1,79.0,0,1,16.0,1,0.33,1,4,-3,-1.55,-1.22,0,2,2,2,0,0,1,0,,,,,,,,,,,,,,,,Centre-Forward,18.0,1000000.0
ENG-Premier League,2324.0,Wolves,mario lemina,GAB,MF,29.0,1993.0,35,34,2968,33.0,4,1,5,4,0,0,12,1,0.12,0.03,0.15,0.12,0.15,48,18,37.5,1.46,0.55,0.08,0.22,85,86.8,86.0,26,1,40.0,0,1.14,43,55,-12,-0.36,0.23,1,43,24,8,15,41,58,0,,,,,,,,,,,,,,,,Defensive Midfield,30.0,10000000.0
ENG-Premier League,2324.0,Wolves,matheus cunha,BRA,"FW,MF",24.0,1999.0,32,29,2440,27.1,12,7,19,11,1,1,9,0,0.44,0.26,0.7,0.41,0.66,73,38,52.1,2.69,1.4,0.15,0.29,76,71.3,81.0,12,3,29.0,0,1.16,40,46,-6,-0.22,0.61,0,31,50,4,24,11,15,0,,,,,,,,,,,,,,,,Centre-Forward,25.0,45000000.0
ENG-Premier League,2324.0,Wolves,matheus nunes,POR,MF,24.0,1998.0,2,2,179,2.0,0,0,0,0,0,0,2,1,0.0,0.0,0.0,0.0,0.0,1,0,0.0,0.5,0.0,0.0,,90,5.2,90.0,1,0,,0,0.0,1,5,-4,-2.01,-1.71,1,0,6,3,3,5,1,0,,,,,,,,,,,,,,,,Right-Back,25.0,50000000.0
ENG-Premier League,2324.0,Wolves,matt doherty,IRL,"MF,DF",31.0,1992.0,30,9,1150,12.8,1,0,1,1,0,0,2,0,0.08,0.0,0.08,0.08,0.08,8,3,37.5,0.63,0.23,0.13,0.33,38,33.6,79.0,4,21,21.0,8,1.4,17,21,-4,-0.31,0.12,0,13,11,5,13,7,18,0,,,,,,,,,,,,,,,,Right-Back,32.0,3000000.0
ENG-Premier League,2324.0,Wolves,max kilman,ENG,DF,26.0,1997.0,38,38,3420,38.0,2,0,2,2,0,0,7,0,0.05,0.0,0.05,0.05,0.05,14,6,42.9,0.37,0.16,0.14,0.33,90,100.0,90.0,38,0,,0,1.21,50,65,-15,-0.39,,0,38,18,2,6,38,19,0,,,,,,,,,,,,,,,,,,
ENG-Premier League,2324.0,Wolves,nathan fraser,IRL,FW,18.0,2005.0,7,1,186,2.1,0,0,0,0,0,0,1,0,0.0,0.0,0.0,0.0,0.0,3,2,66.7,1.45,0.97,0.0,0.0,27,5.4,76.0,0,6,18.0,13,0.57,4,3,1,0.48,0.93,0,5,3,0,0,1,2,0,,,,,,,,,,,,,,,,Centre-Forward,19.0,1000000.0
ENG-Premier League,2324.0,Wolves,nelson semedo,POR,"MF,DF",29.0,1993.0,36,36,3084,34.3,0,1,1,0,0,0,10,1,0.0,0.03,0.03,0.0,0.03,17,4,23.5,0.5,0.12,0.0,0.0,86,90.2,86.0,27,0,,0,1.19,45,60,-15,-0.44,-0.44,0,48,30,1,80,35,48,0,,,,,,,,,,,,,,,,Right-Back,30.0,12000000.0
ENG-Premier League,2324.0,Wolves,pablo sarabia,ESP,"MF,FW",31.0,1992.0,30,20,1745,19.4,4,7,11,2,2,2,5,0,0.21,0.36,0.57,0.1,0.46,46,18,39.1,2.37,0.93,0.04,0.11,58,51.0,77.0,5,10,20.0,7,1.33,31,27,4,0.21,1.23,0,21,25,10,132,9,14,0,,,,,,,,,,,,,,,,Attacking Midfield,32.0,10000000.0
ENG-Premier League,2324.0,Wolves,pedro neto,POR,"MF,FW",23.0,2000.0,20,18,1516,16.8,2,9,11,2,0,0,4,0,0.12,0.53,0.65,0.12,0.65,36,12,33.3,2.14,0.71,0.06,0.17,76,44.3,83.0,12,2,12.0,1,1.4,22,27,-5,-0.3,0.18,0,15,21,2,114,5,4,0,,,,,,,,,,,,,,,,Right Winger,24.0,55000000.0
ENG-Premier League,2324.0,Wolves,rayan ait nouri,ALG,"MF,DF",22.0,2001.0,33,29,2329,25.9,2,1,3,2,0,0,7,0,0.08,0.04,0.12,0.08,0.12,23,7,30.4,0.89,0.27,0.09,0.29,71,68.1,76.0,10,4,30.0,0,1.21,36,43,-7,-0.27,0.39,0,25,53,9,42,16,45,0,,,,,,,,,,,,,,,,Left-Back,23.0,35000000.0
ENG-Premier League,2324.0,Wolves,santiago bueno,URU,DF,24.0,1998.0,12,9,822,9.1,0,0,0,0,0,0,1,0,0.0,0.0,0.0,0.0,0.0,0,0,,0.0,0.0,,,69,24.0,84.0,7,3,21.0,18,0.92,12,18,-6,-0.66,-0.35,0,10,5,0,2,6,7,0,,,,,,,,,,,,,,,,Centre-Back,25.0,8000000.0
ENG-Premier League,2324.0,Wolves,sasa kalajdzic,AUT,FW,26.0,1997.0,11,1,166,1.8,2,0,2,2,0,0,0,0,1.08,0.0,1.08,1.08,1.08,4,2,50.0,2.17,1.08,0.5,1.0,15,4.9,60.0,0,10,11.0,9,1.09,6,2,4,2.17,2.69,0,6,4,2,1,1,2,0,,,,,,,,,,,,,,,,Centre-Forward,26.0,5000000.0
ENG-Premier League,2324.0,Wolves,tawanda chirewa,ZIM,FW,19.0,2003.0,8,1,145,1.6,0,0,0,0,0,0,1,0,0.0,0.0,0.0,0.0,0.0,3,1,33.3,1.86,0.62,0.0,0.0,18,4.2,74.0,0,7,10.0,15,0.25,0,2,-2,-1.24,-0.88,0,4,2,1,4,1,3,0,,,,,,,,,,,,,,,,Attacking Midfield,20.0,500000.0
ENG-Premier League,2324.0,Wolves,tommy doyle,ENG,MF,21.0,2001.0,26,11,1222,13.6,0,0,0,0,0,0,2,0,0.0,0.0,0.0,0.0,0.0,14,3,21.4,1.03,0.22,0.0,0.0,47,35.7,82.0,5,15,22.0,6,1.08,18,24,-6,-0.44,-0.07,0,11,4,0,27,13,13,0,,,,,,,,,,,,,,,,Central Midfield,22.0,10000000.0
ENG-Premier League,2324.0,Wolves,toti gomes,POR,DF,24.0,1999.0,35,31,2772,30.8,1,3,4,1,0,0,7,0,0.03,0.1,0.13,0.03,0.13,10,5,50.0,0.32,0.16,0.1,0.2,79,81.1,86.0,23,4,29.0,3,1.31,42,49,-7,-0.23,0.88,0,38,13,1,13,23,23,0,,,,,,,,,,,,,,,,,,
ENG-Premier League,2425.0,Arsenal,ben white,ENG,DF,26.0,1997.0,17,13,1198,13.3,0,2,2,0,0,0,2,0,0.0,0.15,0.15,0.0,0.15,9,2,22.2,0.68,0.15,0.0,0.0,70,35.0,86.0,10,4,19.0,3,1.47,20,13,7,0.53,-0.61,0,10,5,1,17,16,15,0,,,,,,,,,,,,,,,,Right-Back,27.0,45000000.0
ENG-Premier League,2425.0,Arsenal,bukayo saka,ENG,"FW,MF",22.0,2001.0,25,20,1729,19.2,6,10,16,5,1,1,3,0,0.31,0.52,0.83,0.26,0.78,67,23,34.3,3.49,1.2,0.07,0.22,69,50.6,79.0,7,5,32.0,0,1.96,38,21,17,0.88,-0.07,0,15,39,7,115,3,15,0,,,,,,,,,,,,,,,,Right Winger,23.0,150000000.0
ENG-Premier League,2425.0,Arsenal,david raya,ESP,GK,28.0,1995.0,38,38,3420,38.0,0,0,0,0,0,0,3,0,0.0,0.0,0.0,0.0,0.0,0,0,,0.0,0.0,,,90,100.0,90.0,38,0,,0,1.95,69,34,35,0.92,,0,1,10,0,0,0,0,0,34.0,0.89,120.0,86.0,71.7,20.0,14.0,4.0,13.0,34.2,3.0,3.0,0.0,0.0,0.0,Goalkeeper,29.0,40000000.0
ENG-Premier League,2425.0,Arsenal,declan rice,ENG,MF,25.0,1999.0,35,33,2825,31.4,4,7,11,4,0,0,7,1,0.13,0.22,0.35,0.13,0.35,48,15,31.3,1.53,0.48,0.08,0.27,81,82.6,84.0,23,2,23.0,1,1.91,56,28,28,0.89,-0.17,1,21,16,2,161,27,23,0,,,,,,,,,,,,,,,,Central Midfield,26.0,120000000.0
ENG-Premier League,2425.0,Arsenal,ethan nwaneri,ENG,"FW,MF",17.0,2007.0,26,11,895,9.9,4,2,6,4,0,0,1,0,0.4,0.2,0.6,0.4,0.6,24,9,37.5,2.41,0.91,0.17,0.44,34,26.2,65.0,1,15,12.0,10,1.85,16,4,12,1.21,0.39,0,10,5,6,54,3,6,0,,,,,,,,,,,,,,,,Attacking Midfield,18.0,55000000.0
ENG-Premier League,2425.0,Arsenal,gabriel jesus,BRA,FW,27.0,1997.0,17,6,608,6.8,3,0,3,3,0,0,4,0,0.44,0.0,0.44,0.44,0.44,20,8,40.0,2.96,1.18,0.15,0.38,36,17.8,81.0,2,11,11.0,1,1.94,15,5,10,1.48,0.68,0,14,10,9,6,5,6,0,,,,,,,,,,,,,,,,Centre-Forward,28.0,32000000.0
ENG-Premier League,2425.0,Arsenal,gabriel magalhaes,BRA,DF,26.0,1997.0,28,28,2363,26.3,3,1,4,3,0,0,4,0,0.11,0.04,0.15,0.11,0.15,22,5,22.7,0.84,0.19,0.14,0.6,84,69.1,84.0,25,0,,0,2.04,50,22,28,1.07,0.47,0,19,19,0,9,16,15,0,,,,,,,,,,,,,,,,,,
ENG-Premier League,2425.0,Arsenal,gabriel martinelli,BRA,"FW,MF",23.0,2001.0,33,25,2290,25.4,8,4,12,8,0,0,1,0,0.31,0.16,0.47,0.31,0.47,56,25,44.6,2.2,0.98,0.14,0.32,69,67.0,81.0,10,8,33.0,2,1.94,45,25,20,0.79,-0.41,0,16,21,8,90,4,15,0,,,,,,,,,,,,,,,,Left Winger,24.0,55000000.0
ENG-Premier League,2425.0,Arsenal,jakub kiwior,POL,DF,24.0,2000.0,17,10,1122,12.5,1,0,1,1,0,0,1,0,0.08,0.0,0.08,0.08,0.08,3,1,33.3,0.24,0.08,0.33,1.0,66,32.8,90.0,10,7,32.0,20,1.82,19,15,4,0.32,-0.89,0,10,4,1,2,6,8,0,,,,,,,,,,,,,,,,Centre-Back,25.0,28000000.0
ENG-Premier League,2425.0,Arsenal,jorginho,ITA,MF,32.0,1991.0,15,9,704,7.8,0,0,0,0,0,0,5,0,0.0,0.0,0.0,0.0,0.0,2,0,0.0,0.26,0.0,0.0,,47,20.6,72.0,3,6,9.0,19,2.0,14,7,7,0.89,-0.03,0,15,17,0,1,7,4,0,,,,,,,,,,,,,,,,Defensive Midfield,33.0,6000000.0
ENG-Premier League,2425.0,Arsenal,jurrien timber,NED,DF,23.0,2001.0,30,27,2417,26.9,1,3,4,1,0,0,7,0,0.04,0.11,0.15,0.04,0.15,14,4,28.6,0.52,0.15,0.07,0.25,81,70.7,87.0,18,3,25.0,2,2.0,52,21,31,1.15,0.8,0,30,29,7,28,24,36,0,,,,,,,,,,,,,,,,Right-Back,24.0,55000000.0
ENG-Premier League,2425.0,Arsenal,kai havertz,GER,FW,25.0,1999.0,23,21,1875,20.8,9,3,12,9,0,0,5,0,0.43,0.14,0.58,0.43,0.58,53,21,39.6,2.54,1.01,0.17,0.43,82,54.8,88.0,18,2,18.0,1,2.13,40,20,20,0.96,0.09,0,38,23,14,11,5,8,0,,,,,,,,,,,,,,,,Centre-Forward,26.0,65000000.0
ENG-Premier League,2425.0,Arsenal,kieran tierney,SCO,DF,27.0,1997.0,13,2,259,2.9,1,0,1,1,0,0,0,0,0.35,0.0,0.35,0.35,0.35,2,1,50.0,0.69,0.35,0.5,1.0,20,7.6,62.0,0,11,12.0,13,2.08,3,1,2,0.69,-0.24,0,1,2,2,14,3,5,0,,,,,,,,,,,,,,,,Left-Back,28.0,9000000.0
ENG-Premier League,2425.0,Arsenal,leandro trossard,BEL,FW,29.0,1994.0,38,28,2546,28.3,8,7,15,8,0,0,4,1,0.28,0.25,0.53,0.28,0.53,72,22,30.6,2.55,0.78,0.11,0.36,67,74.4,82.0,14,10,25.0,0,1.95,51,26,25,0.88,-0.15,1,27,46,6,80,10,18,0,,,,,,,,,,,,,,,,Left Winger,30.0,22000000.0
ENG-Premier League,2425.0,Arsenal,martin degaard,NOR,MF,25.0,1998.0,30,26,2325,25.8,3,8,11,2,1,1,4,0,0.12,0.31,0.43,0.08,0.39,49,17,34.7,1.9,0.66,0.04,0.12,78,68.0,86.0,14,4,23.0,0,2.0,50,21,29,1.12,0.63,0,12,23,1,86,6,8,0,,,,,,,,,,,,,,,,Attacking Midfield,26.0,85000000.0
ENG-Premier League,2425.0,Arsenal,mikel merino,ESP,"MF,FW",28.0,1996.0,28,17,1586,17.6,7,2,9,7,0,0,4,1,0.4,0.11,0.51,0.4,0.51,38,15,39.5,2.16,0.85,0.18,0.47,57,46.4,83.0,11,11,16.0,0,1.79,28,17,11,0.62,-0.55,1,41,23,7,12,16,28,0,,,,,,,,,,,,,,,,Central Midfield,29.0,35000000.0
ENG-Premier League,2425.0,Arsenal,myles lewis skelly,ENG,DF,17.0,2006.0,23,15,1369,15.2,1,0,1,1,0,0,3,2,0.07,0.0,0.07,0.07,0.07,3,1,33.3,0.2,0.07,0.33,1.0,60,40.0,80.0,7,8,20.0,9,1.96,26,16,10,0.66,-0.44,0,11,47,0,10,7,13,0,,,,,,,,,,,,,,,,Left-Back,18.0,45000000.0
ENG-Premier League,2425.0,Arsenal,nathan butler oyedeji,ENG,FW,21.0,2003.0,1,0,7,0.1,0,0,0,0,0,0,0,0,0.0,0.0,0.0,0.0,0.0,1,1,100.0,12.86,12.86,0.0,0.0,7,0.2,,0,1,7.0,13,3.0,1,0,1,12.86,11.96,0,0,0,0,0,0,0,0,,,,,,,,,,,,,,,,Centre-Forward,22.0,1000000.0
ENG-Premier League,2425.0,Arsenal,oleksandr zinchenko,UKR,"DF,MF",27.0,1996.0,15,5,527,5.9,0,1,1,0,0,0,1,0,0.0,0.17,0.17,0.0,0.17,10,0,0.0,1.71,0.0,0.0,,35,15.4,72.0,1,10,17.0,16,1.87,9,1,8,1.37,0.53,0,8,3,1,13,5,0,0,,,,,,,,,,,,,,,,Left-Back,28.0,20000000.0
ENG-Premier League,2425.0,Arsenal,raheem sterling,ENG,"FW,MF",29.0,1994.0,17,7,499,5.5,0,2,2,0,0,0,1,0,0.0,0.36,0.36,0.0,0.36,11,0,0.0,1.98,0.0,0.0,,29,14.6,56.0,0,10,11.0,12,2.0,12,4,8,1.44,0.61,0,12,8,4,16,1,4,0,,,,,,,,,,,,,,,,Right Winger,30.0,10000000.0
ENG-Premier League,2425.0,Arsenal,reiss nelson,ENG,"FW,MF",24.0,1999.0,1,0,3,0.0,0,0,0,0,0,0,0,0,0.0,0.0,0.0,0.0,0.0,0,0,,0.0,0.0,,,3,0.1,,0,1,3.0,1,3.0,0,0,0,0.0,-0.92,0,1,1,0,0,0,1,0,,,,,,,,,,,,,,,,Left Winger,25.0,16000000.0
ENG-Premier League,2425.0,Arsenal,riccardo calafiori,ITA,DF,22.0,2002.0,19,11,983,10.9,2,1,3,2,0,0,4,0,0.18,0.09,0.27,0.18,0.27,10,6,60.0,0.92,0.55,0.2,0.33,52,28.7,72.0,3,8,25.0,3,2.05,27,12,15,1.37,0.63,0,15,6,3,11,8,18,0,,,,,,,,,,,,,,,,Left-Back,23.0,35000000.0
ENG-Premier League,2425.0,Arsenal,takehiro tomiyasu,JPN,DF,25.0,1998.0,1,0,7,0.1,0,0,0,0,0,0,0,0,0.0,0.0,0.0,0.0,0.0,1,0,0.0,12.86,0.0,0.0,,7,0.2,,0,1,7.0,0,3.0,1,0,1,12.86,11.96,0,0,0,0,0,0,0,0,,,,,,,,,,,,,,,,Centre-Back,26.0,18000000.0
ENG-Premier League,2425.0,Arsenal,thomas partey,GHA,"MF,DF",31.0,1993.0,35,31,2797,31.1,4,2,6,4,0,0,4,0,0.13,0.06,0.19,0.13,0.19,26,9,34.6,0.84,0.29,0.15,0.44,80,81.8,88.0,25,4,19.0,2,1.91,52,30,22,0.71,-1.17,0,44,31,1,12,35,53,0,,,,,,,,,,,,,,,,Defensive Midfield,32.0,14000000.0
ENG-Premier League,2425.0,Arsenal,william saliba,FRA,DF,23.0,2001.0,35,35,3039,33.8,2,0,2,2,0,0,2,1,0.06,0.0,0.06,0.06,0.06,6,3,50.0,0.18,0.09,0.33,0.67,87,88.9,87.0,32,0,,0,1.97,62,27,35,1.04,1.04,0,28,17,1,3,22,34,0,,,,,,,,,,,,,,,,Centre-Back,24.0,80000000.0
ENG-Premier League,2425.0,Aston Villa,amadou onana,BEL,MF,22.0,2001.0,26,20,1617,18.0,3,0,3,3,0,0,4,0,0.17,0.0,0.17,0.17,0.17,17,6,35.3,0.95,0.33,0.18,0.5,62,47.3,74.0,7,6,24.0,2,1.77,25,23,2,0.11,-0.14,0,32,30,0,2,26,29,0,,,,,,,,,,,,,,,,Defensive Midfield,23.0,50000000.0
ENG-Premier League,2425.0,Aston Villa,andres garcia,ESP,"DF,MF",21.0,2003.0,7,5,318,3.5,0,0,0,0,0,0,0,0,0.0,0.0,0.0,0.0,0.0,2,0,0.0,0.57,0.0,0.0,,45,9.3,58.0,1,2,14.0,9,1.57,7,5,2,0.57,0.42,0,1,0,0,18,2,5,0,,,,,,,,,,,,,,,,Right-Back,22.0,7000000.0
ENG-Premier League,2425.0,Aston Villa,axel disasi,FRA,DF,26.0,1998.0,7,5,490,5.4,0,0,0,0,0,0,2,0,0.0,0.0,0.0,0.0,0.0,2,0,0.0,0.37,0.0,0.0,,70,14.3,90.0,5,2,20.0,4,1.57,8,9,-1,-0.18,-0.43,0,3,2,2,1,4,5,0,,,,,,,,,,,,,,,,Centre-Back,27.0,22000000.0
ENG-Premier League,2425.0,Aston Villa,boubacar kamara,FRA,"MF,DF",24.0,1999.0,26,20,1726,19.2,1,0,1,1,0,0,2,0,0.05,0.0,0.05,0.05,0.05,10,3,30.0,0.52,0.16,0.1,0.33,66,50.5,81.0,12,6,16.0,1,1.69,28,22,6,0.31,0.26,0,29,35,0,1,16,23,0,,,,,,,,,,,,,,,,Defensive Midfield,25.0,40000000.0
ENG-Premier League,2425.0,Aston Villa,diego carlos,BRA,DF,31.0,1993.0,10,8,830,9.2,0,0,0,0,0,0,1,0,0.0,0.0,0.0,0.0,0.0,4,1,25.0,0.43,0.11,0.0,0.0,83,24.3,90.0,8,2,55.0,7,1.3,14,15,-1,-0.11,-0.39,0,11,1,1,0,5,2,0,,,,,,,,,,,,,,,,Centre-Back,32.0,9500000.0
ENG-Premier League,2425.0,Aston Villa,donyell malen,NED,MF,25.0,1999.0,14,2,305,3.4,3,0,3,3,0,0,0,0,0.89,0.0,0.89,0.89,0.89,15,9,60.0,4.43,2.66,0.2,0.33,22,8.9,62.0,0,12,15.0,3,1.93,7,6,1,0.3,0.12,0,1,5,2,8,0,4,0,,,,,,,,,,,,,,,,Centre-Forward,26.0,25000000.0
ENG-Premier League,2425.0,Aston Villa,emi buendia,ARG,"FW,MF",27.0,1996.0,12,0,98,1.1,0,0,0,0,0,0,1,0,0.0,0.0,0.0,0.0,0.0,5,0,0.0,4.59,0.0,0.0,,8,2.9,,0,12,8.0,11,2.0,0,2,-2,-1.84,-2.08,0,4,6,0,0,0,5,0,,,,,,,,,,,,,,,,,,
ENG-Premier League,2425.0,Aston Villa,emiliano martinez,ARG,GK,31.0,1992.0,37,37,3194,35.5,0,0,0,0,0,0,5,1,0.0,0.0,0.0,0.0,0.0,0,0,,0.0,0.0,,,86,93.4,86.0,34,0,,0,1.7,56,45,11,0.31,1.9,0,2,5,0,0,0,3,0,47.0,1.32,146.0,99.0,67.8,18.0,9.0,10.0,8.0,21.6,2.0,1.0,1.0,0.0,50.0,Goalkeeper,32.0,20000000.0
ENG-Premier League,2425.0,Aston Villa,ezri konsa,ENG,DF,26.0,1997.0,34,33,2936,32.6,2,0,2,2,0,0,1,0,0.06,0.0,0.06,0.06,0.06,11,5,45.5,0.34,0.15,0.18,0.4,86,85.8,88.0,32,1,45.0,1,1.76,48,45,3,0.09,-0.65,0,9,47,1,5,24,20,0,,,,,,,,,,,,,,,,Centre-Back,27.0,35000000.0
ENG-Premier League,2425.0,Aston Villa,ian maatsen,NED,DF,22.0,2002.0,29,10,1139,12.7,1,2,3,1,0,0,2,0,0.08,0.16,0.24,0.08,0.24,19,5,26.3,1.5,0.4,0.05,0.2,39,33.3,78.0,6,19,19.0,8,1.76,23,16,7,0.55,0.55,0,11,9,3,51,18,18,0,,,,,,,,,,,,,,,,Left-Back,23.0,28000000.0
ENG-Premier League,2425.0,Aston Villa,jacob ramsey,ENG,MF,23.0,2001.0,29,19,1623,18.0,1,3,4,1,0,0,4,1,0.06,0.17,0.22,0.06,0.22,19,4,21.1,1.05,0.22,0.05,0.25,56,47.5,68.0,2,10,34.0,0,1.79,25,26,-1,-0.06,-0.46,1,13,28,5,11,8,15,0,,,,,,,,,,,,,,,,Central Midfield,24.0,32000000.0
ENG-Premier League,2425.0,Aston Villa,jaden philogene bidace,ENG,MF,22.0,2002.0,11,2,332,3.7,0,0,0,0,0,0,4,1,0.0,0.0,0.0,0.0,0.0,7,0,0.0,1.9,0.0,0.0,,30,9.7,78.0,1,9,20.0,3,1.64,2,5,-3,-0.81,-1.1,1,13,8,1,4,3,5,0,,,,,,,,,,,,,,,,,,
ENG-Premier League,2425.0,Aston Villa,john mcginn,SCO,MF,29.0,1994.0,34,27,2223,24.7,1,4,5,1,0,0,7,0,0.04,0.16,0.2,0.04,0.2,31,5,16.1,1.26,0.2,0.03,0.2,65,65.0,77.0,11,7,21.0,0,1.76,33,34,-1,-0.04,-0.64,0,43,69,3,60,11,23,0,,,,,,,,,,,,,,,,Central Midfield,30.0,16000000.0
ENG-Premier League,2425.0,Aston Villa,jader duran,COL,FW,20.0,2003.0,20,4,638,7.1,7,0,7,7,0,0,3,1,0.99,0.0,0.99,0.99,0.99,31,15,48.4,4.37,2.12,0.23,0.47,32,18.7,60.0,0,16,25.0,1,1.5,12,12,0,0.0,-0.23,0,14,15,5,3,0,7,0,,,,,,,,,,,,,,,,,,
ENG-Premier League,2425.0,Aston Villa,kosta nedeljkovic,SRB,DF,18.0,2005.0,5,0,126,1.4,0,0,0,0,0,0,0,0,0.0,0.0,0.0,0.0,0.0,0,0,,0.0,0.0,,,25,3.7,,0,5,25.0,11,1.2,0,4,-4,-2.86,-3.16,0,0,1,0,1,1,4,0,,,,,,,,,,,,,,,,Right-Back,19.0,10000000.0
ENG-Premier League,2425.0,Aston Villa,lamare bogarde,NED,"DF,MF",20.0,2004.0,8,5,476,5.3,0,0,0,0,0,0,2,0,0.0,0.0,0.0,0.0,0.0,1,1,100.0,0.19,0.19,0.0,0.0,60,13.9,77.0,2,3,30.0,14,1.5,10,11,-1,-0.19,-0.43,0,8,11,0,0,1,6,0,,,,,,,,,,,,,,,,Defensive Midfield,21.0,6000000.0
ENG-Premier League,2425.0,Aston Villa,leon bailey,JAM,MF,26.0,1997.0,24,14,1139,12.7,1,2,3,1,0,0,3,0,0.08,0.16,0.24,0.08,0.24,28,6,21.4,2.21,0.47,0.04,0.17,47,33.3,65.0,2,10,23.0,5,1.54,22,19,3,0.24,0.08,0,12,18,3,34,4,4,0,,,,,,,,,,,,,,,,Right Winger,27.0,28000000.0
ENG-Premier League,2425.0,Aston Villa,lucas digne,FRA,DF,31.0,1993.0,32,28,2351,26.1,0,4,4,0,0,0,4,0,0.0,0.15,0.15,0.0,0.15,13,3,23.1,0.5,0.11,0.0,0.0,73,68.7,80.0,13,4,30.0,6,1.59,35,36,-1,-0.04,-0.71,0,21,16,7,140,22,36,0,,,,,,,,,,,,,,,,Left-Back,31.0,10000000.0
ENG-Premier League,2425.0,Aston Villa,marco asensio,ESP,MF,28.0,1996.0,13,9,743,8.3,3,1,4,3,0,2,2,0,0.36,0.12,0.48,0.36,0.48,24,11,45.8,2.91,1.33,0.13,0.27,57,21.7,72.0,3,4,23.0,0,2.0,18,8,10,1.21,1.31,0,11,8,2,38,2,5,0,,,,,,,,,,,,,,,,Attacking Midfield,29.0,20000000.0
ENG-Premier League,2425.0,Aston Villa,marcus rashford,ENG,"FW,MF",26.0,1997.0,10,4,444,4.9,2,2,4,1,1,1,0,0,0.41,0.41,0.81,0.2,0.61,19,7,36.8,3.85,1.42,0.05,0.14,44,13.0,68.0,0,6,29.0,0,2.0,7,6,1,0.2,0.02,0,1,3,1,28,1,7,0,,,,,,,,,,,,,,,,Left Winger,27.0,50000000.0
ENG-Premier League,2425.0,Aston Villa,matty cash,POL,DF,26.0,1997.0,27,24,2070,23.0,1,1,2,1,0,0,7,0,0.04,0.04,0.09,0.04,0.09,13,6,46.2,0.57,0.26,0.08,0.17,77,60.5,82.0,16,3,38.0,2,1.78,35,22,13,0.57,0.97,0,27,20,1,40,22,31,0,,,,,,,,,,,,,,,,Right-Back,27.0,25000000.0
ENG-Premier League,2425.0,Aston Villa,morgan rogers,ENG,MF,22.0,2002.0,37,37,3114,34.6,8,10,18,8,0,0,10,0,0.23,0.29,0.52,0.23,0.52,55,20,36.4,1.59,0.58,0.15,0.4,84,91.1,84.0,19,0,,0,1.7,52,40,12,0.35,1.82,0,49,51,2,28,6,22,0,,,,,,,,,,,,,,,,Attacking Midfield,22.0,55000000.0
ENG-Premier League,2425.0,Aston Villa,ollie watkins,ENG,FW,28.0,1995.0,38,31,2598,28.9,16,8,24,14,2,2,2,0,0.55,0.28,0.83,0.48,0.76,84,40,47.6,2.91,1.39,0.17,0.35,68,76.0,78.0,11,7,25.0,0,1.74,48,40,8,0.28,0.39,0,29,33,16,7,7,7,0,,,,,,,,,,,,,,,,Centre-Forward,29.0,40000000.0
ENG-Premier League,2425.0,Aston Villa,pau torres,ESP,DF,27.0,1997.0,24,23,2020,22.4,0,0,0,0,0,0,2,0,0.0,0.0,0.0,0.0,0.0,8,3,37.5,0.36,0.13,0.0,0.0,84,59.1,87.0,22,1,21.0,4,1.58,30,33,-3,-0.13,-0.78,0,8,7,0,4,9,15,0,,,,,,,,,,,,,,,,Centre-Back,28.0,32000000.0
ENG-Premier League,2425.0,Aston Villa,robin olsen,SWE,GK,34.0,1990.0,4,1,226,2.5,0,0,0,0,0,0,0,0,0.0,0.0,0.0,0.0,0.0,0,0,,0.0,0.0,,,57,6.6,90.0,1,3,45.0,26,0.75,2,6,-4,-1.59,-1.9,0,0,0,0,0,0,0,0,6.0,2.39,14.0,8.0,57.1,1.0,0.0,0.0,1.0,100.0,1.0,1.0,0.0,0.0,0.0,Goalkeeper,35.0,1000000.0
ENG-Premier League,2425.0,Aston Villa,ross barkley,ENG,MF,30.0,1993.0,20,3,581,6.5,3,1,4,3,0,0,3,0,0.46,0.15,0.62,0.46,0.62,16,6,37.5,2.48,0.93,0.19,0.5,29,17.0,85.0,2,17,19.0,4,1.75,11,10,1,0.15,-0.04,0,8,3,0,1,10,4,0,,,,,,,,,,,,,,,,Central Midfield,31.0,6000000.0
ENG-Premier League,2425.0,Aston Villa,tyrone mings,ENG,DF,31.0,1993.0,14,12,1120,12.4,0,0,0,0,0,0,1,0,0.0,0.0,0.0,0.0,0.0,9,1,11.1,0.72,0.08,0.0,0.0,80,32.7,81.0,9,2,73.0,13,2.29,26,11,15,1.21,1.52,0,4,11,0,1,7,6,0,,,,,,,,,,,,,,,,Centre-Back,32.0,5000000.0
ENG-Premier League,2425.0,Aston Villa,youri tielemans,BEL,MF,27.0,1997.0,36,35,3026,33.6,3,7,10,3,0,1,4,0,0.09,0.21,0.3,0.09,0.3,41,13,31.7,1.22,0.39,0.07,0.23,84,88.5,86.0,27,1,29.0,0,1.67,53,46,7,0.21,0.21,0,41,56,0,118,22,58,0,,,,,,,,,,,,,,,,Central Midfield,28.0,38000000.0
ENG-Premier League,2425.0,Bournemouth,adam smith,ENG,DF,33.0,1991.0,25,19,1590,17.7,0,0,0,0,0,0,7,0,0.0,0.0,0.0,0.0,0.0,3,0,0.0,0.17,0.0,0.0,,64,46.5,75.0,7,6,28.0,1,1.48,25,18,7,0.4,0.15,0,19,12,0,33,15,14,0,,,,,,,,,,,,,,,,Right-Back,34.0,750000.0
ENG-Premier League,2425.0,Bournemouth,alex scott,ENG,MF,20.0,2003.0,20,8,755,8.4,0,0,0,0,0,0,3,0,0.0,0.0,0.0,0.0,0.0,15,7,46.7,1.79,0.83,0.0,0.0,38,22.1,59.0,0,12,24.0,1,1.35,10,8,2,0.24,-0.1,0,17,26,0,7,9,13,0,,,,,,,,,,,,,,,,Central Midfield,21.0,20000000.0
ENG-Premier League,2425.0,Bournemouth,antoine semenyo,GHA,MF,24.0,2000.0,37,36,3203,35.6,11,5,16,11,0,0,9,0,0.31,0.14,0.45,0.31,0.45,126,41,32.5,3.54,1.15,0.09,0.27,87,93.7,88.0,28,1,26.0,0,1.43,53,41,12,0.34,0.34,0,72,37,14,58,9,36,0,,,,,,,,,,,,,,,,Right Winger,25.0,40000000.0
ENG-Premier League,2425.0,Bournemouth,ben winterburn,ENG,MF,19.0,2004.0,4,0,24,0.3,0,0,0,0,0,0,0,0,0.0,0.0,0.0,0.0,0.0,0,0,,0.0,0.0,,,6,0.7,,0,4,6.0,16,2.0,2,0,2,7.5,7.23,0,0,1,0,0,2,0,0,,,,,,,,,,,,,,,,Defensive Midfield,20.0,500000.0
ENG-Premier League,2425.0,Bournemouth,dango ouattara,BFA,"MF,FW",22.0,2002.0,32,21,2005,22.3,7,4,11,7,0,0,3,0,0.31,0.18,0.49,0.31,0.49,62,20,32.3,2.78,0.9,0.11,0.35,63,58.6,81.0,7,11,27.0,0,1.56,33,22,11,0.49,0.43,0,16,19,13,88,11,26,0,,,,,,,,,,,,,,,,Right Winger,23.0,28000000.0
ENG-Premier League,2425.0,Bournemouth,daniel jebbison,CAN,FW,20.0,2003.0,16,0,119,1.3,1,0,1,1,0,0,1,0,0.76,0.0,0.76,0.76,0.76,5,2,40.0,3.78,1.51,0.2,0.5,7,3.5,,0,16,7.0,4,1.25,7,2,5,3.78,3.59,0,2,4,0,3,1,3,0,,,,,,,,,,,,,,,,Centre-Forward,21.0,4000000.0
ENG-Premier League,2425.0,Bournemouth,david brooks,WAL,MF,27.0,1997.0,29,9,960,10.7,2,0,2,2,0,0,3,0,0.19,0.0,0.19,0.19,0.19,25,12,48.0,2.34,1.13,0.08,0.17,33,28.1,67.0,0,20,18.0,7,1.41,23,12,11,1.03,0.99,0,11,18,0,51,5,6,0,,,,,,,,,,,,,,,,Right Winger,27.0,10000000.0
ENG-Premier League,2425.0,Bournemouth,dean huijsen,ESP,DF,19.0,2005.0,32,26,2427,27.0,3,2,5,3,0,0,10,0,0.11,0.07,0.19,0.11,0.19,18,4,22.2,0.67,0.15,0.17,0.75,76,71.0,90.0,26,6,15.0,6,1.5,42,31,11,0.41,0.32,0,31,10,2,13,48,27,0,,,,,,,,,,,,,,,,Centre-Back,20.0,60000000.0
ENG-Premier League,2425.0,Bournemouth,enes unal,TUR,FW,27.0,1997.0,17,2,345,3.8,2,1,3,2,0,0,2,0,0.52,0.26,0.78,0.52,0.78,19,7,36.8,4.96,1.83,0.11,0.29,20,10.1,62.0,0,15,15.0,0,1.65,6,3,3,0.78,0.52,0,6,9,2,4,0,0,0,,,,,,,,,,,,,,,,Centre-Forward,28.0,10000000.0
ENG-Premier League,2425.0,Bournemouth,evanilson,BRA,FW,24.0,1999.0,31,28,2319,25.8,10,1,11,10,0,1,1,1,0.39,0.04,0.43,0.39,0.43,73,32,43.8,2.83,1.24,0.14,0.31,75,67.8,80.0,7,3,23.0,1,1.45,34,29,5,0.19,-0.38,0,37,53,20,1,2,9,0,,,,,,,,,,,,,,,,Centre-Forward,25.0,35000000.0
ENG-Premier League,2425.0,Bournemouth,illia zabarnyi,UKR,DF,21.0,2002.0,36,35,3109,34.5,0,1,1,0,0,0,4,1,0.0,0.03,0.03,0.0,0.03,12,1,8.3,0.35,0.03,0.0,0.0,86,90.9,88.0,30,1,45.0,0,1.53,53,41,12,0.35,0.35,0,20,7,0,6,39,35,0,,,,,,,,,,,,,,,,,,
ENG-Premier League,2425.0,Bournemouth,james hill,ENG,DF,22.0,2002.0,10,6,448,5.0,0,1,1,0,0,0,1,0,0.0,0.2,0.2,0.0,0.2,6,0,0.0,1.21,0.0,0.0,,45,13.1,68.0,1,4,11.0,21,1.3,7,9,-2,-0.4,-0.83,0,7,5,0,10,7,8,0,,,,,,,,,,,,,,,,Centre-Back,23.0,3000000.0
ENG-Premier League,2425.0,Bournemouth,julian araujo,MEX,DF,22.0,2001.0,12,7,497,5.5,0,0,0,0,0,0,2,0,0.0,0.0,0.0,0.0,0.0,0,0,,0.0,0.0,,,41,14.5,62.0,0,5,12.0,7,1.08,2,10,-8,-1.45,-2.06,0,7,2,1,9,5,5,0,,,,,,,,,,,,,,,,Right-Back,23.0,10000000.0
ENG-Premier League,2425.0,Bournemouth,julio soler,ARG,DF,19.0,2005.0,3,0,11,0.1,0,0,0,0,0,0,0,0,0.0,0.0,0.0,0.0,0.0,0,0,,0.0,0.0,,,4,0.3,,0,3,4.0,10,2.0,1,1,0,0.0,-0.32,0,0,1,0,1,0,1,0,,,,,,,,,,,,,,,,Left-Back,20.0,8000000.0
ENG-Premier League,2425.0,Bournemouth,justin kluivert,NED,MF,25.0,1999.0,34,29,2340,26.0,12,6,18,6,6,6,8,0,0.46,0.23,0.69,0.23,0.46,63,29,46.0,2.42,1.12,0.1,0.21,69,68.4,74.0,5,5,40.0,0,1.5,36,29,7,0.27,-0.15,0,46,33,6,86,13,9,0,,,,,,,,,,,,,,,,Attacking Midfield,26.0,35000000.0
ENG-Premier League,2425.0,Bournemouth,kepa arrizabalaga,ESP,GK,29.0,1994.0,31,31,2790,31.0,0,0,0,0,0,0,3,0,0.0,0.0,0.0,0.0,0.0,1,0,0.0,0.03,0.0,0.0,,90,81.6,90.0,31,0,,1,1.48,50,39,11,0.35,0.21,0,2,6,0,0,0,0,0,39.0,1.26,136.0,97.0,71.3,13.0,7.0,11.0,8.0,25.8,4.0,4.0,0.0,0.0,0.0,Goalkeeper,30.0,10000000.0
ENG-Premier League,2425.0,Bournemouth,lewis cook,ENG,"MF,DF",27.0,1997.0,36,32,2978,33.1,1,3,4,1,0,0,8,1,0.03,0.09,0.12,0.03,0.12,14,4,28.6,0.42,0.12,0.07,0.25,83,87.1,89.0,30,4,31.0,0,1.39,47,43,4,0.12,-1.51,0,48,10,3,132,45,42,0,,,,,,,,,,,,,,,,Central Midfield,28.0,15000000.0
ENG-Premier League,2425.0,Bournemouth,luis sinisterra,COL,MF,25.0,1999.0,12,1,236,2.6,1,1,2,1,0,0,0,0,0.38,0.38,0.76,0.38,0.76,13,6,46.2,4.96,2.29,0.08,0.17,20,6.9,62.0,0,11,16.0,1,1.25,5,4,1,0.38,0.07,0,4,2,1,7,1,1,0,,,,,,,,,,,,,,,,Left Winger,26.0,15000000.0
ENG-Premier League,2425.0,Bournemouth,marcos senesi,ARG,DF,27.0,1997.0,17,13,1106,12.3,0,0,0,0,0,0,5,0,0.0,0.0,0.0,0.0,0.0,2,0,0.0,0.16,0.0,0.0,,65,32.3,80.0,7,4,17.0,4,1.47,19,17,2,0.16,-0.23,0,22,8,1,11,14,19,0,,,,,,,,,,,,,,,,Centre-Back,28.0,22000000.0
ENG-Premier League,2425.0,Bournemouth,marcus tavernier,ENG,MF,25.0,1999.0,29,20,1939,21.5,3,5,8,3,0,0,6,0,0.14,0.23,0.37,0.14,0.37,57,17,29.8,2.65,0.79,0.05,0.18,67,56.7,85.0,11,9,26.0,0,1.45,29,29,0,0.0,-0.73,0,34,28,4,108,4,22,0,,,,,,,,,,,,,,,,Attacking Midfield,26.0,18000000.0
ENG-Premier League,2425.0,Bournemouth,mark travers,IRL,GK,25.0,1999.0,5,5,450,5.0,0,0,0,0,0,0,0,0,0.0,0.0,0.0,0.0,0.0,0,0,,0.0,0.0,,,90,13.2,90.0,5,0,,18,1.6,6,5,1,0.2,-0.13,0,0,1,0,0,0,0,0,5.0,1.0,25.0,20.0,80.0,2.0,2.0,1.0,1.0,20.0,0.0,0.0,0.0,0.0,,Goalkeeper,26.0,4000000.0
ENG-Premier League,2425.0,Bournemouth,max aarons,ENG,DF,24.0,2000.0,3,1,86,1.0,0,0,0,0,0,0,0,0,0.0,0.0,0.0,0.0,0.0,0,0,,0.0,0.0,,,29,2.5,61.0,0,2,13.0,11,0.67,2,0,2,2.09,1.82,0,0,2,0,2,1,2,0,,,,,,,,,,,,,,,,Right-Back,25.0,6000000.0
ENG-Premier League,2425.0,Bournemouth,milos kerkez,HUN,DF,20.0,2003.0,38,38,3336,37.1,2,5,7,2,0,0,4,0,0.05,0.13,0.19,0.05,0.19,19,5,26.3,0.51,0.13,0.11,0.4,88,97.5,88.0,32,0,,0,1.47,52,45,7,0.19,-5.17,0,30,50,3,141,41,26,0,,,,,,,,,,,,,,,,Left-Back,21.0,45000000.0
ENG-Premier League,2425.0,Bournemouth,neto,BRA,GK,35.0,1989.0,2,2,180,2.0,0,0,0,0,0,0,0,0,0.0,0.0,0.0,0.0,0.0,0,0,,0.0,0.0,,,90,5.3,90.0,2,0,,0,1.0,2,2,0,0.0,-0.33,0,0,2,0,0,0,0,0,2.0,1.0,13.0,11.0,84.6,0.0,2.0,0.0,0.0,0.0,0.0,0.0,0.0,0.0,,Goalkeeper,35.0,1500000.0
ENG-Premier League,2425.0,Bournemouth,philip billing,DEN,MF,28.0,1996.0,10,1,184,2.0,0,0,0,0,0,0,1,0,0.0,0.0,0.0,0.0,0.0,5,1,20.0,2.45,0.49,0.0,0.0,18,5.4,72.0,0,9,12.0,3,1.9,5,4,1,0.49,0.18,0,3,2,0,10,5,6,0,,,,,,,,,,,,,,,,Central Midfield,29.0,10000000.0
ENG-Premier League,2425.0,Bournemouth,remy rees dottin,ENG,FW,18.0,2006.0,1,0,1,0.0,0,0,0,0,0,0,0,0,0.0,0.0,0.0,0.0,0.0,0,0,,0.0,0.0,,,1,0.0,,0,1,1.0,6,3.0,0,0,0,0.0,-0.32,0,0,0,0,0,0,0,0,,,,,,,,,,,,,,,,Centre-Forward,19.0,300000.0
ENG-Premier League,2425.0,Bournemouth,ryan christie,SCO,MF,29.0,1995.0,29,27,2117,23.5,2,3,5,2,0,0,9,0,0.09,0.13,0.21,0.09,0.21,33,12,36.4,1.4,0.51,0.06,0.17,73,61.9,76.0,10,2,28.0,0,1.52,40,28,12,0.51,0.51,0,42,31,1,47,30,33,0,,,,,,,,,,,,,,,,Central Midfield,30.0,10000000.0
ENG-Premier League,2425.0,Bournemouth,tyler adams,USA,MF,25.0,1999.0,28,21,1965,21.8,0,3,3,0,0,0,7,0,0.0,0.14,0.14,0.0,0.14,9,2,22.2,0.41,0.09,0.0,0.0,70,57.5,85.0,15,7,26.0,1,1.46,41,30,11,0.5,0.44,0,46,21,0,2,30,56,0,,,,,,,,,,,,,,,,Defensive Midfield,26.0,18000000.0
ENG-Premier League,2425.0,Bournemouth,zain silcott duberry,MSR,MF,19.0,2005.0,1,0,1,0.0,0,0,0,0,0,0,0,0,0.0,0.0,0.0,0.0,0.0,0,0,,0.0,0.0,,,1,0.0,,0,1,1.0,7,3.0,0,0,0,0.0,-0.32,0,0,0,0,0,0,1,0,,,,,,,,,,,,,,,,Left Midfield,19.0,200000.0
ENG-Premier League,2425.0,Brentford,ben mee,ENG,DF,34.0,1989.0,7,2,183,2.0,0,0,0,0,0,0,2,0,0.0,0.0,0.0,0.0,0.0,0,0,,0.0,0.0,,,26,5.4,84.0,1,5,3.0,28,1.86,1,4,-3,-1.48,-1.81,0,5,0,0,0,4,2,0,,,,,,,,,,,,,,,,Centre-Back,35.0,700000.0
ENG-Premier League,2425.0,Brentford,bryan mbeumo,CMR,"MF,FW",24.0,1999.0,38,38,3414,37.9,20,7,27,15,5,6,3,0,0.53,0.18,0.71,0.4,0.58,85,41,48.2,2.24,1.08,0.18,0.37,90,99.8,90.0,35,0,,0,1.47,66,55,11,0.29,30.29,0,25,44,11,200,11,30,0,,,,,,,,,,,,,,,,Right Winger,25.0,55000000.0
ENG-Premier League,2425.0,Brentford,christian nrgaard,DEN,MF,30.0,1994.0,34,34,2819,31.3,5,4,9,5,0,0,8,1,0.16,0.13,0.29,0.16,0.29,39,16,41.0,1.25,0.51,0.13,0.31,83,82.4,83.0,22,0,,0,1.59,55,45,10,0.32,0.47,0,44,28,1,18,46,47,0,,,,,,,,,,,,,,,,Defensive Midfield,31.0,11000000.0
ENG-Premier League,2425.0,Brentford,edmond paris maghoma,ENG,MF,23.0,2001.0,8,0,119,1.3,0,0,0,0,0,0,0,0,0.0,0.0,0.0,0.0,0.0,1,0,0.0,0.76,0.0,0.0,,15,3.5,,0,8,15.0,15,1.25,3,1,2,1.51,1.32,0,2,4,0,3,1,1,0,,,,,,,,,,,,,,,,,,
ENG-Premier League,2425.0,Brentford,ethan pinnock,JAM,DF,31.0,1993.0,22,21,1913,21.3,2,0,2,2,0,0,2,0,0.09,0.0,0.09,0.09,0.09,10,6,60.0,0.47,0.28,0.2,0.33,87,55.9,90.0,20,1,31.0,9,1.5,40,35,5,0.24,0.0,0,8,4,0,9,23,15,1,,,,,,,,,,,,,,,,Centre-Back,32.0,7000000.0
ENG-Premier League,2425.0,Brentford,fabio carvalho,POR,"FW,MF",21.0,2002.0,19,3,455,5.1,2,1,3,2,0,0,1,0,0.4,0.2,0.59,0.4,0.59,12,6,50.0,2.37,1.19,0.17,0.33,24,13.3,81.0,0,16,13.0,6,1.47,9,14,-5,-0.99,-1.41,0,5,10,1,10,3,9,0,,,,,,,,,,,,,,,,Attacking Midfield,22.0,14000000.0
ENG-Premier League,2425.0,Brentford,frank onyeka,NGA,MF,26.0,1998.0,2,0,25,0.3,0,0,0,0,0,0,0,0,0.0,0.0,0.0,0.0,0.0,0,0,,0.0,0.0,,,13,0.7,,0,2,13.0,0,1.5,0,0,0,0.0,-0.24,0,2,0,0,0,0,0,0,,,,,,,,,,,,,,,,Central Midfield,27.0,7000000.0
ENG-Premier League,2425.0,Brentford,gustavo nunes,BRA,MF,18.0,2005.0,3,0,12,0.1,0,0,0,0,0,0,0,0,0.0,0.0,0.0,0.0,0.0,0,0,,0.0,0.0,,,4,0.4,,0,3,4.0,4,2.33,0,2,-2,-15.0,-15.29,0,0,0,0,0,0,2,0,,,,,,,,,,,,,,,,Left Winger,19.0,10000000.0
ENG-Premier League,2425.0,Brentford,hakon valdimarsson,ISL,GK,22.0,2001.0,2,1,145,1.6,0,0,0,0,0,0,0,0,0.0,0.0,0.0,0.0,0.0,0,0,,0.0,0.0,,,73,4.2,90.0,1,1,55.0,36,0.5,0,2,-2,-1.24,-1.54,0,0,0,0,0,0,0,0,2.0,1.24,5.0,3.0,60.0,0.0,0.0,1.0,1.0,100.0,0.0,0.0,0.0,0.0,,Goalkeeper,23.0,2500000.0
ENG-Premier League,2425.0,Brentford,igor thiago,BRA,FW,23.0,2001.0,8,1,175,1.9,0,0,0,0,0,0,0,0,0.0,0.0,0.0,0.0,0.0,2,0,0.0,1.03,0.0,0.0,,22,5.1,72.0,0,7,15.0,0,1.75,3,4,-1,-0.51,-0.79,0,3,3,1,2,1,3,0,,,,,,,,,,,,,,,,Centre-Forward,24.0,18000000.0
ENG-Premier League,2425.0,Brentford,jayden meghoma,ENG,DF,18.0,2006.0,1,0,5,0.1,0,0,0,0,0,0,0,0,0.0,0.0,0.0,0.0,0.0,0,0,,0.0,0.0,,,5,0.1,,0,1,5.0,13,0.0,1,0,1,18.0,17.79,0,0,0,0,0,0,0,0,,,,,,,,,,,,,,,,Left-Back,19.0,500000.0
ENG-Premier League,2425.0,Brentford,keane lewis potter,ENG,"DF,MF",23.0,2001.0,38,36,3093,34.4,1,3,4,1,0,0,7,0,0.03,0.09,0.12,0.03,0.12,28,14,50.0,0.81,0.41,0.04,0.07,81,90.4,85.0,26,2,17.0,0,1.47,58,49,9,0.26,0.26,0,18,31,4,75,20,27,0,,,,,,,,,,,,,,,,Left Midfield,24.0,23000000.0
ENG-Premier League,2425.0,Brentford,kevin schade,GER,"MF,FW",22.0,2001.0,38,26,2293,25.5,11,2,13,11,0,0,3,0,0.43,0.08,0.51,0.43,0.51,55,27,49.1,2.16,1.06,0.2,0.41,60,67.0,79.0,6,12,21.0,0,1.47,45,34,11,0.43,0.59,0,21,38,13,39,5,26,0,,,,,,,,,,,,,,,,Left Winger,23.0,30000000.0
ENG-Premier League,2425.0,Brentford,kim jisoo,KOR,DF,19.0,2004.0,3,0,30,0.3,0,0,0,0,0,0,0,0,0.0,0.0,0.0,0.0,0.0,0,0,,0.0,0.0,,,10,0.9,,0,3,10.0,12,0.33,0,0,0,0.0,-0.24,0,1,0,0,0,0,0,0,,,,,,,,,,,,,,,,,,
ENG-Premier League,2425.0,Brentford,kristoffer ajer,NOR,DF,26.0,1998.0,24,17,1438,16.0,0,0,0,0,0,0,5,0,0.0,0.0,0.0,0.0,0.0,9,3,33.3,0.56,0.19,0.0,0.0,60,42.0,79.0,5,7,14.0,2,1.33,20,25,-5,-0.31,-0.95,0,13,6,2,14,11,19,0,,,,,,,,,,,,,,,,Centre-Back,27.0,18000000.0
ENG-Premier League,2425.0,Brentford,mads roerslev,DEN,DF,25.0,1999.0,19,11,1101,12.2,0,2,2,0,0,0,2,0,0.0,0.16,0.16,0.0,0.16,5,2,40.0,0.41,0.16,0.0,0.0,58,32.2,88.0,9,8,16.0,4,1.21,19,20,-1,-0.08,-0.47,0,6,10,0,30,4,8,0,,,,,,,,,,,,,,,,Right-Back,26.0,6000000.0
ENG-Premier League,2425.0,Brentford,mark flekken,NED,GK,31.0,1993.0,37,37,3275,36.4,0,2,2,0,0,0,1,0,0.0,0.05,0.05,0.0,0.05,0,0,,0.0,0.0,,,89,95.8,89.0,36,0,,0,1.51,66,55,11,0.3,1.54,0,0,3,0,0,0,4,0,55.0,1.51,207.0,152.0,73.4,16.0,8.0,13.0,8.0,21.6,1.0,1.0,0.0,0.0,0.0,Goalkeeper,32.0,10000000.0
ENG-Premier League,2425.0,Brentford,mathias jensen,DEN,MF,28.0,1996.0,24,8,862,9.6,0,2,2,0,0,0,2,0,0.0,0.21,0.21,0.0,0.21,6,1,16.7,0.63,0.1,0.0,0.0,36,25.2,73.0,2,16,17.0,0,1.71,20,17,3,0.31,0.1,0,7,10,0,33,7,9,0,,,,,,,,,,,,,,,,Central Midfield,29.0,14000000.0
ENG-Premier League,2425.0,Brentford,michael kayode,ITA,DF,20.0,2004.0,12,6,528,5.9,0,1,1,0,0,0,2,0,0.0,0.17,0.17,0.0,0.17,2,0,0.0,0.34,0.0,0.0,,44,15.4,78.0,1,6,11.0,1,1.83,15,5,10,1.7,1.74,0,8,3,0,10,7,11,0,,,,,,,,,,,,,,,,Right-Back,20.0,18000000.0
ENG-Premier League,2425.0,Brentford,mikkel damsgaard,DEN,MF,24.0,2000.0,38,34,2911,32.3,2,10,12,2,0,0,2,0,0.06,0.31,0.37,0.06,0.37,35,7,20.0,1.08,0.22,0.06,0.29,77,85.1,83.0,11,4,23.0,0,1.47,58,41,17,0.53,1.94,0,18,27,6,147,29,44,0,,,,,,,,,,,,,,,,Attacking Midfield,24.0,28000000.0
ENG-Premier League,2425.0,Brentford,nathan collins,IRL,DF,23.0,2001.0,38,38,3420,38.0,2,3,5,2,0,0,5,0,0.05,0.08,0.13,0.05,0.13,17,6,35.3,0.45,0.16,0.12,0.33,90,100.0,90.0,38,0,,0,1.47,66,57,9,0.24,,0,28,31,6,8,34,24,0,,,,,,,,,,,,,,,,Centre-Back,24.0,28000000.0
ENG-Premier League,2425.0,Brentford,rico henry,JAM,"DF,MF",27.0,1997.0,5,0,99,1.1,0,0,0,0,0,0,0,0,0.0,0.0,0.0,0.0,0.0,0,0,,0.0,0.0,,,20,2.9,,0,5,20.0,5,2.0,4,3,1,0.91,0.69,0,2,2,0,2,1,2,0,,,,,,,,,,,,,,,,Left-Back,27.0,15000000.0
ENG-Premier League,2425.0,Brentford,ryan trevitt,ENG,MF,21.0,2003.0,1,0,4,0.0,0,0,0,0,0,0,0,0,0.0,0.0,0.0,0.0,0.0,0,0,,0.0,0.0,,,4,0.1,,0,1,4.0,11,0.0,0,0,0,0.0,-0.24,0,0,0,0,0,0,1,0,,,,,,,,,,,,,,,,Central Midfield,22.0,275000.0
ENG-Premier League,2425.0,Brentford,sepp van den berg,NED,DF,22.0,2001.0,31,29,2586,28.7,0,0,0,0,0,0,3,0,0.0,0.0,0.0,0.0,0.0,20,6,30.0,0.7,0.21,0.0,0.0,83,75.6,88.0,25,2,18.0,1,1.55,54,49,5,0.17,-0.26,0,23,5,1,7,22,24,0,,,,,,,,,,,,,,,,Centre-Back,23.0,22000000.0
ENG-Premier League,2425.0,Brentford,vitaly janelt,GER,MF,26.0,1998.0,32,27,2254,25.0,1,3,4,1,0,0,3,0,0.04,0.12,0.16,0.04,0.16,14,4,28.6,0.56,0.16,0.07,0.25,70,65.9,79.0,10,5,25.0,0,1.34,38,37,1,0.04,-0.58,0,25,15,1,31,27,24,2,,,,,,,,,,,,,,,,Defensive Midfield,27.0,20000000.0
ENG-Premier League,2425.0,Brentford,yehor yarmoliuk,UKR,MF,20.0,2004.0,31,15,1450,16.1,0,0,0,0,0,0,6,0,0.0,0.0,0.0,0.0,0.0,9,2,22.2,0.56,0.12,0.0,0.0,47,42.4,79.0,6,16,16.0,7,1.52,27,25,2,0.12,-0.2,0,19,13,2,16,13,30,0,,,,,,,,,,,,,,,,,,
ENG-Premier League,2425.0,Brentford,yoane wissa,COD,FW,27.0,1996.0,35,34,2919,32.4,19,4,23,19,0,0,5,0,0.59,0.12,0.71,0.59,0.71,90,43,47.8,2.77,1.33,0.21,0.44,83,85.4,85.0,23,1,25.0,0,1.49,56,45,11,0.34,0.7,0,33,51,14,19,8,13,0,,,,,,,,,,,,,,,,Centre-Forward,28.0,32000000.0
ENG-Premier League,2425.0,Brentford,yunus emre konak,TUR,MF,18.0,2006.0,10,0,42,0.5,0,0,0,0,0,0,0,0,0.0,0.0,0.0,0.0,0.0,1,0,0.0,2.14,0.0,0.0,,4,1.2,,0,10,4.0,26,2.2,1,2,-1,-2.14,-2.41,0,3,1,0,0,0,2,0,,,,,,,,,,,,,,,,,,
ENG-Premier League,2425.0,Brighton,adam webster,ENG,DF,29.0,1995.0,14,11,887,9.9,0,0,0,0,0,0,1,0,0.0,0.0,0.0,0.0,0.0,5,1,20.0,0.51,0.1,0.0,0.0,63,25.9,77.0,8,3,14.0,7,2.29,26,11,15,1.52,1.81,0,7,2,1,2,20,7,0,,,,,,,,,,,,,,,,Centre-Back,30.0,11000000.0
ENG-Premier League,2425.0,Brighton,bart verbruggen,NED,GK,21.0,2002.0,36,36,3240,36.0,0,1,1,0,0,0,5,0,0.0,0.03,0.03,0.0,0.03,0,0,,0.0,0.0,,,90,94.7,90.0,36,0,,0,1.53,61,58,3,0.08,-1.92,0,0,2,0,0,0,0,0,58.0,1.61,140.0,89.0,58.6,14.0,13.0,9.0,7.0,19.4,9.0,9.0,0.0,0.0,0.0,Goalkeeper,22.0,30000000.0
ENG-Premier League,2425.0,Brighton,billy gilmour,SCO,MF,23.0,2001.0,2,1,98,1.1,0,0,0,0,0,0,0,0,0.0,0.0,0.0,0.0,0.0,1,0,0.0,0.92,0.0,0.0,,49,2.9,89.0,0,1,9.0,0,3.0,2,1,1,0.92,0.76,0,2,3,0,1,0,4,0,,,,,,,,,,,,,,,,Defensive Midfield,24.0,20000000.0
ENG-Premier League,2425.0,Brighton,brajan gruda,GER,"MF,FW",20.0,2004.0,21,8,687,7.6,1,4,5,1,0,0,0,0,0.13,0.52,0.66,0.13,0.66,11,5,45.5,1.44,0.66,0.09,0.2,33,20.1,64.0,0,13,14.0,7,1.38,14,15,-1,-0.13,-0.39,0,7,12,1,29,2,8,0,,,,,,,,,,,,,,,,Attacking Midfield,21.0,25000000.0
ENG-Premier League,2425.0,Brighton,carlos baleba,CMR,MF,20.0,2004.0,34,31,2661,29.6,3,1,4,3,0,0,8,1,0.1,0.03,0.14,0.1,0.14,44,11,25.0,1.49,0.37,0.07,0.27,78,77.8,83.0,15,3,27.0,2,1.68,55,39,16,0.54,1.61,1,39,47,0,9,49,44,0,,,,,,,,,,,,,,,,Defensive Midfield,21.0,40000000.0
ENG-Premier League,2425.0,Brighton,danny welbeck,ENG,FW,33.0,1990.0,30,24,2115,23.5,10,4,14,9,1,1,5,0,0.43,0.17,0.6,0.38,0.55,60,24,40.0,2.55,1.02,0.15,0.38,71,61.8,84.0,11,6,17.0,0,1.7,41,37,4,0.17,-0.04,0,11,23,4,3,5,16,0,,,,,,,,,,,,,,,,Centre-Forward,34.0,5000000.0
ENG-Premier League,2425.0,Brighton,diego gomez,PAR,MF,21.0,2003.0,16,4,516,5.7,1,0,1,1,0,0,0,0,0.17,0.0,0.17,0.17,0.17,9,3,33.3,1.57,0.52,0.11,0.33,32,15.1,72.0,0,12,19.0,1,1.88,16,13,3,0.52,0.4,0,8,3,1,11,7,13,0,,,,,,,,,,,,,,,,Central Midfield,22.0,14000000.0
ENG-Premier League,2425.0,Brighton,eiran cashin,IRL,DF,22.0,2001.0,2,0,20,0.2,0,0,0,0,0,0,0,0,0.0,0.0,0.0,0.0,0.0,0,0,,0.0,0.0,,,10,0.6,,0,2,10.0,9,0.0,0,2,-2,-9.0,-9.24,0,0,0,0,1,0,0,0,,,,,,,,,,,,,,,,Centre-Back,23.0,8000000.0
ENG-Premier League,2425.0,Brighton,evan ferguson,IRL,FW,19.0,2004.0,13,2,246,2.7,1,0,1,1,0,0,0,0,0.37,0.0,0.37,0.37,0.37,7,2,28.6,2.56,0.73,0.14,0.5,19,7.2,65.0,0,11,11.0,2,0.92,4,7,-3,-1.1,-1.38,0,3,1,0,0,0,3,0,,,,,,,,,,,,,,,,Centre-Forward,20.0,25000000.0
ENG-Premier League,2425.0,Brighton,ferdi kadioglu,TUR,"DF,MF",24.0,1999.0,6,5,385,4.3,1,0,1,1,0,0,1,0,0.23,0.0,0.23,0.23,0.23,4,1,25.0,0.94,0.23,0.25,1.0,64,11.3,72.0,1,1,23.0,1,1.33,5,8,-3,-0.7,-1.0,0,4,3,1,9,7,5,0,,,,,,,,,,,,,,,,,,
ENG-Premier League,2425.0,Brighton,georginio rutter,FRA,"MF,FW",22.0,2002.0,28,19,1656,18.4,5,3,8,5,0,0,2,0,0.27,0.16,0.43,0.27,0.43,50,12,24.0,2.72,0.65,0.1,0.42,59,48.4,76.0,3,9,24.0,0,1.57,32,29,3,0.16,-0.04,0,34,45,7,9,11,14,0,,,,,,,,,,,,,,,,Centre-Forward,23.0,32000000.0
ENG-Premier League,2425.0,Brighton,harry howell,ENG,MF,16.0,2008.0,1,0,7,0.1,0,0,0,0,0,0,0,0,0.0,0.0,0.0,0.0,0.0,0,0,,0.0,0.0,,,7,0.2,,0,1,7.0,4,3.0,1,0,1,12.86,12.7,0,0,0,0,0,0,1,0,,,,,,,,,,,,,,,,Attacking Midfield,17.0,
ENG-Premier League,2425.0,Brighton,igor,BRA,DF,26.0,1998.0,13,10,961,10.7,0,0,0,0,0,0,4,0,0.0,0.0,0.0,0.0,0.0,1,0,0.0,0.09,0.0,0.0,,74,28.1,84.0,8,3,39.0,10,1.54,17,17,0,0.0,-0.26,0,9,7,0,4,4,5,0,,,,,,,,,,,,,,,,,,
ENG-Premier League,2425.0,Brighton,jack hinshelwood,ENG,"MF,DF",19.0,2005.0,26,22,1842,20.5,5,2,7,5,0,0,5,0,0.24,0.1,0.34,0.24,0.34,18,10,55.6,0.88,0.49,0.28,0.5,71,53.9,82.0,12,4,11.0,0,1.73,39,30,9,0.44,0.55,0,18,9,0,28,11,19,0,,,,,,,,,,,,,,,,Defensive Midfield,20.0,24000000.0
ENG-Premier League,2425.0,Brighton,jakub moder,POL,MF,25.0,1999.0,4,0,11,0.1,0,0,0,0,0,0,0,0,0.0,0.0,0.0,0.0,0.0,0,0,,0.0,0.0,,,3,0.3,,0,4,3.0,9,1.75,0,0,0,0.0,-0.18,0,0,0,0,1,0,0,0,,,,,,,,,,,,,,,,Central Midfield,26.0,12000000.0
ENG-Premier League,2425.0,Brighton,james milner,ENG,MF,38.0,1986.0,4,3,170,1.9,0,0,0,0,0,0,1,0,0.0,0.0,0.0,0.0,0.0,2,1,50.0,1.06,0.53,0.0,0.0,43,5.0,56.0,0,1,1.0,0,2.5,3,1,2,1.06,0.92,0,3,1,0,8,2,2,0,,,,,,,,,,,,,,,,Central Midfield,39.0,1000000.0
ENG-Premier League,2425.0,Brighton,jan paul van hecke,NED,DF,24.0,2000.0,34,33,2958,32.9,1,1,2,1,0,0,8,1,0.03,0.03,0.06,0.03,0.06,17,5,29.4,0.52,0.15,0.06,0.2,87,86.5,89.0,30,1,9.0,0,1.59,55,46,9,0.27,0.66,1,25,24,0,11,25,29,0,,,,,,,,,,,,,,,,Centre-Back,25.0,32000000.0
ENG-Premier League,2425.0,Brighton,jason steele,ENG,GK,33.0,1990.0,2,2,180,2.0,0,0,0,0,0,0,0,0,0.0,0.0,0.0,0.0,0.0,0,0,,0.0,0.0,,,90,5.3,90.0,2,0,,24,3.0,5,1,4,2.0,1.92,0,0,1,0,0,0,0,0,1.0,0.5,4.0,3.0,75.0,2.0,0.0,0.0,1.0,50.0,0.0,0.0,0.0,0.0,,Goalkeeper,34.0,1500000.0
ENG-Premier League,2425.0,Brighton,jeremy sarmiento,ECU,MF,22.0,2002.0,1,0,9,0.1,0,0,0,0,0,0,0,0,0.0,0.0,0.0,0.0,0.0,0,0,,0.0,0.0,,,9,0.3,,0,1,9.0,0,3.0,1,0,1,10.0,9.84,0,0,0,0,0,0,0,0,,,,,,,,,,,,,,,,Left Winger,23.0,7000000.0
ENG-Premier League,2425.0,Brighton,joao pedro,BRA,"FW,MF",22.0,2001.0,27,23,1948,21.6,10,6,16,5,5,5,4,1,0.46,0.28,0.74,0.23,0.51,47,20,42.6,2.17,0.92,0.11,0.25,72,57.0,81.0,12,4,23.0,0,1.48,33,27,6,0.28,0.22,0,27,45,2,22,8,12,0,,,,,,,,,,,,,,,,Centre-Forward,23.0,50000000.0
ENG-Premier League,2425.0,Brighton,joel veltman,NED,DF,32.0,1992.0,21,19,1697,18.9,0,0,0,0,0,0,5,0,0.0,0.0,0.0,0.0,0.0,6,1,16.7,0.32,0.05,0.0,0.0,81,49.6,86.0,14,2,27.0,3,1.81,32,24,8,0.42,0.48,0,27,44,0,24,20,29,0,,,,,,,,,,,,,,,,Right-Back,33.0,4000000.0
ENG-Premier League,2425.0,Brighton,julio enciso,PAR,MF,20.0,2004.0,12,2,294,3.3,0,0,0,0,0,0,0,0,0.0,0.0,0.0,0.0,0.0,20,11,55.0,6.12,3.37,0.0,0.0,25,8.6,67.0,0,10,16.0,7,1.5,3,4,-1,-0.31,-0.54,0,3,7,0,20,0,0,0,,,,,,,,,,,,,,,,Attacking Midfield,21.0,22000000.0
ENG-Premier League,2425.0,Brighton,kaoru mitoma,JPN,MF,27.0,1997.0,36,28,2603,28.9,10,4,14,10,0,0,1,0,0.35,0.14,0.48,0.35,0.48,57,27,47.4,1.97,0.93,0.18,0.37,72,76.1,85.0,14,8,29.0,0,1.64,53,40,13,0.45,1.11,0,40,24,5,72,12,27,0,,,,,,,,,,,,,,,,Left Winger,28.0,40000000.0
ENG-Premier League,2425.0,Brighton,lewis dunk,ENG,DF,32.0,1991.0,25,23,2083,23.1,0,0,0,0,0,0,5,0,0.0,0.0,0.0,0.0,0.0,12,3,25.0,0.52,0.13,0.0,0.0,83,60.9,89.0,21,2,24.0,2,1.24,33,42,-9,-0.39,-1.47,0,7,11,2,5,12,11,1,,,,,,,,,,,,,,,,Centre-Back,33.0,6000000.0
ENG-Premier League,2425.0,Brighton,mats wieffer,NED,"DF,MF",24.0,1999.0,25,10,1015,11.3,1,3,4,1,0,0,6,0,0.09,0.27,0.35,0.09,0.35,9,4,44.4,0.8,0.35,0.11,0.25,41,29.7,79.0,5,15,15.0,3,1.6,25,22,3,0.27,0.12,0,23,10,1,14,16,34,0,,,,,,,,,,,,,,,,Right-Back,25.0,25000000.0
ENG-Premier League,2425.0,Brighton,matt o riley,DEN,MF,23.0,2000.0,21,11,938,10.4,2,2,4,1,1,1,1,0,0.19,0.19,0.38,0.1,0.29,22,7,31.8,2.11,0.67,0.05,0.14,45,27.4,68.0,0,10,19.0,3,1.48,17,20,-3,-0.29,-0.65,0,16,13,2,50,13,8,1,,,,,,,,,,,,,,,,Central Midfield,24.0,22000000.0
ENG-Premier League,2425.0,Brighton,pervis estupinan,ECU,DF,26.0,1998.0,30,26,2402,26.7,1,1,2,1,0,0,5,0,0.04,0.04,0.07,0.04,0.07,28,9,32.1,1.05,0.34,0.04,0.11,80,70.2,88.0,22,4,27.0,1,1.57,47,44,3,0.11,-0.24,0,36,20,3,119,39,44,0,,,,,,,,,,,,,,,,Left-Back,27.0,30000000.0
ENG-Premier League,2425.0,Brighton,simon adingra,CIV,MF,22.0,2002.0,29,12,1097,12.2,2,2,4,2,0,0,0,0,0.16,0.16,0.33,0.16,0.33,33,8,24.2,2.71,0.66,0.06,0.25,38,32.1,66.0,1,17,18.0,6,1.59,18,23,-5,-0.41,-0.88,0,13,4,4,42,9,16,0,,,,,,,,,,,,,,,,Left Winger,23.0,28000000.0
ENG-Premier League,2425.0,Brighton,solly march,ENG,MF,30.0,1994.0,8,1,168,1.9,0,0,0,0,0,0,2,0,0.0,0.0,0.0,0.0,0.0,2,0,0.0,1.07,0.0,0.0,,21,4.9,62.0,0,7,15.0,5,1.75,4,3,1,0.54,0.37,0,2,2,3,20,2,3,0,,,,,,,,,,,,,,,,Right Winger,30.0,6000000.0
ENG-Premier League,2425.0,Brighton,tariq lamptey,GHA,"DF,MF",23.0,2000.0,15,10,860,9.6,2,2,4,2,0,0,0,0,0.21,0.21,0.42,0.21,0.42,6,2,33.3,0.63,0.21,0.33,1.0,57,25.1,76.0,5,5,19.0,10,1.4,14,21,-7,-0.73,-1.22,0,15,10,0,28,7,11,0,,,,,,,,,,,,,,,,Right-Back,24.0,11000000.0
ENG-Premier League,2425.0,Brighton,yankuba minteh,GAM,MF,20.0,2004.0,32,20,1838,20.4,6,4,10,6,0,0,6,0,0.29,0.2,0.49,0.29,0.49,34,16,47.1,1.66,0.78,0.18,0.38,57,53.7,78.0,3,12,24.0,1,1.59,37,33,4,0.2,0.03,0,21,11,6,90,12,36,0,,,,,,,,,,,,,,,,Right Winger,20.0,30000000.0
ENG-Premier League,2425.0,Brighton,yasin ayari,SWE,MF,20.0,2003.0,34,22,1965,21.8,2,1,3,2,0,0,3,0,0.09,0.05,0.14,0.09,0.14,28,8,28.6,1.28,0.37,0.07,0.25,58,57.5,78.0,8,12,22.0,2,1.68,31,28,3,0.14,-0.11,0,36,26,3,70,20,32,0,,,,,,,,,,,,,,,,Central Midfield,21.0,22000000.0
ENG-Premier League,2425.0,Chelsea,axel disasi,FRA,DF,26.0,1998.0,6,4,364,4.0,1,0,1,1,0,0,1,0,0.25,0.0,0.25,0.25,0.25,2,1,50.0,0.49,0.25,0.5,1.0,61,10.6,79.0,2,2,24.0,9,2.17,5,3,2,0.49,-0.07,0,2,0,0,0,2,4,0,,,,,,,,,,,,,,,,Centre-Back,27.0,22000000.0
ENG-Premier League,2425.0,Chelsea,benoit badiashile,FRA,DF,23.0,2001.0,5,3,334,3.7,0,0,0,0,0,0,0,0,0.0,0.0,0.0,0.0,0.0,0,0,,0.0,0.0,,,67,9.8,88.0,2,2,35.0,17,1.8,7,5,2,0.54,-0.02,0,6,2,0,1,6,6,0,,,,,,,,,,,,,,,,Centre-Back,24.0,22000000.0
ENG-Premier League,2425.0,Chelsea,christopher nkunku,FRA,"MF,FW",26.0,1997.0,27,9,921,10.2,3,2,5,3,0,0,2,0,0.29,0.2,0.49,0.29,0.49,25,12,48.0,2.44,1.17,0.12,0.25,34,26.9,74.0,2,18,14.0,6,1.67,16,16,0,0.0,-0.76,0,16,11,3,6,7,8,0,,,,,,,,,,,,,,,,Centre-Forward,27.0,35000000.0
ENG-Premier League,2425.0,Chelsea,cole palmer,ENG,MF,22.0,2002.0,37,36,3191,35.5,15,8,23,11,4,5,7,0,0.42,0.23,0.65,0.31,0.54,126,51,40.5,3.55,1.44,0.09,0.22,86,93.3,88.0,26,1,32.0,0,1.86,63,41,22,0.62,1.01,0,15,60,7,145,10,18,0,,,,,,,,,,,,,,,,Attacking Midfield,23.0,120000000.0
ENG-Premier League,2425.0,Chelsea,enzo fernandez,ARG,MF,23.0,2001.0,36,32,2947,32.7,6,7,13,6,0,0,8,0,0.18,0.21,0.4,0.18,0.4,53,20,37.7,1.62,0.61,0.11,0.3,82,86.2,89.0,26,4,25.0,0,1.75,56,37,19,0.58,0.2,0,52,54,2,111,13,32,0,,,,,,,,,,,,,,,,Central Midfield,24.0,75000000.0
ENG-Premier League,2425.0,Chelsea,filip jrgensen,DEN,GK,22.0,2002.0,6,6,540,6.0,0,0,0,0,0,0,0,0,0.0,0.0,0.0,0.0,0.0,0,0,,0.0,0.0,,,90,15.8,90.0,6,0,,31,1.5,12,9,3,0.5,-0.06,0,1,1,0,0,0,0,0,9.0,1.5,29.0,20.0,69.0,3.0,0.0,3.0,1.0,16.7,1.0,1.0,0.0,0.0,0.0,Goalkeeper,23.0,18000000.0
ENG-Premier League,2425.0,Chelsea,jadon sancho,ENG,MF,24.0,2000.0,31,19,1764,19.6,3,4,7,3,0,0,2,0,0.15,0.2,0.36,0.15,0.36,24,8,33.3,1.22,0.41,0.13,0.38,57,51.6,76.0,7,12,27.0,1,1.84,35,24,11,0.56,0.02,0,6,11,6,24,2,7,0,,,,,,,,,,,,,,,,Left Winger,25.0,28000000.0
ENG-Premier League,2425.0,Chelsea,joshua acheampong,ENG,DF,18.0,2006.0,4,2,170,1.9,0,0,0,0,0,0,1,0,0.0,0.0,0.0,0.0,0.0,2,0,0.0,1.06,0.0,0.0,,43,5.0,80.0,1,2,5.0,19,2.0,2,3,-1,-0.53,-1.14,0,1,1,0,0,1,1,0,,,,,,,,,,,,,,,,,,
ENG-Premier League,2425.0,Chelsea,joao felix,POR,MF,24.0,1999.0,12,3,369,4.1,1,1,2,1,0,0,2,0,0.24,0.24,0.49,0.24,0.49,20,6,30.0,4.88,1.46,0.05,0.17,31,10.8,75.0,1,9,16.0,8,2.25,10,4,6,1.46,1.02,0,6,17,1,0,3,3,0,,,,,,,,,,,,,,,,Second Striker,25.0,20000000.0
ENG-Premier League,2425.0,Chelsea,kiernan dewsbury hall,ENG,MF,25.0,1998.0,13,2,264,2.9,0,1,1,0,0,0,0,0,0.0,0.34,0.34,0.0,0.34,1,0,0.0,0.34,0.0,0.0,,20,7.7,67.0,0,11,12.0,13,2.15,6,3,3,1.02,0.51,0,4,6,0,2,1,5,0,,,,,,,,,,,,,,,,Central Midfield,26.0,20000000.0
ENG-Premier League,2425.0,Chelsea,levi colwill,ENG,DF,21.0,2003.0,35,35,3149,35.0,2,1,3,2,0,0,9,0,0.06,0.03,0.09,0.06,0.09,17,4,23.5,0.49,0.11,0.12,0.5,90,92.1,90.0,34,0,,2,1.77,56,41,15,0.43,-1.56,0,46,21,4,12,32,35,0,,,,,,,,,,,,,,,,Centre-Back,22.0,55000000.0
ENG-Premier League,2425.0,Chelsea,malo gusto,FRA,DF,21.0,2003.0,32,19,1862,20.7,0,1,1,0,0,0,4,0,0.0,0.05,0.05,0.0,0.05,22,5,22.7,1.06,0.24,0.0,0.0,58,54.4,84.0,14,13,20.0,1,1.66,39,26,13,0.63,0.17,0,20,20,2,54,25,31,0,,,,,,,,,,,,,,,,Right-Back,22.0,35000000.0
ENG-Premier League,2425.0,Chelsea,marc cucurella,ESP,DF,26.0,1998.0,36,33,2988,33.2,5,1,6,5,0,0,10,1,0.15,0.03,0.18,0.15,0.18,24,12,50.0,0.72,0.36,0.21,0.42,83,87.4,88.0,27,3,24.0,0,1.89,60,38,22,0.66,0.87,1,37,38,3,29,26,46,0,,,,,,,,,,,,,,,,Left-Back,26.0,35000000.0
ENG-Premier League,2425.0,Chelsea,marc guiu,ESP,FW,18.0,2006.0,3,0,73,0.8,0,0,0,0,0,0,0,0,0.0,0.0,0.0,0.0,0.0,0,0,,0.0,0.0,,,24,2.1,,0,3,24.0,10,1.33,2,2,0,0.0,-0.56,0,0,0,0,0,0,1,0,,,,,,,,,,,,,,,,Centre-Forward,19.0,8000000.0
ENG-Premier League,2425.0,Chelsea,mathis amougou,FRA,MF,18.0,2006.0,1,0,8,0.1,0,0,0,0,0,0,0,0,0.0,0.0,0.0,0.0,0.0,0,0,,0.0,0.0,,,8,0.2,,0,1,8.0,3,3.0,0,0,0,0.0,-0.55,0,0,0,0,0,0,0,0,,,,,,,,,,,,,,,,Central Midfield,19.0,10000000.0
ENG-Premier League,2425.0,Chelsea,moises caicedo,ECU,"MF,DF",22.0,2001.0,38,38,3351,37.2,1,2,3,1,0,0,11,0,0.03,0.05,0.08,0.03,0.08,20,3,15.0,0.54,0.08,0.05,0.33,88,98.0,88.0,33,0,,0,1.82,62,42,20,0.54,-0.77,0,69,58,0,10,47,74,0,,,,,,,,,,,,,,,,Defensive Midfield,23.0,90000000.0
ENG-Premier League,2425.0,Chelsea,mykhailo mudryk,UKR,MF,23.0,2001.0,7,1,151,1.7,0,0,0,0,0,0,0,0,0.0,0.0,0.0,0.0,0.0,1,1,100.0,0.6,0.6,0.0,0.0,22,4.4,45.0,0,6,18.0,5,1.86,4,2,2,1.19,0.67,0,2,2,1,7,0,2,0,,,,,,,,,,,,,,,,,,
ENG-Premier League,2425.0,Chelsea,nicolas jackson,SEN,FW,23.0,2001.0,30,28,2220,24.7,10,5,15,10,0,0,7,1,0.41,0.2,0.61,0.41,0.61,76,35,46.1,3.08,1.42,0.13,0.29,74,64.9,76.0,5,2,41.0,1,1.8,42,23,19,0.77,0.62,0,35,29,23,3,3,11,0,,,,,,,,,,,,,,,,Centre-Forward,24.0,50000000.0
ENG-Premier League,2425.0,Chelsea,noni madueke,ENG,MF,22.0,2002.0,32,27,2033,22.6,7,3,10,7,0,0,3,0,0.31,0.13,0.44,0.31,0.44,80,32,40.0,3.54,1.42,0.09,0.22,64,59.4,73.0,6,5,14.0,1,1.97,38,28,10,0.44,-0.27,0,22,24,5,63,8,18,0,,,,,,,,,,,,,,,,Right Winger,23.0,40000000.0
ENG-Premier League,2425.0,Chelsea,pedro neto,POR,"MF,FW",24.0,2000.0,35,24,2269,25.2,4,6,10,4,0,0,8,0,0.16,0.24,0.4,0.16,0.4,59,17,28.8,2.34,0.67,0.07,0.24,65,66.3,82.0,15,11,27.0,1,1.71,40,25,15,0.59,0.13,0,21,33,3,149,8,10,0,,,,,,,,,,,,,,,,Right Winger,25.0,50000000.0
ENG-Premier League,2425.0,Chelsea,reece james,ENG,"DF,MF",24.0,1999.0,19,12,1063,11.8,1,1,2,1,0,0,1,0,0.08,0.08,0.17,0.08,0.17,11,3,27.3,0.93,0.25,0.09,0.33,56,31.1,76.0,5,7,22.0,4,1.63,13,14,-1,-0.08,-0.92,0,8,11,0,43,14,9,0,,,,,,,,,,,,,,,,Right-Back,25.0,30000000.0
ENG-Premier League,2425.0,Chelsea,renato veiga,POR,MF,21.0,2003.0,7,1,181,2.0,0,0,0,0,0,0,2,0,0.0,0.0,0.0,0.0,0.0,3,1,33.3,1.49,0.5,0.0,0.0,26,5.3,90.0,1,6,15.0,13,2.14,2,2,0,0.0,-0.58,0,6,1,1,0,1,6,0,,,,,,,,,,,,,,,,Centre-Back,21.0,25000000.0
ENG-Premier League,2425.0,Chelsea,robert sanchez,ESP,GK,26.0,1997.0,32,32,2880,32.0,0,0,0,0,0,0,5,0,0.0,0.0,0.0,0.0,0.0,0,0,,0.0,0.0,,,90,84.2,90.0,32,0,,6,1.88,52,34,18,0.56,0.06,0,2,4,0,0,2,0,0,34.0,1.06,128.0,94.0,73.4,17.0,9.0,6.0,10.0,31.3,5.0,4.0,1.0,0.0,20.0,Goalkeeper,27.0,20000000.0
ENG-Premier League,2425.0,Chelsea,romeo lavia,BEL,MF,20.0,2004.0,16,11,797,8.9,0,1,1,0,0,0,4,0,0.0,0.11,0.11,0.0,0.11,2,0,0.0,0.23,0.0,0.0,,50,23.3,66.0,0,5,14.0,4,1.88,11,11,0,0.0,-0.72,0,16,7,0,0,16,13,0,,,,,,,,,,,,,,,,Defensive Midfield,21.0,40000000.0
ENG-Premier League,2425.0,Chelsea,shumaira mheuka,ENG,FW,16.0,2007.0,1,0,1,0.0,0,0,0,0,0,0,0,0,0.0,0.0,0.0,0.0,0.0,1,1,100.0,90.0,90.0,0.0,0.0,1,0.0,,0,1,1.0,1,3.0,0,0,0,0.0,-0.55,0,0,0,0,0,0,0,0,,,,,,,,,,,,,,,,Centre-Forward,17.0,800000.0
ENG-Premier League,2425.0,Chelsea,tosin adarabioyo,ENG,DF,26.0,1997.0,22,15,1409,15.7,1,1,2,1,0,0,4,0,0.06,0.06,0.13,0.06,0.13,13,2,15.4,0.83,0.13,0.08,0.5,64,41.2,84.0,13,7,20.0,16,1.86,29,14,15,0.96,0.69,0,8,9,1,0,10,13,0,,,,,,,,,,,,,,,,Centre-Back,27.0,20000000.0
ENG-Premier League,2425.0,Chelsea,trevoh chalobah,ENG,DF,25.0,1999.0,13,11,910,10.1,0,1,1,0,0,0,2,0,0.0,0.1,0.1,0.0,0.1,7,3,42.9,0.69,0.3,0.0,0.0,70,26.6,81.0,9,2,10.0,3,1.77,13,12,1,0.1,-0.62,0,9,7,0,3,9,7,0,,,,,,,,,,,,,,,,Centre-Back,25.0,25000000.0
ENG-Premier League,2425.0,Chelsea,tyrique george,ENG,FW,18.0,2006.0,8,1,183,2.0,1,1,2,1,0,0,1,0,0.49,0.49,0.98,0.49,0.98,3,1,33.3,1.48,0.49,0.33,1.0,23,5.4,80.0,0,7,15.0,11,2.25,4,0,4,1.97,1.49,0,3,0,2,3,2,0,0,,,,,,,,,,,,,,,,Left Winger,19.0,10000000.0
ENG-Premier League,2425.0,Chelsea,wesley fofana,FRA,DF,23.0,2000.0,14,14,1172,13.0,0,0,0,0,0,0,7,0,0.0,0.0,0.0,0.0,0.0,3,0,0.0,0.23,0.0,0.0,,84,34.3,84.0,10,0,,1,2.0,25,13,12,0.92,0.56,0,24,16,0,1,12,11,0,,,,,,,,,,,,,,,,Centre-Back,24.0,25000000.0
ENG-Premier League,2425.0,Crystal Palace,adam wharton,ENG,MF,20.0,2004.0,20,16,1318,14.6,0,2,2,0,0,0,2,0,0.0,0.14,0.14,0.0,0.14,13,5,38.5,0.89,0.34,0.0,0.0,66,38.5,77.0,3,4,23.0,1,1.25,18,21,-3,-0.2,-0.33,0,12,21,0,39,19,16,0,,,,,,,,,,,,,,,,Defensive Midfield,21.0,45000000.0
ENG-Premier League,2425.0,Crystal Palace,asher agbinone,ENG,MF,18.0,2005.0,2,0,6,0.1,0,0,0,0,0,0,0,0,0.0,0.0,0.0,0.0,0.0,1,0,0.0,15.0,0.0,0.0,,3,0.2,,0,2,3.0,10,0.0,0,0,0,0.0,0.0,0,0,0,0,1,0,1,0,,,,,,,,,,,,,,,,Left Winger,19.0,75000.0
ENG-Premier League,2425.0,Crystal Palace,ben chilwell,ENG,MF,27.0,1996.0,8,1,259,2.9,1,0,1,1,0,0,1,0,0.35,0.0,0.35,0.35,0.35,5,3,60.0,1.74,1.04,0.2,0.33,32,7.6,90.0,1,7,24.0,4,2.0,6,4,2,0.69,0.75,0,2,3,2,7,6,6,0,,,,,,,,,,,,,,,,Left-Back,28.0,15000000.0
ENG-Premier League,2425.0,Crystal Palace,caleb kporha,ENG,DF,18.0,2006.0,2,0,13,0.1,0,0,0,0,0,0,0,0,0.0,0.0,0.0,0.0,0.0,0,0,,0.0,0.0,,,7,0.4,,0,2,7.0,25,0.0,0,1,-1,-6.92,-6.95,0,0,0,0,2,0,1,0,,,,,,,,,,,,,,,,Right-Back,18.0,1000000.0
ENG-Premier League,2425.0,Crystal Palace,chadi riad,MAR,DF,21.0,2003.0,1,1,90,1.0,0,0,0,0,0,0,0,0,0.0,0.0,0.0,0.0,0.0,0,0,,0.0,0.0,,,90,2.6,90.0,1,0,,5,0.0,0,2,-2,-2.0,-2.05,0,1,0,0,0,2,2,0,,,,,,,,,,,,,,,,Centre-Back,22.0,15000000.0
ENG-Premier League,2425.0,Crystal Palace,cheick doucoure,MLI,MF,24.0,2000.0,13,4,452,5.0,0,0,0,0,0,0,1,0,0.0,0.0,0.0,0.0,0.0,7,0,0.0,1.39,0.0,0.0,,35,13.2,55.0,0,9,26.0,4,1.38,5,7,-2,-0.4,-0.46,0,7,7,0,1,11,9,0,,,,,,,,,,,,,,,,Defensive Midfield,25.0,25000000.0
ENG-Premier League,2425.0,Crystal Palace,chris richards,USA,DF,24.0,2000.0,24,22,1922,21.4,1,0,1,1,0,0,4,1,0.05,0.0,0.05,0.05,0.05,12,6,50.0,0.56,0.28,0.08,0.17,80,56.2,87.0,18,2,6.0,5,1.54,30,31,-1,-0.05,-0.11,1,11,5,1,5,18,30,0,,,,,,,,,,,,,,,,Centre-Back,25.0,14000000.0
ENG-Premier League,2425.0,Crystal Palace,daichi kamada,JPN,MF,27.0,1996.0,34,15,1564,17.4,0,0,0,0,0,0,4,1,0.0,0.0,0.0,0.0,0.0,20,4,20.0,1.15,0.23,0.0,0.0,46,45.7,81.0,7,19,18.0,1,1.38,25,26,-1,-0.06,-0.11,0,28,21,2,32,18,29,0,,,,,,,,,,,,,,,,Attacking Midfield,28.0,12000000.0
ENG-Premier League,2425.0,Crystal Palace,daniel munoz,COL,MF,28.0,1996.0,37,37,3228,35.9,4,5,9,4,0,0,10,0,0.11,0.14,0.25,0.11,0.25,37,18,48.6,1.03,0.5,0.11,0.22,87,94.4,87.0,33,0,,0,1.43,48,46,2,0.06,0.99,0,56,19,15,74,43,77,0,,,,,,,,,,,,,,,,Right-Back,29.0,25000000.0
ENG-Premier League,2425.0,Crystal Palace,dean henderson,ENG,GK,27.0,1997.0,38,38,3420,38.0,0,0,0,0,0,0,3,0,0.0,0.0,0.0,0.0,0.0,1,0,0.0,0.03,0.0,0.0,,90,100.0,90.0,38,0,,0,1.39,51,51,0,0.0,,0,0,2,0,0,1,1,0,51.0,1.34,152.0,102.0,66.4,13.0,14.0,11.0,11.0,28.9,2.0,1.0,1.0,0.0,50.0,Goalkeeper,28.0,20000000.0
ENG-Premier League,2425.0,Crystal Palace,eberechi eze,ENG,MF,26.0,1998.0,34,31,2588,28.8,8,8,16,7,1,2,1,0,0.28,0.28,0.56,0.24,0.52,102,29,28.4,3.55,1.01,0.07,0.24,76,75.7,81.0,13,3,28.0,0,1.5,39,34,5,0.17,0.71,0,13,51,9,110,10,21,0,,,,,,,,,,,,,,,,Attacking Midfield,27.0,55000000.0
ENG-Premier League,2425.0,Crystal Palace,eddie nketiah,ENG,"FW,MF",25.0,1999.0,29,9,1034,11.5,3,1,4,3,0,0,6,1,0.26,0.09,0.35,0.26,0.35,43,16,37.2,3.74,1.39,0.07,0.19,36,30.2,77.0,2,20,17.0,2,1.52,15,17,-2,-0.17,-0.25,1,31,29,5,5,2,8,0,,,,,,,,,,,,,,,,Centre-Forward,26.0,18000000.0
ENG-Premier League,2425.0,Crystal Palace,ismaila sarr,SEN,MF,26.0,1998.0,38,30,2711,30.1,8,6,14,8,0,0,4,0,0.27,0.2,0.46,0.27,0.46,59,29,49.2,1.96,0.96,0.14,0.28,71,79.3,84.0,13,8,22.0,0,1.39,42,39,3,0.1,0.48,0,14,55,11,55,8,11,0,,,,,,,,,,,,,,,,Right Winger,27.0,25000000.0
ENG-Premier League,2425.0,Crystal Palace,jean philippe mateta,FRA,FW,27.0,1997.0,37,33,2648,29.4,14,2,16,12,2,2,2,0,0.48,0.07,0.54,0.41,0.48,69,33,47.8,2.35,1.12,0.17,0.36,72,77.4,78.0,17,4,19.0,0,1.35,43,37,6,0.2,0.9,0,27,29,22,26,2,12,0,,,,,,,,,,,,,,,,Centre-Forward,28.0,30000000.0
ENG-Premier League,2425.0,Crystal Palace,jefferson lerma,COL,"MF,DF",29.0,1994.0,33,26,2274,25.3,0,1,1,0,0,0,9,0,0.0,0.04,0.04,0.0,0.04,26,8,30.8,1.03,0.32,0.0,0.0,69,66.5,79.0,18,7,31.0,1,1.42,35,36,-1,-0.04,-0.12,0,35,39,0,12,41,19,0,,,,,,,,,,,,,,,,Defensive Midfield,30.0,10000000.0
ENG-Premier League,2425.0,Crystal Palace,jeffrey schlupp,GHA,"DF,FW",31.0,1992.0,12,0,103,1.1,0,0,0,0,0,0,0,0,0.0,0.0,0.0,0.0,0.0,4,2,50.0,3.5,1.75,0.0,0.0,9,3.0,,0,12,9.0,12,0.75,2,3,-1,-0.87,-0.9,0,1,0,0,4,0,0,0,,,,,,,,,,,,,,,,Left Midfield,32.0,3000000.0
ENG-Premier League,2425.0,Crystal Palace,joachim andersen,DEN,DF,28.0,1996.0,1,1,90,1.0,0,0,0,0,0,0,1,0,0.0,0.0,0.0,0.0,0.0,1,1,100.0,1.0,1.0,0.0,0.0,90,2.6,90.0,1,0,,0,0.0,1,2,-1,-1.0,-1.03,0,2,0,0,1,0,1,0,,,,,,,,,,,,,,,,Centre-Back,29.0,27000000.0
ENG-Premier League,2425.0,Crystal Palace,joel ward,ENG,DF,34.0,1989.0,2,1,71,0.8,0,0,0,0,0,0,1,0,0.0,0.0,0.0,0.0,0.0,0,0,,0.0,0.0,,,36,2.1,70.0,0,1,1.0,18,3.0,3,2,1,1.27,1.29,0,4,0,0,0,0,0,0,,,,,,,,,,,,,,,,Right-Back,35.0,500000.0
ENG-Premier League,2425.0,Crystal Palace,jordan ayew,GHA,"FW,MF",32.0,1991.0,1,0,21,0.2,0,0,0,0,0,0,1,0,0.0,0.0,0.0,0.0,0.0,1,0,0.0,4.29,0.0,0.0,,21,0.6,,0,1,21.0,0,0.0,0,1,-1,-4.29,-4.31,0,1,0,0,1,0,0,0,,,,,,,,,,,,,,,,Centre-Forward,33.0,2500000.0
ENG-Premier League,2425.0,Crystal Palace,justin devenny,NIR,MF,20.0,2003.0,23,4,507,5.6,1,1,2,1,0,0,1,0,0.18,0.18,0.36,0.18,0.36,10,6,60.0,1.78,1.07,0.1,0.17,22,14.8,68.0,0,19,12.0,7,1.65,8,8,0,0.0,0.0,0,9,0,1,18,0,11,0,,,,,,,,,,,,,,,,Attacking Midfield,21.0,6000000.0
ENG-Premier League,2425.0,Crystal Palace,marc guehi,ENG,DF,24.0,2000.0,34,34,3059,34.0,3,2,5,3,0,0,9,1,0.09,0.06,0.15,0.09,0.15,15,7,46.7,0.44,0.21,0.2,0.43,90,89.4,90.0,33,0,,0,1.35,42,42,0,0.0,0.0,1,23,27,1,13,29,32,3,,,,,,,,,,,,,,,,Centre-Back,24.0,45000000.0
ENG-Premier League,2425.0,Crystal Palace,matheus franca,BRA,FW,20.0,2004.0,4,0,55,0.6,1,0,1,1,0,0,0,0,1.64,0.0,1.64,1.64,1.64,6,3,50.0,9.82,4.91,0.17,0.33,14,1.6,,0,4,14.0,7,1.25,2,0,2,3.27,3.33,0,0,0,0,1,1,0,0,,,,,,,,,,,,,,,,Attacking Midfield,21.0,10000000.0
ENG-Premier League,2425.0,Crystal Palace,maxence lacroix,FRA,DF,24.0,2000.0,35,35,3116,34.6,1,1,2,1,0,0,5,0,0.03,0.03,0.06,0.03,0.06,30,6,20.0,0.87,0.17,0.03,0.17,89,91.1,89.0,32,0,,0,1.49,49,45,4,0.12,1.3,0,34,19,1,7,54,42,0,,,,,,,,,,,,,,,,Centre-Back,25.0,25000000.0
ENG-Premier League,2425.0,Crystal Palace,nathaniel clyne,ENG,"DF,MF",33.0,1991.0,13,5,483,5.4,0,0,0,0,0,0,1,0,0.0,0.0,0.0,0.0,0.0,2,0,0.0,0.37,0.0,0.0,,37,14.1,70.0,1,8,16.0,24,1.31,4,11,-7,-1.3,-1.52,0,2,2,0,7,3,8,0,,,,,,,,,,,,,,,,Right-Back,34.0,1000000.0
ENG-Premier League,2425.0,Crystal Palace,odsonne edouard,FRA,MF,26.0,1998.0,2,1,115,1.3,0,0,0,0,0,0,0,0,0.0,0.0,0.0,0.0,0.0,5,1,20.0,3.91,0.78,0.0,0.0,58,3.4,70.0,0,1,45.0,0,0.0,1,2,-1,-0.78,-0.81,0,4,0,2,1,0,0,0,,,,,,,,,,,,,,,,Centre-Forward,27.0,8000000.0
ENG-Premier League,2425.0,Crystal Palace,romain esse,ENG,MF,19.0,2005.0,7,1,138,1.5,1,1,2,1,0,0,0,0,0.65,0.65,1.3,0.65,1.3,1,1,100.0,0.65,0.65,1.0,1.0,20,4.0,80.0,0,6,10.0,8,1.57,5,3,2,1.3,1.36,0,2,3,0,0,1,5,0,,,,,,,,,,,,,,,,Right Winger,20.0,12000000.0
ENG-Premier League,2425.0,Crystal Palace,trevoh chalobah,ENG,DF,25.0,1999.0,12,12,1060,11.8,3,0,3,3,0,0,1,0,0.25,0.0,0.25,0.25,0.25,11,4,36.4,0.93,0.34,0.27,0.75,88,31.0,88.0,9,0,,2,1.42,13,13,0,0.0,0.0,0,10,15,1,7,20,15,0,,,,,,,,,,,,,,,,Centre-Back,25.0,25000000.0
ENG-Premier League,2425.0,Crystal Palace,tyrick mitchell,ENG,MF,24.0,1999.0,37,37,3092,34.4,0,5,5,0,0,0,2,0,0.0,0.15,0.15,0.0,0.15,12,3,25.0,0.35,0.09,0.0,0.0,84,90.4,84.0,25,0,,1,1.35,43,46,-3,-0.09,-0.91,0,23,25,2,107,21,53,0,,,,,,,,,,,,,,,,Left-Back,25.0,25000000.0
ENG-Premier League,2425.0,Crystal Palace,will hughes,ENG,MF,29.0,1995.0,33,24,2108,23.4,0,3,3,0,0,0,11,0,0.0,0.13,0.13,0.0,0.13,22,1,4.5,0.94,0.04,0.0,0.0,64,61.6,76.0,3,9,32.0,0,1.45,31,30,1,0.04,0.11,0,65,31,0,70,21,36,0,,,,,,,,,,,,,,,,Central Midfield,30.0,7000000.0
ENG-Premier League,2425.0,Everton,abdoulaye doucoure,MLI,MF,31.0,1993.0,33,31,2564,28.5,3,2,5,3,0,0,5,1,0.11,0.07,0.18,0.11,0.18,31,10,32.3,1.09,0.35,0.1,0.3,78,75.0,82.0,16,2,12.0,1,1.3,27,33,-6,-0.21,-0.63,1,49,5,10,23,11,28,0,,,,,,,,,,,,,,,,Attacking Midfield,32.0,7000000.0
ENG-Premier League,2425.0,Everton,armando broja,ALB,FW,22.0,2001.0,10,4,334,3.7,0,0,0,0,0,0,1,0,0.0,0.0,0.0,0.0,0.0,4,0,0.0,1.08,0.0,0.0,,33,9.8,58.0,0,6,17.0,3,1.0,1,2,-1,-0.27,-0.24,0,6,4,3,1,1,1,0,,,,,,,,,,,,,,,,Centre-Forward,23.0,12000000.0
ENG-Premier League,2425.0,Everton,ashley young,ENG,DF,39.0,1985.0,32,19,1875,20.8,1,3,4,1,0,0,7,1,0.05,0.14,0.19,0.05,0.19,6,3,50.0,0.29,0.14,0.17,0.33,59,54.8,85.0,14,13,20.0,4,1.34,21,22,-1,-0.05,0.01,0,30,22,0,75,26,36,0,,,,,,,,,,,,,,,,Right-Back,39.0,500000.0
ENG-Premier League,2425.0,Everton,beto,GNB,FW,26.0,1998.0,30,15,1534,17.0,8,0,8,8,0,0,2,0,0.47,0.0,0.47,0.47,0.47,49,23,46.9,2.87,1.35,0.16,0.35,51,44.9,82.0,6,15,20.0,8,1.07,23,24,-1,-0.06,-0.01,0,33,23,16,4,4,7,0,,,,,,,,,,,,,,,,Centre-Forward,27.0,22000000.0
ENG-Premier League,2425.0,Everton,carlos alcaraz,ARG,MF,21.0,2002.0,15,7,764,8.5,2,3,5,2,0,0,4,0,0.24,0.35,0.59,0.24,0.59,26,11,42.3,3.06,1.3,0.08,0.18,51,22.3,84.0,2,8,22.0,0,1.47,12,9,3,0.35,0.52,0,13,12,1,11,5,4,0,,,,,,,,,,,,,,,,Central Midfield,22.0,14000000.0
ENG-Premier League,2425.0,Everton,dominic calvert lewin,ENG,FW,27.0,1997.0,26,19,1609,17.9,3,1,4,3,0,0,2,0,0.17,0.06,0.22,0.17,0.22,50,20,40.0,2.8,1.12,0.06,0.15,62,47.0,77.0,8,7,20.0,0,1.27,17,18,-1,-0.06,-0.01,0,27,23,27,6,7,7,0,,,,,,,,,,,,,,,,Centre-Forward,28.0,16000000.0
ENG-Premier League,2425.0,Everton,dwight mcneil,ENG,MF,24.0,1999.0,21,15,1371,15.2,4,6,10,4,0,0,1,0,0.26,0.39,0.66,0.26,0.66,24,10,41.7,1.58,0.66,0.17,0.4,65,40.1,85.0,10,6,15.0,0,1.29,20,24,-4,-0.26,-0.35,0,6,18,1,104,6,8,0,,,,,,,,,,,,,,,,Left Winger,25.0,25000000.0
ENG-Premier League,2425.0,Everton,harrison armstrong,ENG,MF,17.0,2007.0,3,0,48,0.5,0,0,0,0,0,0,1,0,0.0,0.0,0.0,0.0,0.0,1,0,0.0,1.87,0.0,0.0,,16,1.4,,0,3,16.0,20,1.0,0,1,-1,-1.87,-1.85,0,2,2,0,1,0,0,0,,,,,,,,,,,,,,,,Central Midfield,18.0,800000.0
ENG-Premier League,2425.0,Everton,idrissa gueye,SEN,MF,34.0,1989.0,37,35,3063,34.0,0,3,3,0,0,0,9,0,0.0,0.09,0.09,0.0,0.09,27,5,18.5,0.79,0.15,0.0,0.0,83,89.6,86.0,25,2,21.0,0,1.27,37,39,-2,-0.06,-0.06,0,55,46,0,7,46,76,0,,,,,,,,,,,,,,,,Defensive Midfield,35.0,1500000.0
ENG-Premier League,2425.0,Everton,iliman ndiaye,SEN,"MF,FW",24.0,2000.0,33,29,2430,27.0,9,0,9,7,2,2,3,0,0.33,0.0,0.33,0.26,0.26,37,17,45.9,1.37,0.63,0.19,0.41,74,71.1,80.0,14,4,29.0,0,1.24,32,24,8,0.3,1.21,0,24,52,5,37,19,27,0,,,,,,,,,,,,,,,,Right Winger,25.0,22000000.0
ENG-Premier League,2425.0,Everton,jack harrison,ENG,"MF,FW",27.0,1996.0,34,24,2076,23.1,1,0,1,1,0,0,0,0,0.04,0.0,0.04,0.04,0.04,29,7,24.1,1.26,0.3,0.03,0.14,61,60.7,76.0,8,10,26.0,4,1.21,20,27,-7,-0.3,-0.64,0,13,28,4,131,9,23,0,,,,,,,,,,,,,,,,Left Winger,28.0,14000000.0
ENG-Premier League,2425.0,Everton,jake o brien,IRL,DF,23.0,2001.0,20,17,1571,17.5,2,0,2,2,0,0,5,0,0.11,0.0,0.11,0.11,0.11,6,3,50.0,0.34,0.17,0.33,0.67,79,45.9,90.0,16,3,15.0,17,1.4,24,17,7,0.4,0.84,0,13,4,3,18,4,17,0,,,,,,,,,,,,,,,,Right-Back,24.0,18000000.0
ENG-Premier League,2425.0,Everton,james garner,ENG,"MF,DF",23.0,2001.0,21,17,1594,17.7,0,1,1,0,0,0,5,0,0.0,0.06,0.06,0.0,0.06,12,4,33.3,0.68,0.23,0.0,0.0,76,46.6,87.0,11,4,28.0,1,1.57,21,19,2,0.11,0.31,0,20,15,0,55,20,32,0,,,,,,,,,,,,,,,,Defensive Midfield,24.0,18000000.0
ENG-Premier League,2425.0,Everton,james tarkowski,ENG,DF,31.0,1992.0,33,33,2922,32.5,1,1,2,1,0,0,6,0,0.03,0.03,0.06,0.03,0.06,15,4,26.7,0.46,0.12,0.07,0.25,89,85.4,89.0,31,0,,0,1.15,34,38,-4,-0.12,-0.48,0,35,29,1,1,37,40,0,,,,,,,,,,,,,,,,Centre-Back,32.0,9000000.0
ENG-Premier League,2425.0,Everton,jarrad branthwaite,ENG,DF,22.0,2002.0,30,28,2511,27.9,0,1,1,0,0,0,4,0,0.0,0.04,0.04,0.0,0.04,10,3,30.0,0.36,0.11,0.0,0.0,84,73.4,89.0,27,2,4.0,0,1.33,34,28,6,0.22,1.01,0,12,18,2,6,24,21,0,,,,,,,,,,,,,,,,Centre-Back,23.0,50000000.0
ENG-Premier League,2425.0,Everton,jesper lindstrm,DEN,MF,24.0,2000.0,25,15,1239,13.8,0,1,1,0,0,0,2,0,0.0,0.07,0.07,0.0,0.07,28,10,35.7,2.03,0.73,0.0,0.0,50,36.2,67.0,1,10,23.0,3,1.2,15,14,1,0.07,0.2,0,15,10,1,72,13,24,0,,,,,,,,,,,,,,,,Right Winger,25.0,18000000.0
ENG-Premier League,2425.0,Everton,jordan pickford,ENG,GK,30.0,1994.0,38,38,3420,38.0,0,1,1,0,0,0,7,0,0.0,0.03,0.03,0.0,0.03,0,0,,0.0,0.0,,,90,100.0,90.0,38,0,,0,1.26,42,44,-2,-0.05,,0,0,7,0,0,1,1,0,44.0,1.16,163.0,119.0,73.0,11.0,15.0,12.0,12.0,31.6,2.0,0.0,2.0,0.0,100.0,Goalkeeper,31.0,18000000.0
ENG-Premier League,2425.0,Everton,mason holgate,JAM,DF,27.0,1996.0,1,0,6,0.1,0,0,0,0,0,0,0,0,0.0,0.0,0.0,0.0,0.0,0,0,,0.0,0.0,,,6,0.2,,0,1,6.0,1,0.0,0,1,-1,-15.0,-14.97,0,0,0,0,0,0,0,0,,,,,,,,,,,,,,,,Centre-Back,28.0,4000000.0
ENG-Premier League,2425.0,Everton,michael keane,ENG,DF,31.0,1993.0,14,11,1049,11.7,3,0,3,3,0,0,5,0,0.26,0.0,0.26,0.26,0.26,10,4,40.0,0.86,0.34,0.3,0.75,75,30.7,90.0,11,3,20.0,22,1.29,12,20,-8,-0.69,-0.91,0,9,0,0,1,13,10,0,,,,,,,,,,,,,,,,Centre-Back,32.0,5000000.0
ENG-Premier League,2425.0,Everton,nathan patterson,SCO,DF,22.0,2001.0,10,3,347,3.9,0,1,1,0,0,0,1,0,0.0,0.26,0.26,0.0,0.26,1,0,0.0,0.26,0.0,0.0,,35,10.1,73.0,0,7,18.0,18,1.2,4,6,-2,-0.52,-0.52,0,5,1,0,14,2,6,0,,,,,,,,,,,,,,,,Right-Back,23.0,15000000.0
ENG-Premier League,2425.0,Everton,orel mangala,BEL,MF,26.0,1998.0,19,14,1261,14.0,1,0,1,1,0,0,2,0,0.07,0.0,0.07,0.07,0.07,16,6,37.5,1.14,0.43,0.06,0.17,66,36.9,84.0,10,5,18.0,0,1.21,13,10,3,0.21,0.42,0,24,17,2,6,21,8,0,,,,,,,,,,,,,,,,Defensive Midfield,27.0,18000000.0
ENG-Premier League,2425.0,Everton,roman dixon,ENG,DF,19.0,2004.0,1,1,90,1.0,0,0,0,0,0,0,0,0,0.0,0.0,0.0,0.0,0.0,0,0,,0.0,0.0,,,90,2.6,90.0,1,0,,7,0.0,0,4,-4,-4.0,-4.05,0,0,0,0,0,1,5,0,,,,,,,,,,,,,,,,Right-Back,20.0,200000.0
ENG-Premier League,2425.0,Everton,seamus coleman,IRL,DF,35.0,1988.0,5,3,215,2.4,0,0,0,0,0,0,1,0,0.0,0.0,0.0,0.0,0.0,1,1,100.0,0.42,0.42,0.0,0.0,43,6.3,65.0,1,2,10.0,13,1.6,4,4,0,0.0,0.06,0,0,1,0,4,1,2,0,,,,,,,,,,,,,,,,Right-Back,36.0,500000.0
ENG-Premier League,2425.0,Everton,tim iroegbunam,ENG,MF,21.0,2003.0,18,5,574,6.4,0,1,1,0,0,0,4,0,0.0,0.16,0.16,0.0,0.16,5,0,0.0,0.78,0.0,0.0,,32,16.8,83.0,3,13,12.0,4,1.0,9,16,-7,-1.1,-1.26,0,15,12,0,1,14,13,0,,,,,,,,,,,,,,,,Central Midfield,22.0,9000000.0
ENG-Premier League,2425.0,Everton,vitaliy mykolenko,UKR,DF,25.0,1999.0,35,35,3082,34.2,1,2,3,1,0,0,4,0,0.03,0.06,0.09,0.03,0.09,14,1,7.1,0.41,0.03,0.07,1.0,88,90.1,88.0,33,0,,0,1.29,38,39,-1,-0.03,0.24,0,22,34,3,100,42,38,0,,,,,,,,,,,,,,,,Left-Back,26.0,28000000.0
ENG-Premier League,2425.0,Everton,youssef chermiti,POR,FW,20.0,2004.0,4,0,45,0.5,0,0,0,0,0,0,1,0,0.0,0.0,0.0,0.0,0.0,3,1,33.3,6.0,2.0,0.0,0.0,11,1.3,,0,4,11.0,10,0.5,1,0,1,2.0,2.08,0,1,1,2,1,0,0,0,,,,,,,,,,,,,,,,Centre-Forward,21.0,8000000.0
ENG-Premier League,2425.0,Fulham,adama traore,ESP,MF,28.0,1996.0,36,18,1772,19.7,2,7,9,2,0,0,3,0,0.1,0.36,0.46,0.1,0.46,39,12,30.8,1.98,0.61,0.05,0.17,49,51.8,76.0,4,18,23.0,1,1.47,32,28,4,0.2,0.42,0,24,32,1,100,1,13,0,,,,,,,,,,,,,,,,Right Winger,29.0,9000000.0
ENG-Premier League,2425.0,Fulham,alex iwobi,NGA,MF,28.0,1996.0,38,35,2981,33.1,9,6,15,9,0,0,1,0,0.27,0.18,0.45,0.27,0.45,68,29,42.6,2.05,0.88,0.13,0.31,78,87.2,83.0,14,3,26.0,0,1.42,40,45,-5,-0.15,-1.18,0,19,18,5,127,13,26,0,,,,,,,,,,,,,,,,Left Winger,29.0,28000000.0
ENG-Premier League,2425.0,Fulham,andreas pereira,BRA,MF,28.0,1996.0,33,25,2013,22.4,2,4,6,2,0,1,7,0,0.09,0.18,0.27,0.09,0.27,39,9,23.1,1.74,0.4,0.05,0.22,61,58.9,74.0,3,8,22.0,2,1.39,32,32,0,0.0,0.0,0,29,24,1,173,9,12,0,,,,,,,,,,,,,,,,Central Midfield,29.0,18000000.0
ENG-Premier League,2425.0,Fulham,antonee robinson,USA,"DF,MF",26.0,1997.0,36,35,3167,35.2,0,10,10,0,0,0,8,0,0.0,0.28,0.28,0.0,0.28,16,2,12.5,0.45,0.06,0.0,0.0,88,92.6,90.0,34,1,19.0,0,1.42,49,49,0,0.0,0.0,0,31,20,7,172,57,57,0,,,,,,,,,,,,,,,,Left-Back,27.0,35000000.0
ENG-Premier League,2425.0,Fulham,bernd leno,GER,GK,32.0,1992.0,38,38,3420,38.0,0,1,1,0,0,0,5,0,0.0,0.03,0.03,0.0,0.03,0,0,,0.0,0.0,,,90,100.0,90.0,38,0,,0,1.42,54,54,0,0.0,,0,0,4,0,0,0,2,0,54.0,1.42,158.0,107.0,65.8,15.0,9.0,14.0,5.0,13.2,4.0,3.0,1.0,0.0,25.0,Goalkeeper,33.0,10000000.0
ENG-Premier League,2425.0,Fulham,calvin bassey,NGA,DF,24.0,1999.0,35,34,3074,34.2,1,0,1,1,0,0,7,0,0.03,0.0,0.03,0.03,0.03,14,4,28.6,0.41,0.12,0.07,0.25,88,89.9,90.0,34,1,14.0,2,1.51,49,47,2,0.06,0.58,0,26,31,2,9,19,33,0,,,,,,,,,,,,,,,,Centre-Back,25.0,25000000.0
ENG-Premier League,2425.0,Fulham,carlos vinicius,BRA,FW,29.0,1995.0,3,0,16,0.2,0,0,0,0,0,0,0,0,0.0,0.0,0.0,0.0,0.0,1,1,100.0,5.63,5.63,0.0,0.0,5,0.5,,0,3,5.0,8,1.33,1,1,0,0.0,0.0,0,0,2,0,0,0,0,0,,,,,,,,,,,,,,,,Centre-Forward,30.0,3500000.0
ENG-Premier League,2425.0,Fulham,emile smith rowe,ENG,MF,24.0,2000.0,34,25,2043,22.7,6,3,9,6,0,0,3,0,0.26,0.13,0.4,0.26,0.4,37,11,29.7,1.63,0.48,0.16,0.55,60,59.7,73.0,0,9,24.0,0,1.38,29,28,1,0.04,0.11,0,19,15,4,16,11,18,0,,,,,,,,,,,,,,,,Attacking Midfield,24.0,30000000.0
ENG-Premier League,2425.0,Fulham,harrison reed,ENG,MF,29.0,1995.0,12,0,108,1.2,0,0,0,0,0,0,2,0,0.0,0.0,0.0,0.0,0.0,3,2,66.7,2.5,1.67,0.0,0.0,9,3.2,,0,12,9.0,14,1.75,1,3,-2,-1.67,-1.72,0,6,2,0,6,1,2,0,,,,,,,,,,,,,,,,Central Midfield,30.0,6000000.0
ENG-Premier League,2425.0,Fulham,harry wilson,WAL,"MF,FW",27.0,1997.0,25,12,1162,12.9,6,1,7,6,0,0,2,0,0.46,0.08,0.54,0.46,0.54,43,17,39.5,3.33,1.32,0.14,0.35,46,34.0,77.0,1,13,18.0,3,1.28,23,21,2,0.15,0.23,0,12,22,1,41,6,15,0,,,,,,,,,,,,,,,,Right Winger,28.0,15000000.0
ENG-Premier League,2425.0,Fulham,issa diop,MAR,DF,27.0,1997.0,21,15,1339,14.9,0,0,0,0,0,0,2,0,0.0,0.0,0.0,0.0,0.0,5,2,40.0,0.34,0.13,0.0,0.0,64,39.2,86.0,13,6,8.0,9,1.52,19,19,0,0.0,0.0,0,10,4,0,1,9,12,1,,,,,,,,,,,,,,,,Centre-Back,28.0,14000000.0
ENG-Premier League,2425.0,Fulham,jay stansfield,ENG,"FW,MF",21.0,2002.0,1,0,1,0.0,0,0,0,0,0,0,0,0,0.0,0.0,0.0,0.0,0.0,0,0,,0.0,0.0,,,1,0.0,,0,1,1.0,1,0.0,0,0,0,0.0,0.0,0,1,0,0,0,0,0,0,,,,,,,,,,,,,,,,Centre-Forward,22.0,11000000.0
ENG-Premier League,2425.0,Fulham,joachim andersen,DEN,DF,28.0,1996.0,29,29,2583,28.7,0,0,0,0,0,0,6,1,0.0,0.0,0.0,0.0,0.0,19,5,26.3,0.66,0.17,0.0,0.0,89,75.5,89.0,28,0,,2,1.45,43,44,-1,-0.03,-0.14,0,18,19,0,12,33,16,1,,,,,,,,,,,,,,,,Centre-Back,29.0,27000000.0
ENG-Premier League,2425.0,Fulham,jorge cuenca,ESP,DF,24.0,1999.0,8,4,351,3.9,0,0,0,0,0,0,0,0,0.0,0.0,0.0,0.0,0.0,1,0,0.0,0.26,0.0,0.0,,44,10.3,87.0,3,4,1.0,18,1.5,5,8,-3,-0.77,-0.86,0,2,2,0,1,2,2,0,,,,,,,,,,,,,,,,Centre-Back,25.0,5000000.0
ENG-Premier League,2425.0,Fulham,joshua king,ENG,MF,17.0,2007.0,8,1,130,1.4,0,0,0,0,0,0,0,0,0.0,0.0,0.0,0.0,0.0,3,0,0.0,2.08,0.0,0.0,,16,3.8,61.0,0,7,10.0,15,1.38,3,0,3,2.08,2.16,0,3,2,0,2,1,5,0,,,,,,,,,,,,,,,,,,
ENG-Premier League,2425.0,Fulham,kenny tete,NED,DF,28.0,1995.0,22,21,1774,19.7,0,2,2,0,0,0,5,0,0.0,0.1,0.1,0.0,0.1,24,2,8.3,1.22,0.1,0.0,0.0,81,51.9,84.0,15,1,9.0,2,1.36,24,26,-2,-0.1,-0.21,0,35,16,1,38,30,38,0,,,,,,,,,,,,,,,,Right-Back,29.0,13000000.0
ENG-Premier League,2425.0,Fulham,martial godo,CIV,"FW,MF",21.0,2003.0,2,0,24,0.3,0,0,0,0,0,0,0,0,0.0,0.0,0.0,0.0,0.0,0,0,,0.0,0.0,,,12,0.7,,0,2,12.0,7,0.5,0,0,0,0.0,0.0,0,1,0,0,1,1,0,0,,,,,,,,,,,,,,,,Left Winger,22.0,600000.0
ENG-Premier League,2425.0,Fulham,raul jimenez,MEX,FW,33.0,1991.0,38,30,2494,27.7,12,3,15,9,3,3,4,0,0.43,0.11,0.54,0.32,0.43,96,33,34.4,3.46,1.19,0.09,0.27,66,72.9,78.0,9,8,18.0,0,1.42,31,37,-6,-0.22,-0.8,0,39,41,15,22,11,24,0,,,,,,,,,,,,,,,,Centre-Forward,34.0,5000000.0
ENG-Premier League,2425.0,Fulham,reiss nelson,ENG,MF,24.0,1999.0,11,5,487,5.4,1,1,2,1,0,0,1,0,0.18,0.18,0.37,0.18,0.37,12,6,50.0,2.22,1.11,0.08,0.17,44,14.2,73.0,0,6,21.0,0,1.64,5,9,-4,-0.74,-0.86,0,6,9,1,25,5,5,0,,,,,,,,,,,,,,,,Left Winger,25.0,16000000.0
ENG-Premier League,2425.0,Fulham,rodrigo muniz,BRA,FW,23.0,2001.0,31,8,964,10.7,8,1,9,8,0,0,1,0,0.75,0.09,0.84,0.75,0.84,40,19,47.5,3.73,1.77,0.2,0.42,31,28.2,72.0,0,23,17.0,1,1.55,25,17,8,0.75,1.04,0,11,31,3,1,4,6,0,,,,,,,,,,,,,,,,Centre-Forward,24.0,20000000.0
ENG-Premier League,2425.0,Fulham,ryan sessegnon,ENG,"MF,DF",24.0,2000.0,16,7,580,6.4,4,2,6,4,0,0,1,0,0.62,0.31,0.93,0.62,0.93,14,8,57.1,2.17,1.24,0.29,0.5,36,17.0,73.0,1,9,7.0,16,1.56,13,10,3,0.47,0.56,0,20,4,1,15,4,12,0,,,,,,,,,,,,,,,,Left-Back,25.0,15000000.0
ENG-Premier League,2425.0,Fulham,sander berge,NOR,MF,26.0,1998.0,31,26,2224,24.7,0,0,0,0,0,0,6,0,0.0,0.0,0.0,0.0,0.0,3,1,33.3,0.12,0.04,0.0,0.0,72,65.0,81.0,16,5,23.0,0,1.48,33,34,-1,-0.04,-0.12,0,30,10,0,3,21,32,0,,,,,,,,,,,,,,,,Defensive Midfield,27.0,25000000.0
ENG-Premier League,2425.0,Fulham,sasa lukic,SRB,MF,27.0,1996.0,30,28,2344,26.0,0,2,2,0,0,0,12,0,0.0,0.08,0.08,0.0,0.08,18,3,16.7,0.69,0.12,0.0,0.0,78,68.5,82.0,10,2,31.0,0,1.37,37,38,-1,-0.04,-0.12,0,66,26,0,63,26,38,0,,,,,,,,,,,,,,,,Central Midfield,28.0,14000000.0
ENG-Premier League,2425.0,Fulham,timothy castagne,BEL,"DF,MF",28.0,1995.0,24,17,1649,18.3,0,1,1,0,0,0,1,0,0.0,0.05,0.05,0.0,0.05,8,3,37.5,0.44,0.16,0.0,0.0,69,48.2,89.0,16,7,19.0,9,1.33,30,28,2,0.11,0.21,0,15,6,1,38,23,31,0,,,,,,,,,,,,,,,,Right-Back,29.0,13000000.0
ENG-Premier League,2425.0,Fulham,tom cairney,SCO,MF,33.0,1991.0,25,3,628,7.0,2,0,2,2,0,0,3,1,0.29,0.0,0.29,0.29,0.29,11,4,36.4,1.58,0.57,0.18,0.5,25,18.4,70.0,0,22,19.0,10,1.2,14,12,2,0.29,0.35,0,8,19,0,20,4,4,0,,,,,,,,,,,,,,,,Central Midfield,34.0,1500000.0
ENG-Premier League,2425.0,Fulham,willian,BRA,"MF,FW",35.0,1988.0,10,2,257,2.9,0,0,0,0,0,0,0,0,0.0,0.0,0.0,0.0,0.0,7,0,0.0,2.45,0.0,0.0,,26,7.5,76.0,0,8,13.0,4,1.2,2,3,-1,-0.35,-0.38,0,1,0,0,16,1,2,0,,,,,,,,,,,,,,,,Left Winger,36.0,750000.0
ENG-Premier League,2425.0,Ipswich Town,alex palmer,ENG,GK,27.0,1996.0,13,13,1170,13.0,0,0,0,0,0,0,2,0,0.0,0.0,0.0,0.0,0.0,0,0,,0.0,0.0,,,90,34.2,90.0,13,0,,0,0.46,13,30,-17,-1.31,-0.15,0,1,4,0,0,0,0,0,30.0,2.31,75.0,45.0,60.0,1.0,3.0,9.0,0.0,0.0,1.0,1.0,0.0,0.0,0.0,Goalkeeper,28.0,1000000.0
ENG-Premier League,2425.0,Ipswich Town,ali al hamadi,IRQ,FW,22.0,2002.0,11,0,134,1.5,0,0,0,0,0,0,3,0,0.0,0.0,0.0,0.0,0.0,4,0,0.0,2.69,0.0,0.0,,12,3.9,,0,11,12.0,2,0.82,1,5,-4,-2.69,-1.54,0,8,3,1,0,0,0,0,,,,,,,,,,,,,,,,Centre-Forward,23.0,2500000.0
ENG-Premier League,2425.0,Ipswich Town,arijanet muric,KVX,GK,25.0,1998.0,18,18,1620,18.0,0,0,0,0,0,0,1,0,0.0,0.0,0.0,0.0,0.0,0,0,,0.0,0.0,,,90,47.4,90.0,18,0,,8,0.67,17,33,-16,-0.89,0.61,0,0,4,0,0,0,0,0,33.0,1.83,103.0,70.0,68.0,2.0,6.0,10.0,1.0,5.6,3.0,3.0,0.0,0.0,0.0,Goalkeeper,26.0,5000000.0
ENG-Premier League,2425.0,Ipswich Town,axel tuanzebe,COD,DF,26.0,1997.0,22,20,1710,19.0,0,1,1,0,0,0,5,1,0.0,0.05,0.05,0.0,0.05,4,0,0.0,0.21,0.0,0.0,,78,50.0,84.0,12,2,14.0,0,0.64,17,37,-20,-1.05,0.32,1,17,12,0,10,22,19,1,,,,,,,,,,,,,,,,Centre-Back,27.0,5000000.0
ENG-Premier League,2425.0,Ipswich Town,ben godfrey,ENG,DF,26.0,1998.0,3,2,159,1.8,0,0,0,0,0,0,1,0,0.0,0.0,0.0,0.0,0.0,0,0,,0.0,0.0,,,53,4.6,54.0,0,1,51.0,8,0.0,1,10,-9,-5.09,-4.07,0,1,0,0,0,2,0,0,,,,,,,,,,,,,,,,Centre-Back,27.0,6000000.0
ENG-Premier League,2425.0,Ipswich Town,ben johnson,ENG,"MF,DF",24.0,2000.0,23,14,1354,15.0,1,2,3,1,0,0,5,1,0.07,0.13,0.2,0.07,0.2,7,3,42.9,0.47,0.2,0.14,0.33,59,39.6,85.0,10,9,19.0,9,0.74,17,36,-19,-1.26,-0.09,1,27,6,1,37,13,20,0,,,,,,,,,,,,,,,,Right-Back,25.0,8000000.0
ENG-Premier League,2425.0,Ipswich Town,cameron burgess,AUS,DF,28.0,1995.0,18,16,1541,17.1,0,2,2,0,0,0,0,0,0.0,0.12,0.12,0.0,0.12,10,3,30.0,0.58,0.18,0.0,0.0,86,45.1,90.0,16,2,51.0,5,0.72,19,37,-18,-1.05,0.29,0,6,4,1,0,10,13,0,,,,,,,,,,,,,,,,Centre-Back,29.0,2000000.0
ENG-Premier League,2425.0,Ipswich Town,chiedozie ogbene,IRL,MF,27.0,1997.0,5,3,238,2.6,0,0,0,0,0,0,0,0,0.0,0.0,0.0,0.0,0.0,0,0,,0.0,0.0,,,48,7.0,63.0,0,2,25.0,2,0.6,4,3,1,0.38,1.71,0,2,7,1,4,1,3,0,,,,,,,,,,,,,,,,Right Winger,28.0,7000000.0
ENG-Premier League,2425.0,Ipswich Town,christian walton,ENG,GK,28.0,1995.0,7,7,630,7.0,0,0,0,0,0,0,0,0,0.0,0.0,0.0,0.0,0.0,0,0,,0.0,0.0,,,90,18.4,90.0,7,0,,27,0.57,6,19,-13,-1.86,-0.79,0,0,1,0,0,0,0,0,19.0,2.71,39.0,20.0,51.3,1.0,1.0,5.0,1.0,14.3,2.0,2.0,0.0,0.0,0.0,Goalkeeper,29.0,1000000.0
ENG-Premier League,2425.0,Ipswich Town,conor chaplin,ENG,"MF,FW",27.0,1997.0,22,10,857,9.5,1,1,2,1,0,0,2,0,0.11,0.11,0.21,0.11,0.21,16,4,25.0,1.68,0.42,0.06,0.25,39,25.1,71.0,1,12,13.0,6,0.41,8,20,-12,-1.26,-0.07,0,11,7,0,9,3,5,0,,,,,,,,,,,,,,,,Second Striker,28.0,6000000.0
ENG-Premier League,2425.0,Ipswich Town,conor townsend,ENG,DF,31.0,1993.0,6,3,335,3.7,0,1,1,0,0,0,1,0,0.0,0.27,0.27,0.0,0.27,1,0,0.0,0.27,0.0,0.0,,56,9.8,87.0,2,3,25.0,26,0.83,5,6,-1,-0.27,1.04,0,2,4,0,12,5,7,0,,,,,,,,,,,,,,,,Left-Back,32.0,800000.0
ENG-Premier League,2425.0,Ipswich Town,dara o shea,IRL,DF,25.0,1999.0,35,35,3122,34.7,0,2,2,0,0,0,6,0,0.0,0.06,0.06,0.0,0.06,22,2,9.1,0.63,0.06,0.0,0.0,89,91.3,89.0,34,0,,1,0.6,34,75,-41,-1.18,0.33,0,21,25,3,8,33,30,0,,,,,,,,,,,,,,,,Centre-Back,26.0,14000000.0
ENG-Premier League,2425.0,Ipswich Town,george edmundson,ENG,DF,26.0,1997.0,1,0,2,0.0,0,0,0,0,0,0,0,0,0.0,0.0,0.0,0.0,0.0,0,0,,0.0,0.0,,,2,0.1,,0,1,2.0,0,0.0,0,0,0,0.0,1.21,0,0,0,0,0,0,0,0,,,,,,,,,,,,,,,,Centre-Back,27.0,800000.0
ENG-Premier League,2425.0,Ipswich Town,george hirst,SCO,FW,25.0,1999.0,26,5,661,7.3,3,1,4,3,0,0,3,0,0.41,0.14,0.54,0.41,0.54,14,7,50.0,1.91,0.95,0.21,0.43,25,19.3,72.0,0,21,14.0,0,0.5,10,16,-6,-0.82,0.49,0,13,12,3,3,2,3,0,,,,,,,,,,,,,,,,Centre-Forward,26.0,4000000.0
ENG-Premier League,2425.0,Ipswich Town,harry clarke,ENG,DF,23.0,2001.0,7,4,379,4.2,0,0,0,0,0,0,3,1,0.0,0.0,0.0,0.0,0.0,1,1,100.0,0.24,0.24,0.0,0.0,54,11.1,85.0,3,3,14.0,5,0.43,4,9,-5,-1.19,0.03,1,5,1,0,5,3,3,0,,,,,,,,,,,,,,,,Right-Back,24.0,4500000.0
ENG-Premier League,2425.0,Ipswich Town,jack clarke,ENG,MF,23.0,2000.0,32,12,1181,13.1,0,4,4,0,0,0,2,0,0.0,0.3,0.3,0.0,0.3,17,2,11.8,1.3,0.15,0.0,0.0,37,34.5,66.0,1,20,19.0,3,0.59,14,31,-17,-1.3,-0.13,0,16,23,3,14,7,18,0,,,,,,,,,,,,,,,,Left Winger,24.0,15000000.0
ENG-Premier League,2425.0,Ipswich Town,jack taylor,IRL,MF,26.0,1998.0,32,4,860,9.6,1,0,1,1,0,0,4,0,0.1,0.0,0.1,0.1,0.1,19,4,21.1,1.99,0.42,0.05,0.25,27,25.1,79.0,0,28,19.0,1,0.5,7,20,-13,-1.36,-0.2,0,16,5,0,7,9,11,0,,,,,,,,,,,,,,,,Central Midfield,27.0,3000000.0
ENG-Premier League,2425.0,Ipswich Town,jacob greaves,ENG,DF,23.0,2000.0,25,25,2205,24.5,1,0,1,1,0,0,5,0,0.04,0.0,0.04,0.04,0.04,10,4,40.0,0.41,0.16,0.1,0.25,88,64.5,88.0,24,0,,2,0.4,19,53,-34,-1.39,-0.5,0,16,21,1,1,21,22,0,,,,,,,,,,,,,,,,Centre-Back,24.0,18000000.0
ENG-Premier League,2425.0,Ipswich Town,jaden philogene bidace,ENG,MF,22.0,2002.0,10,5,474,5.3,2,0,2,2,0,0,1,0,0.38,0.0,0.38,0.38,0.38,12,6,50.0,2.28,1.14,0.17,0.33,47,13.9,81.0,2,5,14.0,1,0.4,3,17,-14,-2.66,-1.68,0,8,10,1,13,8,7,0,,,,,,,,,,,,,,,,,,
ENG-Premier League,2425.0,Ipswich Town,jens cajuste,SWE,MF,24.0,1999.0,30,25,1959,21.8,1,1,2,1,0,0,2,0,0.05,0.05,0.09,0.05,0.09,12,1,8.3,0.55,0.05,0.08,1.0,65,57.3,76.0,3,5,14.0,3,0.67,24,46,-22,-1.01,0.47,0,23,22,0,10,29,22,0,,,,,,,,,,,,,,,,Defensive Midfield,25.0,12000000.0
ENG-Premier League,2425.0,Ipswich Town,julio enciso,PAR,MF,20.0,2004.0,13,12,869,9.7,2,3,5,2,0,0,3,0,0.21,0.31,0.52,0.21,0.52,32,11,34.4,3.31,1.14,0.06,0.18,67,25.4,71.0,2,1,12.0,0,0.46,9,18,-9,-0.93,0.37,0,9,21,0,20,1,9,0,,,,,,,,,,,,,,,,Attacking Midfield,21.0,22000000.0
ENG-Premier League,2425.0,Ipswich Town,kalvin phillips,ENG,MF,28.0,1995.0,19,14,1237,13.7,0,0,0,0,0,0,6,1,0.0,0.0,0.0,0.0,0.0,11,2,18.2,0.8,0.15,0.0,0.0,65,36.2,82.0,6,5,19.0,6,0.68,12,29,-17,-1.24,-0.04,1,28,21,0,20,18,20,0,,,,,,,,,,,,,,,,Defensive Midfield,29.0,12000000.0
ENG-Premier League,2425.0,Ipswich Town,leif davis,ENG,DF,24.0,1999.0,33,32,2743,30.5,1,2,3,1,0,0,5,1,0.03,0.07,0.1,0.03,0.1,16,2,12.5,0.52,0.07,0.06,0.5,83,80.2,85.0,27,1,10.0,0,0.52,29,69,-40,-1.31,-0.51,0,26,31,5,157,25,28,0,,,,,,,,,,,,,,,,Left-Back,25.0,22000000.0
ENG-Premier League,2425.0,Ipswich Town,liam delap,ENG,FW,21.0,2003.0,37,32,2593,28.8,12,2,14,10,2,2,12,0,0.42,0.07,0.49,0.35,0.42,68,32,47.1,2.36,1.11,0.15,0.31,70,75.8,78.0,3,5,18.0,0,0.59,25,58,-33,-1.15,0.27,0,72,51,14,5,2,8,0,,,,,,,,,,,,,,,,Centre-Forward,22.0,40000000.0
ENG-Premier League,2425.0,Ipswich Town,luke woolfenden,ENG,DF,25.0,1998.0,15,12,1187,13.2,0,0,0,0,0,0,2,0,0.0,0.0,0.0,0.0,0.0,1,0,0.0,0.08,0.0,0.0,,79,34.7,90.0,11,3,36.0,13,0.47,12,28,-16,-1.21,0.0,0,5,2,1,0,21,6,0,,,,,,,,,,,,,,,,Centre-Back,26.0,2000000.0
ENG-Premier League,2425.0,Ipswich Town,marcus harness,ENG,"FW,MF",28.0,1996.0,2,0,45,0.5,0,0,0,0,0,0,0,0,0.0,0.0,0.0,0.0,0.0,0,0,,0.0,0.0,,,23,1.3,,0,2,23.0,0,0.0,0,1,-1,-2.0,-0.8,0,0,0,1,0,0,0,0,,,,,,,,,,,,,,,,Attacking Midfield,29.0,800000.0
ENG-Premier League,2425.0,Ipswich Town,massimo luongo,AUS,MF,31.0,1992.0,11,2,201,2.2,0,0,0,0,0,0,0,0,0.0,0.0,0.0,0.0,0.0,0,0,,0.0,0.0,,,18,5.9,68.0,0,9,7.0,11,0.55,1,7,-6,-2.69,-1.57,0,1,2,0,1,3,6,0,,,,,,,,,,,,,,,,Central Midfield,32.0,400000.0
ENG-Premier League,2425.0,Ipswich Town,nathan broadhead,WAL,MF,26.0,1998.0,18,7,702,7.8,2,0,2,2,0,0,1,0,0.26,0.0,0.26,0.26,0.26,13,8,61.5,1.67,1.03,0.15,0.25,39,20.5,74.0,1,11,17.0,7,0.44,12,12,0,0.0,1.52,0,4,13,2,9,4,4,0,,,,,,,,,,,,,,,,Left Winger,27.0,4500000.0
ENG-Premier League,2425.0,Ipswich Town,omari hutchinson,ENG,MF,20.0,2003.0,31,30,2583,28.7,3,2,5,3,0,0,5,0,0.1,0.07,0.17,0.1,0.17,45,19,42.2,1.57,0.66,0.07,0.16,83,75.5,85.0,18,1,24.0,1,0.55,25,61,-36,-1.25,-0.18,0,31,46,6,81,11,13,0,,,,,,,,,,,,,,,,Attacking Midfield,21.0,22000000.0
ENG-Premier League,2425.0,Ipswich Town,sam morsy,EGY,MF,32.0,1991.0,33,31,2751,30.6,1,1,2,1,0,0,10,0,0.03,0.03,0.07,0.03,0.07,13,3,23.1,0.43,0.1,0.08,0.33,83,80.4,88.0,23,2,16.0,2,0.64,28,67,-39,-1.28,-0.33,0,48,27,0,15,28,39,1,,,,,,,,,,,,,,,,Central Midfield,33.0,500000.0
ENG-Premier League,2425.0,Ipswich Town,sammie szmodics,IRL,MF,28.0,1995.0,20,13,992,11.0,4,0,4,4,0,0,2,0,0.36,0.0,0.36,0.36,0.36,21,12,57.1,1.91,1.09,0.19,0.33,50,29.0,70.0,0,7,12.0,2,0.65,11,18,-7,-0.64,0.81,0,9,8,8,14,5,12,0,,,,,,,,,,,,,,,,Attacking Midfield,29.0,10000000.0
ENG-Premier League,2425.0,Ipswich Town,wes burns,WAL,MF,29.0,1994.0,18,12,926,10.3,0,1,1,0,0,0,1,0,0.0,0.1,0.1,0.0,0.1,7,1,14.3,0.68,0.1,0.0,0.0,51,27.1,67.0,0,6,20.0,3,0.67,7,23,-16,-1.56,-0.47,0,4,11,0,45,10,11,0,,,,,,,,,,,,,,,,Right Midfield,30.0,2000000.0
ENG-Premier League,2425.0,Leicester City,abdul fatawu issahaku,GHA,"MF,FW",20.0,2004.0,11,6,579,6.4,0,2,2,0,0,0,0,0,0.0,0.31,0.31,0.0,0.31,13,5,38.5,2.02,0.78,0.0,0.0,53,16.9,86.0,5,5,12.0,0,0.91,7,14,-7,-1.09,0.18,0,11,20,2,29,4,15,0,,,,,,,,,,,,,,,,,,
ENG-Premier League,2425.0,Leicester City,bilal el khannouss,MAR,MF,20.0,2004.0,32,27,2182,24.2,2,3,5,2,0,0,4,0,0.08,0.12,0.21,0.08,0.21,30,7,23.3,1.24,0.29,0.07,0.29,68,63.8,78.0,8,5,16.0,3,0.63,17,54,-37,-1.53,-0.8,0,30,13,1,89,5,30,0,,,,,,,,,,,,,,,,Attacking Midfield,21.0,28000000.0
ENG-Premier League,2425.0,Leicester City,bobby de cordova reid,JAM,"MF,FW",31.0,1993.0,23,9,744,8.3,1,2,3,1,0,0,2,0,0.12,0.24,0.36,0.12,0.36,7,3,42.9,0.85,0.36,0.14,0.33,32,21.8,67.0,0,14,10.0,9,0.65,9,17,-8,-0.97,0.34,0,8,9,4,15,1,3,0,,,,,,,,,,,,,,,,Attacking Midfield,32.0,2500000.0
ENG-Premier League,2425.0,Leicester City,boubakary soumare,FRA,MF,25.0,1999.0,31,25,2171,24.1,0,0,0,0,0,0,8,0,0.0,0.0,0.0,0.0,0.0,7,0,0.0,0.29,0.0,0.0,,70,63.5,83.0,19,6,15.0,4,0.65,17,52,-35,-1.45,-0.59,0,24,23,0,10,27,19,0,,,,,,,,,,,,,,,,Defensive Midfield,26.0,12000000.0
ENG-Premier League,2425.0,Leicester City,caleb okoli,ITA,DF,23.0,2001.0,19,12,1125,12.5,1,0,1,1,0,0,4,0,0.08,0.0,0.08,0.08,0.08,4,2,50.0,0.32,0.16,0.25,0.5,59,32.9,85.0,8,7,16.0,18,0.53,15,25,-10,-0.8,0.65,0,16,9,0,1,15,14,0,,,,,,,,,,,,,,,,Centre-Back,23.0,10000000.0
ENG-Premier League,2425.0,Leicester City,conor coady,ENG,DF,31.0,1993.0,22,19,1714,19.0,1,0,1,1,0,0,3,0,0.05,0.0,0.05,0.05,0.05,2,2,100.0,0.11,0.11,0.5,0.5,78,50.1,89.0,16,3,7.0,13,0.73,16,42,-26,-1.37,-0.26,0,8,3,1,0,12,9,0,,,,,,,,,,,,,,,,Centre-Back,32.0,2200000.0
ENG-Premier League,2425.0,Leicester City,danny ward,WAL,GK,31.0,1993.0,2,1,135,1.5,0,0,0,0,0,0,0,0,0.0,0.0,0.0,0.0,0.0,0,0,,0.0,0.0,,,68,3.9,90.0,1,1,45.0,14,0.0,0,6,-6,-4.0,-2.88,0,0,0,0,0,0,0,0,6.0,4.0,10.0,4.0,40.0,0.0,0.0,1.0,0.0,0.0,0.0,0.0,0.0,0.0,,Goalkeeper,32.0,1200000.0
ENG-Premier League,2425.0,Leicester City,facundo buonanotte,ARG,"MF,FW",19.0,2004.0,31,14,1523,16.9,5,2,7,5,0,0,8,0,0.3,0.12,0.41,0.3,0.41,36,12,33.3,2.13,0.71,0.14,0.42,49,44.5,80.0,6,17,24.0,3,0.52,17,33,-16,-0.95,0.53,0,36,35,3,43,13,33,0,,,,,,,,,,,,,,,,Attacking Midfield,20.0,20000000.0
ENG-Premier League,2425.0,Leicester City,hamza choudhury,BAN,MF,26.0,1997.0,4,1,131,1.5,0,0,0,0,0,0,0,0,0.0,0.0,0.0,0.0,0.0,0,0,,0.0,0.0,,,33,3.8,58.0,0,3,24.0,11,0.25,0,5,-5,-3.44,-2.29,0,1,0,0,5,5,1,0,,,,,,,,,,,,,,,,Defensive Midfield,27.0,4500000.0
ENG-Premier League,2425.0,Leicester City,harry winks,ENG,MF,28.0,1996.0,22,17,1538,17.1,0,2,2,0,0,0,4,0,0.0,0.12,0.12,0.0,0.12,10,4,40.0,0.59,0.23,0.0,0.0,70,45.0,80.0,12,5,34.0,3,0.45,17,34,-17,-0.99,0.44,0,9,13,0,33,8,10,0,,,,,,,,,,,,,,,,Defensive Midfield,29.0,9000000.0
ENG-Premier League,2425.0,Leicester City,jake evans,ENG,MF,15.0,2008.0,4,0,24,0.3,0,0,0,0,0,0,0,0,0.0,0.0,0.0,0.0,0.0,0,0,,0.0,0.0,,,6,0.7,,0,4,6.0,1,1.75,0,1,-1,-3.75,-2.53,0,0,0,0,0,0,1,0,,,,,,,,,,,,,,,,Centre-Forward,16.0,150000.0
ENG-Premier League,2425.0,Leicester City,jakub stolarczyk,POL,GK,23.0,2000.0,10,10,900,10.0,0,0,0,0,0,0,1,0,0.0,0.0,0.0,0.0,0.0,0,0,,0.0,0.0,,,90,26.3,90.0,10,0,,11,1.0,10,16,-6,-0.6,0.86,0,0,0,0,0,0,1,0,16.0,1.6,44.0,28.0,63.6,3.0,1.0,6.0,2.0,20.0,0.0,0.0,0.0,0.0,,Goalkeeper,24.0,1000000.0
ENG-Premier League,2425.0,Leicester City,james justin,ENG,"DF,MF",26.0,1998.0,36,34,2912,32.4,2,2,4,2,0,0,6,0,0.06,0.06,0.12,0.06,0.12,25,7,28.0,0.77,0.22,0.08,0.29,81,85.1,84.0,23,2,27.0,1,0.67,31,68,-37,-1.14,0.63,0,28,44,2,57,44,38,0,,,,,,,,,,,,,,,,Right-Back,27.0,13000000.0
ENG-Premier League,2425.0,Leicester City,jamie vardy,ENG,FW,37.0,1987.0,35,35,2823,31.4,9,4,13,8,1,2,5,0,0.29,0.13,0.41,0.26,0.38,58,26,44.8,1.85,0.83,0.14,0.31,81,82.5,81.0,20,0,,0,0.71,28,68,-40,-1.28,-0.22,0,27,23,27,11,5,12,0,,,,,,,,,,,,,,,,Centre-Forward,38.0,1000000.0
ENG-Premier League,2425.0,Leicester City,jannik vestergaard,DEN,DF,31.0,1992.0,18,16,1391,15.5,0,0,0,0,0,0,5,0,0.0,0.0,0.0,0.0,0.0,3,2,66.7,0.19,0.13,0.0,0.0,77,40.7,81.0,10,2,51.0,2,0.5,7,35,-28,-1.81,-0.97,0,12,4,0,0,15,10,1,,,,,,,,,,,,,,,,Centre-Back,32.0,2000000.0
ENG-Premier League,2425.0,Leicester City,jeremy monga,ENG,FW,15.0,2009.0,7,0,112,1.2,0,0,0,0,0,0,0,0,0.0,0.0,0.0,0.0,0.0,3,1,33.3,2.41,0.8,0.0,0.0,16,3.3,,0,7,16.0,0,1.0,2,3,-1,-0.8,0.45,0,0,5,0,4,0,1,0,,,,,,,,,,,,,,,,Left Winger,15.0,
ENG-Premier League,2425.0,Leicester City,jordan ayew,GHA,MF,32.0,1991.0,30,19,1638,18.2,5,0,5,4,1,1,5,0,0.27,0.0,0.27,0.22,0.22,32,10,31.3,1.76,0.55,0.13,0.4,55,47.9,77.0,4,11,16.0,6,0.77,17,41,-24,-1.32,-0.16,0,30,58,7,57,11,14,0,,,,,,,,,,,,,,,,Centre-Forward,33.0,2500000.0
ENG-Premier League,2425.0,Leicester City,kasey mcateer,IRL,MF,22.0,2001.0,18,9,852,9.5,1,1,2,1,0,0,3,0,0.11,0.11,0.21,0.11,0.21,13,7,53.8,1.37,0.74,0.08,0.14,47,24.9,78.0,1,9,16.0,2,0.78,10,16,-6,-0.63,0.8,0,18,15,3,21,2,15,0,,,,,,,,,,,,,,,,Right Midfield,23.0,2000000.0
ENG-Premier League,2425.0,Leicester City,luke thomas,ENG,DF,23.0,2001.0,14,13,1110,12.3,0,0,0,0,0,0,3,0,0.0,0.0,0.0,0.0,0.0,5,0,0.0,0.41,0.0,0.0,,79,32.5,85.0,9,1,4.0,11,0.57,8,23,-15,-1.22,0.03,0,16,10,0,28,20,25,0,,,,,,,,,,,,,,,,Left-Back,24.0,6000000.0
ENG-Premier League,2425.0,Leicester City,mads hermansen,DEN,GK,24.0,2000.0,27,27,2385,26.5,0,0,0,0,0,0,1,0,0.0,0.0,0.0,0.0,0.0,0,0,,0.0,0.0,,,88,69.7,88.0,26,0,,0,0.56,23,58,-35,-1.32,-0.28,0,0,3,0,0,0,1,0,58.0,2.19,160.0,102.0,63.8,3.0,6.0,18.0,1.0,3.7,4.0,3.0,1.0,0.0,25.0,Goalkeeper,24.0,15000000.0
ENG-Premier League,2425.0,Leicester City,michael golding,ENG,MF,18.0,2006.0,1,0,1,0.0,0,0,0,0,0,0,0,0,0.0,0.0,0.0,0.0,0.0,0,0,,0.0,0.0,,,1,0.0,,0,1,1.0,1,3.0,0,0,0,0.0,1.24,0,0,0,0,0,0,0,0,,,,,,,,,,,,,,,,Central Midfield,19.0,2000000.0
ENG-Premier League,2425.0,Leicester City,odsonne edouard,FRA,FW,26.0,1998.0,4,0,29,0.3,0,0,0,0,0,0,0,0,0.0,0.0,0.0,0.0,0.0,0,0,,0.0,0.0,,,7,0.8,,0,4,7.0,3,1.0,0,1,-1,-3.1,-1.88,0,2,0,0,0,0,1,0,,,,,,,,,,,,,,,,Centre-Forward,27.0,8000000.0
ENG-Premier League,2425.0,Leicester City,olabade aluko,,DF,,,1,0,2,0.0,0,0,0,0,0,0,0,0,0.0,0.0,0.0,0.0,0.0,0,0,,0.0,0.0,,,2,0.1,,0,1,2.0,1,0.0,0,0,0,0.0,1.24,0,0,0,0,0,0,1,0,,,,,,,,,,,,,,,,Right-Back,18.0,
ENG-Premier League,2425.0,Leicester City,oliver skipp,ENG,MF,23.0,2000.0,24,10,1129,12.5,0,0,0,0,0,0,8,0,0.0,0.0,0.0,0.0,0.0,5,1,20.0,0.4,0.08,0.0,0.0,47,33.0,74.0,3,14,28.0,11,0.79,12,26,-14,-1.12,0.18,0,21,13,0,5,12,4,0,,,,,,,,,,,,,,,,Defensive Midfield,24.0,10000000.0
ENG-Premier League,2425.0,Leicester City,patson daka,ZAM,"MF,FW",25.0,1998.0,23,6,736,8.2,1,0,1,1,0,0,0,0,0.12,0.0,0.12,0.12,0.12,15,4,26.7,1.83,0.49,0.07,0.25,32,21.5,72.0,1,17,18.0,4,0.61,7,16,-9,-1.1,0.17,0,15,19,3,3,1,10,0,,,,,,,,,,,,,,,,Centre-Forward,26.0,9000000.0
ENG-Premier League,2425.0,Leicester City,ricardo pereira,POR,DF,30.0,1993.0,10,4,388,4.3,0,0,0,0,0,0,1,0,0.0,0.0,0.0,0.0,0.0,2,1,50.0,0.46,0.23,0.0,0.0,39,11.3,68.0,0,6,19.0,8,0.5,3,8,-5,-1.16,0.09,0,6,8,0,4,4,7,0,,,,,,,,,,,,,,,,Right-Back,31.0,4500000.0
ENG-Premier League,2425.0,Leicester City,stephy mavididi,ENG,MF,26.0,1998.0,30,16,1615,17.9,4,1,5,4,0,0,2,0,0.22,0.06,0.28,0.22,0.28,26,7,26.9,1.45,0.39,0.15,0.57,54,47.2,81.0,3,14,23.0,3,0.5,18,38,-20,-1.11,0.23,0,18,18,3,70,8,20,0,,,,,,,,,,,,,,,,Left Winger,27.0,10000000.0
ENG-Premier League,2425.0,Leicester City,victor bernth kristiansen,DEN,"DF,MF",21.0,2002.0,30,29,2482,27.6,0,1,1,0,0,0,1,0,0.0,0.04,0.04,0.0,0.04,3,0,0.0,0.11,0.0,0.0,,83,72.6,85.0,20,1,14.0,5,0.6,19,62,-43,-1.56,-1.18,0,19,18,3,96,37,51,1,,,,,,,,,,,,,,,,,,
ENG-Premier League,2425.0,Leicester City,wilfred ndidi,NGA,MF,27.0,1996.0,28,28,2324,25.8,0,5,5,0,0,0,8,0,0.0,0.19,0.19,0.0,0.19,22,8,36.4,0.85,0.31,0.0,0.0,83,68.0,83.0,15,0,,0,0.79,24,47,-23,-0.89,1.08,0,39,18,3,30,27,48,1,,,,,,,,,,,,,,,,Defensive Midfield,28.0,15000000.0
ENG-Premier League,2425.0,Leicester City,will alves,ENG,MF,19.0,2005.0,1,0,1,0.0,0,0,0,0,0,0,0,0,0.0,0.0,0.0,0.0,0.0,0,0,,0.0,0.0,,,1,0.0,,0,1,1.0,2,0.0,0,0,0,0.0,1.24,0,0,0,0,0,0,0,0,,,,,,,,,,,,,,,,Attacking Midfield,20.0,400000.0
ENG-Premier League,2425.0,Leicester City,wout faes,BEL,DF,26.0,1998.0,34,30,2815,31.3,1,0,1,1,0,0,4,0,0.03,0.0,0.03,0.03,0.03,12,1,8.3,0.38,0.03,0.08,1.0,83,82.3,90.0,30,4,29.0,1,0.71,29,63,-34,-1.09,0.85,0,23,11,1,5,22,28,0,,,,,,,,,,,,,,,,Centre-Back,27.0,15000000.0
ENG-Premier League,2425.0,Leicester City,woyo coulibaly,MLI,DF,25.0,1999.0,4,1,109,1.2,0,0,0,0,0,0,1,0,0.0,0.0,0.0,0.0,0.0,2,1,50.0,1.65,0.83,0.0,0.0,27,3.2,45.0,0,3,21.0,6,0.75,0,6,-6,-4.95,-3.84,0,2,1,0,0,5,4,0,,,,,,,,,,,,,,,,Right-Back,26.0,2000000.0
ENG-Premier League,2425.0,Liverpool,alexis mac allister,ARG,MF,25.0,1998.0,35,30,2599,28.9,5,5,10,5,0,0,6,0,0.17,0.17,0.35,0.17,0.35,38,14,36.8,1.32,0.48,0.13,0.36,74,76.0,82.0,17,5,26.0,0,2.34,69,24,45,1.56,1.56,0,62,40,2,86,22,59,0,,,,,,,,,,,,,,,,Central Midfield,26.0,100000000.0
ENG-Premier League,2425.0,Liverpool,alisson,BRA,GK,31.0,1992.0,28,28,2508,27.9,0,0,0,0,0,0,0,0,0.0,0.0,0.0,0.0,0.0,0,0,,0.0,0.0,,,90,73.3,90.0,27,0,,0,2.18,64,29,35,1.26,0.27,0,0,2,0,0,0,0,0,29.0,1.04,106.0,74.0,72.6,18.0,7.0,3.0,10.0,35.7,1.0,1.0,0.0,0.0,0.0,Goalkeeper,32.0,20000000.0
ENG-Premier League,2425.0,Liverpool,andy robertson,SCO,DF,30.0,1994.0,33,29,2482,27.6,0,1,1,0,0,0,3,1,0.0,0.04,0.04,0.0,0.04,15,3,20.0,0.54,0.11,0.0,0.0,75,72.6,82.0,16,4,29.0,5,2.27,70,31,39,1.41,0.84,0,11,8,3,145,21,21,1,,,,,,,,,,,,,,,,,,
ENG-Premier League,2425.0,Liverpool,caoimhin kelleher,IRL,GK,25.0,1998.0,10,10,900,10.0,0,0,0,0,0,0,0,0,0.0,0.0,0.0,0.0,0.0,0,0,,0.0,0.0,,,90,26.3,90.0,10,0,,27,2.3,22,12,10,1.0,-0.25,0,0,3,0,0,0,0,0,12.0,1.2,37.0,24.0,67.6,7.0,2.0,1.0,4.0,40.0,1.0,0.0,1.0,0.0,100.0,Goalkeeper,26.0,20000000.0
ENG-Premier League,2425.0,Liverpool,cody gakpo,NED,MF,25.0,1999.0,35,23,1935,21.5,10,4,14,10,0,0,5,0,0.47,0.19,0.65,0.47,0.65,57,23,40.4,2.65,1.07,0.18,0.43,55,56.6,73.0,6,12,21.0,0,2.2,45,25,20,0.93,-0.58,0,20,31,5,73,12,17,0,,,,,,,,,,,,,,,,Left Winger,26.0,70000000.0
ENG-Premier League,2425.0,Liverpool,conor bradley,NIR,DF,21.0,2003.0,19,7,754,8.4,0,2,2,0,0,0,4,0,0.0,0.24,0.24,0.0,0.24,10,3,30.0,1.19,0.36,0.0,0.0,40,22.0,68.0,1,12,23.0,6,1.84,13,10,3,0.36,-1.06,0,12,14,1,7,3,10,0,,,,,,,,,,,,,,,,Right-Back,21.0,30000000.0
ENG-Premier League,2425.0,Liverpool,curtis jones,ENG,"MF,DF",23.0,2001.0,33,19,1712,19.0,3,3,6,3,0,0,3,1,0.16,0.16,0.32,0.16,0.32,34,13,38.2,1.79,0.68,0.09,0.23,52,50.1,76.0,6,14,19.0,1,2.09,38,26,12,0.63,-1.11,1,18,25,1,8,7,22,0,,,,,,,,,,,,,,,,Central Midfield,24.0,45000000.0
ENG-Premier League,2425.0,Liverpool,darwin nunez,URU,FW,25.0,1999.0,30,8,1133,12.6,5,2,7,5,0,0,8,0,0.4,0.16,0.56,0.4,0.56,34,13,38.2,2.7,1.03,0.15,0.38,38,33.1,78.0,2,22,23.0,5,2.07,29,21,8,0.64,-0.82,0,27,14,12,3,4,18,0,,,,,,,,,,,,,,,,Centre-Forward,26.0,45000000.0
ENG-Premier League,2425.0,Liverpool,diogo jota,POR,FW,27.0,1996.0,26,14,1196,13.3,6,3,9,6,0,0,2,0,0.45,0.23,0.68,0.45,0.68,51,13,25.5,3.84,0.98,0.12,0.46,46,35.0,67.0,2,12,22.0,3,2.12,28,12,16,1.2,0.03,0,23,14,1,8,8,9,0,,,,,,,,,,,,,,,,Left Winger,28.0,40000000.0
ENG-Premier League,2425.0,Liverpool,dominik szoboszlai,HUN,MF,23.0,2000.0,36,29,2491,27.7,6,6,12,6,0,0,6,0,0.22,0.22,0.43,0.22,0.43,67,23,34.3,2.42,0.83,0.09,0.26,69,72.8,80.0,17,7,26.0,0,2.22,60,29,31,1.12,-0.24,0,44,24,4,40,9,23,0,,,,,,,,,,,,,,,,Attacking Midfield,24.0,80000000.0
ENG-Premier League,2425.0,Liverpool,federico chiesa,ITA,FW,26.0,1997.0,6,1,108,1.2,0,0,0,0,0,0,0,0,0.0,0.0,0.0,0.0,0.0,5,2,40.0,4.17,1.67,0.0,0.0,18,3.2,62.0,0,5,9.0,13,1.5,5,3,2,1.67,0.5,0,3,2,0,2,0,0,0,,,,,,,,,,,,,,,,Right Winger,27.0,14000000.0
ENG-Premier League,2425.0,Liverpool,harvey elliott,ENG,MF,21.0,2003.0,18,2,371,4.1,1,2,3,1,0,0,1,0,0.24,0.49,0.73,0.24,0.73,17,4,23.5,4.12,0.97,0.06,0.25,21,10.8,79.0,1,16,13.0,12,2.06,11,6,5,1.21,0.03,0,0,1,1,12,1,3,0,,,,,,,,,,,,,,,,Attacking Midfield,22.0,30000000.0
ENG-Premier League,2425.0,Liverpool,ibrahima konate,FRA,DF,25.0,1999.0,31,30,2560,28.4,1,2,3,1,0,0,5,0,0.04,0.07,0.11,0.04,0.11,19,4,21.1,0.67,0.14,0.05,0.25,83,74.9,84.0,24,1,45.0,1,2.26,60,28,32,1.13,-0.24,0,27,20,0,0,19,28,0,,,,,,,,,,,,,,,,Centre-Back,26.0,60000000.0
ENG-Premier League,2425.0,Liverpool,jarell quansah,ENG,DF,21.0,2003.0,13,4,495,5.5,0,0,0,0,0,0,2,0,0.0,0.0,0.0,0.0,0.0,1,0,0.0,0.18,0.0,0.0,,38,14.5,79.0,3,9,20.0,25,2.08,13,12,1,0.18,-1.17,0,9,1,0,2,7,8,1,,,,,,,,,,,,,,,,Centre-Back,22.0,20000000.0
ENG-Premier League,2425.0,Liverpool,jayden danns,ENG,FW,18.0,2006.0,1,0,11,0.1,0,0,0,0,0,0,0,0,0.0,0.0,0.0,0.0,0.0,0,0,,0.0,0.0,,,11,0.3,,0,1,11.0,1,3.0,0,1,-1,-8.18,-9.4,0,0,0,0,0,0,0,0,,,,,,,,,,,,,,,,Centre-Forward,19.0,800000.0
ENG-Premier League,2425.0,Liverpool,joe gomez,ENG,DF,27.0,1997.0,9,6,519,5.8,0,0,0,0,0,0,1,0,0.0,0.0,0.0,0.0,0.0,3,2,66.7,0.52,0.35,0.0,0.0,58,15.2,77.0,4,3,19.0,10,2.56,17,8,9,1.56,0.44,0,2,3,0,1,7,10,0,,,,,,,,,,,,,,,,Centre-Back,28.0,20000000.0
ENG-Premier League,2425.0,Liverpool,kostas tsimikas,GRE,DF,28.0,1996.0,18,9,837,9.3,0,1,1,0,0,0,2,0,0.0,0.11,0.11,0.0,0.11,4,2,50.0,0.43,0.22,0.0,0.0,47,24.5,76.0,4,9,17.0,16,2.17,13,8,5,0.54,-0.86,0,9,6,1,64,10,19,0,,,,,,,,,,,,,,,,,,
ENG-Premier League,2425.0,Liverpool,luis diaz,COL,"FW,MF",27.0,1997.0,36,28,2399,26.7,13,5,18,13,0,0,2,0,0.49,0.19,0.68,0.49,0.68,71,30,42.3,2.66,1.13,0.18,0.43,67,70.1,79.0,7,8,24.0,2,2.25,67,21,46,1.73,1.81,0,48,31,10,32,7,27,0,,,,,,,,,,,,,,,,Left Winger,28.0,70000000.0
ENG-Premier League,2425.0,Liverpool,mohamed salah,EGY,MF,32.0,1992.0,38,38,3371,37.5,29,18,47,20,9,9,1,0,0.77,0.48,1.25,0.53,1.01,130,61,46.9,3.47,1.63,0.15,0.33,89,98.6,89.0,29,0,,0,2.21,85,40,45,1.2,1.2,0,25,39,18,79,9,11,0,,,,,,,,,,,,,,,,Right Winger,33.0,50000000.0
ENG-Premier League,2425.0,Liverpool,ryan gravenberch,NED,MF,22.0,2002.0,37,37,3160,35.1,0,4,4,0,0,0,6,1,0.0,0.11,0.11,0.0,0.11,20,5,25.0,0.57,0.14,0.0,0.0,85,92.4,85.0,27,0,,0,2.27,79,35,44,1.25,0.91,0,47,52,0,7,56,37,0,,,,,,,,,,,,,,,,Defensive Midfield,23.0,75000000.0
ENG-Premier League,2425.0,Liverpool,trent alexander arnold,ENG,DF,25.0,1998.0,33,28,2365,26.3,3,6,9,3,0,0,5,0,0.11,0.23,0.34,0.11,0.34,45,8,17.8,1.71,0.3,0.07,0.38,72,69.2,79.0,12,5,29.0,1,2.27,67,25,42,1.6,1.34,0,11,9,1,154,31,49,0,,,,,,,,,,,,,,,,Right-Back,26.0,75000000.0
ENG-Premier League,2425.0,Liverpool,virgil van dijk,NED,DF,33.0,1991.0,37,37,3330,37.0,3,1,4,3,0,0,5,0,0.08,0.03,0.11,0.08,0.11,26,8,30.8,0.7,0.22,0.12,0.38,90,97.4,90.0,37,0,,1,2.27,84,38,46,1.24,2.24,0,17,13,0,1,54,20,0,,,,,,,,,,,,,,,,Centre-Back,33.0,23000000.0
ENG-Premier League,2425.0,Liverpool,vitezslav jaros,CZE,GK,23.0,2001.0,1,0,12,0.1,0,0,0,0,0,0,0,0,0.0,0.0,0.0,0.0,0.0,0,0,,0.0,0.0,,,12,0.4,,0,1,12.0,11,3.0,0,0,0,0.0,-1.19,0,0,0,0,0,0,0,0,0.0,0.0,1.0,1.0,100.0,0.0,0.0,0.0,1.0,,0.0,0.0,0.0,0.0,,Goalkeeper,23.0,4000000.0
ENG-Premier League,2425.0,Liverpool,wataru endo,JPN,MF,31.0,1993.0,20,1,273,3.0,0,0,0,0,0,0,0,0,0.0,0.0,0.0,0.0,0.0,0,0,,0.0,0.0,,,14,8.0,68.0,0,19,11.0,17,2.5,4,5,-1,-0.33,-1.65,0,15,7,0,1,6,8,0,,,,,,,,,,,,,,,,Defensive Midfield,32.0,8000000.0
ENG-Premier League,2425.0,Manchester City,abdukodir khusanov,UZB,DF,20.0,2004.0,6,6,503,5.6,0,0,0,0,0,0,1,0,0.0,0.0,0.0,0.0,0.0,1,0,0.0,0.18,0.0,0.0,,84,14.7,84.0,5,0,,5,1.67,8,6,2,0.36,-0.44,0,3,3,0,1,3,4,1,,,,,,,,,,,,,,,,Centre-Back,21.0,35000000.0
ENG-Premier League,2425.0,Manchester City,bernardo silva,POR,MF,29.0,1994.0,33,29,2670,29.7,4,4,8,4,0,0,7,0,0.13,0.13,0.27,0.13,0.27,32,12,37.5,1.08,0.4,0.13,0.33,81,78.1,90.0,28,4,15.0,5,1.79,49,36,13,0.44,-1.36,0,27,31,3,60,21,35,0,,,,,,,,,,,,,,,,Attacking Midfield,30.0,38000000.0
ENG-Premier League,2425.0,Manchester City,claudio echeverri,ARG,MF,18.0,2006.0,1,0,6,0.1,0,0,0,0,0,0,0,0,0.0,0.0,0.0,0.0,0.0,0,0,,0.0,0.0,,,6,0.2,,0,1,6.0,0,3.0,0,0,0,0.0,-0.74,0,0,0,0,0,0,0,0,,,,,,,,,,,,,,,,Attacking Midfield,19.0,18000000.0
ENG-Premier League,2425.0,Manchester City,divin mubama,ENG,FW,19.0,2004.0,1,0,28,0.3,0,0,0,0,0,0,0,0,0.0,0.0,0.0,0.0,0.0,1,0,0.0,3.21,0.0,0.0,,28,0.8,,0,1,28.0,4,3.0,1,0,1,3.21,2.5,0,0,0,0,0,0,0,0,,,,,,,,,,,,,,,,Centre-Forward,20.0,4000000.0
ENG-Premier League,2425.0,Manchester City,ederson moraes,BRA,GK,30.0,1993.0,26,26,2320,25.8,0,4,4,0,0,0,4,0,0.0,0.16,0.16,0.0,0.16,0,0,,0.0,0.0,,,89,67.8,89.0,25,0,,4,2.0,49,26,23,0.89,0.48,0,1,0,0,0,1,0,0,26.0,1.01,80.0,54.0,67.5,16.0,4.0,6.0,10.0,38.5,2.0,2.0,0.0,0.0,0.0,,,
ENG-Premier League,2425.0,Manchester City,erling haaland,NOR,FW,24.0,2000.0,31,31,2736,30.4,22,3,25,19,3,4,2,0,0.72,0.1,0.82,0.62,0.72,109,60,55.0,3.59,1.97,0.17,0.32,88,80.0,88.0,25,0,,1,1.77,58,38,20,0.66,-0.39,0,24,13,4,3,5,6,0,,,,,,,,,,,,,,,,Centre-Forward,24.0,180000000.0
ENG-Premier League,2425.0,Manchester City,jack grealish,ENG,"MF,FW",28.0,1995.0,20,7,721,8.0,1,1,2,1,0,0,3,0,0.12,0.12,0.25,0.12,0.25,15,5,33.3,1.87,0.62,0.07,0.2,36,21.1,81.0,2,13,12.0,12,2.0,17,10,7,0.87,0.17,0,5,25,0,20,2,4,0,,,,,,,,,,,,,,,,Left Winger,29.0,28000000.0
ENG-Premier League,2425.0,Manchester City,jahmai simpson pusey,ENG,DF,18.0,2005.0,2,1,96,1.1,0,0,0,0,0,0,1,0,0.0,0.0,0.0,0.0,0.0,0,0,,0.0,0.0,,,48,2.8,90.0,1,1,6.0,8,0.5,1,2,-1,-0.94,-1.72,0,0,1,0,0,0,0,0,,,,,,,,,,,,,,,,Centre-Back,19.0,5000000.0
ENG-Premier League,2425.0,Manchester City,james mcatee,ENG,MF,21.0,2002.0,15,3,349,3.9,3,0,3,3,0,0,1,0,0.77,0.0,0.77,0.77,0.77,12,4,33.3,3.09,1.03,0.25,0.75,23,10.2,66.0,0,12,13.0,20,2.33,9,6,3,0.77,0.04,0,6,3,0,8,2,1,0,,,,,,,,,,,,,,,,Attacking Midfield,22.0,20000000.0
ENG-Premier League,2425.0,Manchester City,jeremy doku,BEL,"MF,FW",22.0,2002.0,29,16,1516,16.8,3,6,9,3,0,0,1,0,0.18,0.36,0.53,0.18,0.53,29,9,31.0,1.72,0.53,0.1,0.33,52,44.3,81.0,6,13,17.0,4,1.9,34,14,20,1.19,0.81,0,10,33,5,59,3,23,0,,,,,,,,,,,,,,,,Left Winger,23.0,50000000.0
ENG-Premier League,2425.0,Manchester City,john stones,ENG,DF,30.0,1994.0,11,6,548,6.1,2,0,2,2,0,0,1,0,0.33,0.0,0.33,0.33,0.33,2,2,100.0,0.33,0.33,1.0,1.0,50,16.0,74.0,3,5,21.0,4,2.0,14,11,3,0.49,-0.29,0,2,2,0,0,4,3,0,,,,,,,,,,,,,,,,Centre-Back,31.0,25000000.0
ENG-Premier League,2425.0,Manchester City,josko gvardiol,CRO,DF,22.0,2002.0,37,36,3277,36.4,5,0,5,5,0,0,2,0,0.14,0.0,0.14,0.14,0.14,40,12,30.0,1.1,0.33,0.13,0.42,89,95.8,90.0,33,1,45.0,1,1.92,70,41,29,0.8,1.43,0,16,27,3,22,42,38,0,,,,,,,,,,,,,,,,Centre-Back,23.0,75000000.0
ENG-Premier League,2425.0,Manchester City,kevin de bruyne,BEL,"MF,FW",33.0,1991.0,28,19,1702,18.9,4,7,11,4,0,0,2,0,0.21,0.37,0.58,0.21,0.58,57,18,31.6,3.01,0.95,0.07,0.22,61,49.8,83.0,7,9,15.0,5,1.82,41,19,22,1.16,0.85,0,17,18,5,144,7,9,0,,,,,,,,,,,,,,,,Attacking Midfield,34.0,20000000.0
ENG-Premier League,2425.0,Manchester City,kyle walker,ENG,DF,34.0,1990.0,15,9,970,10.8,0,0,0,0,0,0,3,0,0.0,0.0,0.0,0.0,0.0,5,2,40.0,0.46,0.19,0.0,0.0,65,28.4,89.0,8,6,29.0,2,1.4,13,21,-8,-0.74,-2.06,0,6,4,1,14,3,10,0,,,,,,,,,,,,,,,,Right-Back,35.0,4000000.0
ENG-Premier League,2425.0,Manchester City,manuel akanji,SUI,"DF,MF",29.0,1995.0,26,23,2014,22.4,0,0,0,0,0,0,3,0,0.0,0.0,0.0,0.0,0.0,15,2,13.3,0.67,0.09,0.0,0.0,77,58.9,86.0,20,3,12.0,2,2.04,46,28,18,0.8,0.16,0,17,9,0,11,9,11,0,,,,,,,,,,,,,,,,Centre-Back,29.0,28000000.0
ENG-Premier League,2425.0,Manchester City,mateo kovacic,CRO,"MF,DF",30.0,1994.0,31,25,2198,24.4,6,2,8,6,0,0,5,1,0.25,0.08,0.33,0.25,0.33,45,12,26.7,1.84,0.49,0.13,0.5,71,64.3,82.0,12,6,26.0,2,1.94,50,28,22,0.9,0.46,0,24,26,0,0,22,39,0,,,,,,,,,,,,,,,,Central Midfield,31.0,20000000.0
ENG-Premier League,2425.0,Manchester City,matheus nunes,POR,"DF,MF",25.0,1998.0,26,19,1674,18.6,1,6,7,1,0,0,4,0,0.05,0.32,0.38,0.05,0.38,9,4,44.4,0.48,0.22,0.11,0.25,64,48.9,86.0,16,7,5.0,9,2.08,33,19,14,0.75,0.03,0,30,20,6,45,14,21,0,,,,,,,,,,,,,,,,Right-Back,26.0,35000000.0
ENG-Premier League,2425.0,Manchester City,nathan ake,NED,DF,29.0,1995.0,10,8,678,7.5,0,0,0,0,0,0,0,0,0.0,0.0,0.0,0.0,0.0,3,0,0.0,0.4,0.0,0.0,,68,19.8,79.0,2,2,24.0,9,1.4,11,11,0,0.0,-0.92,0,2,0,0,1,3,6,0,,,,,,,,,,,,,,,,Centre-Back,30.0,25000000.0
ENG-Premier League,2425.0,Manchester City,nico o reilly,ENG,DF,19.0,2005.0,9,6,528,5.9,2,0,2,2,0,0,0,0,0.34,0.0,0.34,0.34,0.34,8,3,37.5,1.36,0.51,0.25,0.67,59,15.4,82.0,4,3,13.0,21,2.56,12,3,9,1.53,0.94,0,6,4,1,8,4,4,0,,,,,,,,,,,,,,,,Left-Back,20.0,18000000.0
ENG-Premier League,2425.0,Manchester City,nicolas gonzalez,ESP,MF,22.0,2002.0,11,9,760,8.4,1,0,1,1,0,0,3,0,0.12,0.0,0.12,0.12,0.12,9,2,22.2,1.07,0.24,0.11,0.5,69,22.2,82.0,5,2,12.0,3,2.27,17,7,10,1.18,0.58,0,13,5,0,1,8,4,0,,,,,,,,,,,,,,,,,,
ENG-Premier League,2425.0,Manchester City,omar marmoush,EGY,"MF,FW",25.0,1999.0,16,14,1175,13.1,7,0,7,7,0,0,0,0,0.54,0.0,0.54,0.54,0.54,49,17,34.7,3.75,1.3,0.14,0.41,73,34.4,82.0,4,2,15.0,0,2.06,26,12,14,1.07,0.51,0,15,20,10,29,6,8,0,,,,,,,,,,,,,,,,Centre-Forward,26.0,75000000.0
ENG-Premier League,2425.0,Manchester City,oscar bobb,NOR,"FW,MF",21.0,2003.0,3,0,16,0.2,0,0,0,0,0,0,0,0,0.0,0.0,0.0,0.0,0.0,0,0,,0.0,0.0,,,5,0.5,,0,3,5.0,0,3.0,0,1,-1,-5.63,-6.39,0,0,1,0,0,0,0,0,,,,,,,,,,,,,,,,Right Winger,21.0,25000000.0
ENG-Premier League,2425.0,Manchester City,phil foden,ENG,"MF,FW",24.0,2000.0,28,20,1777,19.7,7,2,9,7,0,0,2,0,0.35,0.1,0.46,0.35,0.46,54,16,29.6,2.73,0.81,0.13,0.44,63,52.0,81.0,10,8,20.0,5,1.54,30,24,6,0.3,-0.9,0,5,35,3,81,9,5,0,,,,,,,,,,,,,,,,Attacking Midfield,25.0,100000000.0
ENG-Premier League,2425.0,Manchester City,rico lewis,ENG,"DF,MF",19.0,2004.0,28,21,1893,21.0,1,2,3,1,0,0,5,1,0.05,0.1,0.14,0.05,0.14,10,2,20.0,0.48,0.1,0.1,0.5,68,55.4,85.0,14,7,16.0,8,1.82,41,27,14,0.67,-0.16,1,12,34,0,7,14,17,0,,,,,,,,,,,,,,,,Right-Back,20.0,40000000.0
ENG-Premier League,2425.0,Manchester City,rodri,ESP,MF,28.0,1996.0,3,1,73,0.8,0,0,0,0,0,0,0,0,0.0,0.0,0.0,0.0,0.0,0,0,,0.0,0.0,,,24,2.1,20.0,0,2,27.0,2,2.33,2,1,1,1.23,0.51,0,1,2,0,0,1,1,0,,,,,,,,,,,,,,,,Defensive Midfield,29.0,110000000.0
ENG-Premier League,2425.0,Manchester City,ruben dias,POR,"DF,MF",27.0,1997.0,27,25,2271,25.2,0,0,0,0,0,0,4,0,0.0,0.0,0.0,0.0,0.0,21,7,33.3,0.83,0.28,0.0,0.0,84,66.4,90.0,25,2,11.0,0,2.11,50,21,29,1.15,1.23,0,12,8,0,3,19,11,1,,,,,,,,,,,,,,,,Centre-Back,28.0,65000000.0
ENG-Premier League,2425.0,Manchester City,stefan ortega,GER,GK,31.0,1992.0,13,12,1100,12.2,0,0,0,0,0,0,1,0,0.0,0.0,0.0,0.0,0.0,0,0,,0.0,0.0,,,85,32.2,90.0,12,1,20.0,25,1.69,23,18,5,0.41,-0.48,0,1,2,0,0,0,0,0,18.0,1.47,51.0,33.0,64.7,5.0,4.0,3.0,3.0,25.0,2.0,2.0,0.0,0.0,0.0,Goalkeeper,32.0,8000000.0
ENG-Premier League,2425.0,Manchester City,savio,BRA,"MF,FW",20.0,2004.0,29,21,1766,19.6,1,8,9,1,0,0,3,0,0.05,0.41,0.46,0.05,0.46,55,21,38.2,2.8,1.07,0.02,0.05,61,51.6,79.0,7,8,13.0,7,1.69,32,25,7,0.36,-0.79,0,17,28,3,84,4,17,0,,,,,,,,,,,,,,,,,,
ENG-Premier League,2425.0,Manchester City,vitor reis,BRA,DF,18.0,2006.0,1,0,1,0.0,0,0,0,0,0,0,0,0,0.0,0.0,0.0,0.0,0.0,0,0,,0.0,0.0,,,1,0.0,,0,1,1.0,8,3.0,0,0,0,0.0,-0.74,0,0,0,0,0,0,0,0,,,,,,,,,,,,,,,,Centre-Back,19.0,30000000.0
ENG-Premier League,2425.0,Manchester City,ilkay gundogan,GER,MF,33.0,1990.0,33,25,2223,24.7,1,6,7,1,0,0,1,0,0.04,0.24,0.28,0.04,0.28,27,7,25.9,1.09,0.28,0.04,0.14,67,65.0,84.0,12,8,14.0,4,1.94,53,28,25,1.01,0.79,0,15,27,1,62,14,13,0,,,,,,,,,,,,,,,,Central Midfield,34.0,5000000.0
ENG-Premier League,2425.0,Manchester Utd,alejandro garnacho,ARG,MF,20.0,2004.0,36,23,2199,24.4,6,2,8,6,0,0,3,0,0.25,0.08,0.33,0.25,0.33,84,30,35.7,3.44,1.23,0.07,0.2,61,64.3,81.0,14,13,26.0,0,1.0,26,36,-10,-0.41,-0.41,0,12,44,10,55,13,16,0,,,,,,,,,,,,,,,,Left Winger,20.0,45000000.0
ENG-Premier League,2425.0,Manchester Utd,altay bayndr,TUR,GK,26.0,1998.0,4,4,360,4.0,0,0,0,0,0,0,0,0,0.0,0.0,0.0,0.0,0.0,0,0,,0.0,0.0,,,90,10.5,90.0,4,0,,27,0.75,6,10,-4,-1.0,-0.82,0,0,1,0,0,0,0,0,10.0,2.5,18.0,8.0,44.4,1.0,0.0,3.0,1.0,25.0,0.0,0.0,0.0,0.0,,Goalkeeper,27.0,8000000.0
ENG-Premier League,2425.0,Manchester Utd,amad diallo,CIV,"MF,FW",22.0,2002.0,26,20,1901,21.1,8,6,14,8,0,0,5,0,0.38,0.28,0.66,0.38,0.66,47,17,36.2,2.23,0.8,0.17,0.47,73,55.6,87.0,14,6,28.0,2,1.08,28,30,-2,-0.09,0.38,0,20,28,9,43,10,31,0,,,,,,,,,,,,,,,,Right Winger,22.0,45000000.0
ENG-Premier League,2425.0,Manchester Utd,andre onana,CMR,GK,28.0,1996.0,34,34,3060,34.0,0,0,0,0,0,0,0,0,0.0,0.0,0.0,0.0,0.0,0,0,,0.0,0.0,,,90,89.5,90.0,34,0,,0,1.15,38,44,-6,-0.18,0.82,0,0,2,0,0,0,2,0,44.0,1.29,129.0,88.0,65.9,10.0,9.0,15.0,9.0,26.5,4.0,3.0,1.0,0.0,25.0,Goalkeeper,29.0,25000000.0
ENG-Premier League,2425.0,Manchester Utd,antony,BRA,"FW,MF",24.0,2000.0,8,0,141,1.6,0,0,0,0,0,0,0,0,0.0,0.0,0.0,0.0,0.0,6,3,50.0,3.83,1.91,0.0,0.0,18,4.1,,0,8,18.0,11,0.88,5,2,3,1.91,2.27,0,2,5,0,5,2,3,0,,,,,,,,,,,,,,,,Right Winger,25.0,35000000.0
ENG-Premier League,2425.0,Manchester Utd,ayden heaven,ENG,DF,17.0,2006.0,4,2,170,1.9,0,0,0,0,0,0,1,0,0.0,0.0,0.0,0.0,0.0,2,0,0.0,1.06,0.0,0.0,,43,5.0,58.0,0,2,28.0,4,1.75,1,1,0,0.0,0.28,0,4,4,0,0,4,3,0,,,,,,,,,,,,,,,,Centre-Back,18.0,5000000.0
ENG-Premier League,2425.0,Manchester Utd,bruno fernandes,POR,MF,29.0,1994.0,36,35,3018,33.5,8,10,18,5,3,3,5,2,0.24,0.3,0.54,0.15,0.45,96,29,30.2,2.86,0.86,0.05,0.17,84,88.2,85.0,28,1,32.0,1,1.17,41,43,-2,-0.06,1.73,1,32,40,2,185,26,52,0,,,,,,,,,,,,,,,,Attacking Midfield,30.0,50000000.0
ENG-Premier League,2425.0,Manchester Utd,casemiro,BRA,MF,32.0,1992.0,24,18,1494,16.6,1,0,1,1,0,0,5,0,0.06,0.0,0.06,0.06,0.06,32,10,31.3,1.93,0.6,0.03,0.1,62,43.7,76.0,7,6,22.0,14,1.29,18,20,-2,-0.12,0.25,0,20,19,3,20,15,52,0,,,,,,,,,,,,,,,,Defensive Midfield,33.0,10000000.0
ENG-Premier League,2425.0,Manchester Utd,chidozie obi martin,DEN,FW,16.0,2007.0,7,1,165,1.8,0,0,0,0,0,0,1,0,0.0,0.0,0.0,0.0,0.0,5,1,20.0,2.73,0.55,0.0,0.0,24,4.8,90.0,1,6,13.0,4,1.14,8,5,3,1.64,2.0,0,3,1,0,0,0,1,0,,,,,,,,,,,,,,,,,,
ENG-Premier League,2425.0,Manchester Utd,christian eriksen,DEN,MF,32.0,1992.0,23,11,1061,11.8,1,2,3,0,1,1,4,0,0.08,0.17,0.25,0.0,0.17,15,2,13.3,1.27,0.17,0.0,0.0,46,31.0,80.0,5,12,15.0,12,1.13,17,16,1,0.08,0.5,0,8,3,0,84,7,8,0,,,,,,,,,,,,,,,,Attacking Midfield,33.0,4000000.0
ENG-Premier League,2425.0,Manchester Utd,diogo dalot,POR,"MF,DF",25.0,1999.0,33,31,2814,31.3,0,3,3,0,0,0,5,0,0.0,0.1,0.1,0.0,0.1,24,5,20.8,0.77,0.16,0.0,0.0,85,82.3,89.0,30,2,29.0,0,1.15,34,45,-11,-0.35,-0.5,0,40,9,4,64,35,38,0,,,,,,,,,,,,,,,,Right-Back,26.0,30000000.0
ENG-Premier League,2425.0,Manchester Utd,harry amass,ENG,MF,17.0,2007.0,5,4,346,3.8,0,0,0,0,0,0,0,0,0.0,0.0,0.0,0.0,0.0,3,0,0.0,0.78,0.0,0.0,,69,10.1,81.0,3,1,22.0,8,0.6,5,9,-4,-1.04,-0.86,0,2,4,1,9,2,2,0,,,,,,,,,,,,,,,,Left-Back,18.0,5000000.0
ENG-Premier League,2425.0,Manchester Utd,harry maguire,ENG,DF,31.0,1993.0,27,19,1758,19.5,1,0,1,1,0,0,7,0,0.05,0.0,0.05,0.05,0.05,15,7,46.7,0.77,0.36,0.07,0.14,65,51.4,82.0,13,8,26.0,3,1.07,20,27,-7,-0.36,-0.2,0,18,11,3,3,37,16,0,,,,,,,,,,,,,,,,Centre-Back,32.0,13000000.0
ENG-Premier League,2425.0,Manchester Utd,jonny evans,NIR,DF,36.0,1988.0,7,3,315,3.5,0,0,0,0,0,0,1,0,0.0,0.0,0.0,0.0,0.0,2,1,50.0,0.57,0.29,0.0,0.0,45,9.2,77.0,1,4,21.0,10,2.43,8,2,6,1.71,2.18,0,5,6,0,0,5,6,0,,,,,,,,,,,,,,,,Centre-Back,37.0,1000000.0
ENG-Premier League,2425.0,Manchester Utd,joshua zirkzee,NED,"FW,MF",23.0,2001.0,32,14,1402,15.6,3,1,4,3,0,0,2,0,0.19,0.06,0.26,0.19,0.26,28,11,39.3,1.8,0.71,0.11,0.27,44,41.0,72.0,4,18,22.0,0,1.19,26,24,2,0.13,0.66,0,9,13,3,3,6,8,0,,,,,,,,,,,,,,,,Centre-Forward,24.0,30000000.0
ENG-Premier League,2425.0,Manchester Utd,kobbie mainoo,ENG,MF,19.0,2005.0,25,19,1651,18.3,0,0,0,0,0,0,5,0,0.0,0.0,0.0,0.0,0.0,15,2,13.3,0.82,0.11,0.0,0.0,66,48.3,76.0,8,6,35.0,1,1.0,19,27,-8,-0.44,-0.33,0,27,21,3,7,19,28,0,,,,,,,,,,,,,,,,Central Midfield,20.0,50000000.0
ENG-Premier League,2425.0,Manchester Utd,leny yoro,FRA,DF,18.0,2005.0,21,12,1165,12.9,0,0,0,0,0,0,5,0,0.0,0.0,0.0,0.0,0.0,5,1,20.0,0.39,0.08,0.0,0.0,55,34.1,78.0,5,9,26.0,0,0.81,17,24,-7,-0.54,-0.42,0,9,2,1,1,17,11,0,,,,,,,,,,,,,,,,Centre-Back,19.0,55000000.0
ENG-Premier League,2425.0,Manchester Utd,lisandro martinez,ARG,DF,26.0,1998.0,20,20,1751,19.5,2,1,3,2,0,0,7,0,0.1,0.05,0.15,0.1,0.15,17,6,35.3,0.87,0.31,0.12,0.33,88,51.2,88.0,17,0,,2,1.35,25,27,-2,-0.1,0.33,0,22,7,0,9,31,24,0,,,,,,,,,,,,,,,,Centre-Back,27.0,40000000.0
ENG-Premier League,2425.0,Manchester Utd,luke shaw,ENG,DF,29.0,1995.0,7,4,349,3.9,0,0,0,0,0,0,1,0,0.0,0.0,0.0,0.0,0.0,1,0,0.0,0.26,0.0,0.0,,50,10.2,67.0,1,3,28.0,1,0.71,3,5,-2,-0.52,-0.28,0,3,1,0,10,2,3,1,,,,,,,,,,,,,,,,Left-Back,29.0,12000000.0
ENG-Premier League,2425.0,Manchester Utd,manuel ugarte,URU,MF,23.0,2001.0,29,22,1785,19.8,1,2,3,1,0,0,11,0,0.05,0.1,0.15,0.05,0.15,19,4,21.1,0.96,0.2,0.05,0.25,62,52.2,75.0,8,7,20.0,3,1.17,24,33,-9,-0.45,-0.4,0,41,33,0,7,26,50,1,,,,,,,,,,,,,,,,Defensive Midfield,24.0,45000000.0
ENG-Premier League,2425.0,Manchester Utd,marcus rashford,ENG,MF,26.0,1997.0,15,12,978,10.9,4,1,5,4,0,0,2,0,0.37,0.09,0.46,0.37,0.46,16,9,56.3,1.47,0.83,0.25,0.44,65,28.6,74.0,4,3,31.0,1,1.27,15,9,6,0.55,1.14,0,8,7,7,27,5,4,0,,,,,,,,,,,,,,,,Left Winger,27.0,50000000.0
ENG-Premier League,2425.0,Manchester Utd,mason mount,ENG,"MF,FW",25.0,1999.0,17,8,622,6.9,1,0,1,1,0,0,3,0,0.14,0.0,0.14,0.14,0.14,20,9,45.0,2.89,1.3,0.05,0.11,37,18.2,53.0,0,9,22.0,3,0.88,2,11,-9,-1.3,-1.27,0,16,9,1,13,4,5,0,,,,,,,,,,,,,,,,Attacking Midfield,26.0,28000000.0
ENG-Premier League,2425.0,Manchester Utd,matthijs de ligt,NED,DF,24.0,1999.0,29,25,2123,23.6,2,0,2,2,0,0,3,0,0.08,0.0,0.08,0.08,0.08,18,10,55.6,0.76,0.42,0.11,0.2,73,62.1,82.0,16,4,19.0,1,1.28,32,36,-4,-0.17,0.25,0,16,12,2,6,32,22,0,,,,,,,,,,,,,,,,Centre-Back,25.0,38000000.0
ENG-Premier League,2425.0,Manchester Utd,noussair mazraoui,MAR,"DF,MF",26.0,1997.0,37,34,2838,31.5,0,1,1,0,0,0,3,0,0.0,0.03,0.03,0.0,0.03,13,3,23.1,0.41,0.1,0.0,0.0,77,83.0,81.0,20,3,24.0,0,1.14,23,43,-20,-0.63,-2.18,0,38,25,4,23,35,71,0,,,,,,,,,,,,,,,,Right-Back,27.0,25000000.0
ENG-Premier League,2425.0,Manchester Utd,patrick dorgu,DEN,MF,19.0,2004.0,12,10,842,9.4,0,0,0,0,0,0,3,1,0.0,0.0,0.0,0.0,0.0,10,2,20.0,1.07,0.21,0.0,0.0,70,24.6,77.0,6,2,34.0,0,0.75,7,11,-4,-0.43,-0.22,0,17,28,3,37,3,23,0,,,,,,,,,,,,,,,,Left Winger,20.0,25000000.0
ENG-Premier League,2425.0,Manchester Utd,rasmus hjlund,DEN,FW,21.0,2003.0,32,23,2004,22.3,4,0,4,4,0,0,2,0,0.18,0.0,0.18,0.18,0.18,32,13,40.6,1.44,0.58,0.13,0.31,63,58.6,78.0,7,9,24.0,2,1.03,17,31,-14,-0.63,-0.88,0,18,28,13,7,2,1,0,,,,,,,,,,,,,,,,Centre-Forward,22.0,35000000.0
ENG-Premier League,2425.0,Manchester Utd,scott mctominay,SCO,MF,27.0,1996.0,2,0,19,0.2,0,0,0,0,0,0,0,0,0.0,0.0,0.0,0.0,0.0,1,0,0.0,4.74,0.0,0.0,,10,0.6,,0,2,10.0,0,1.5,1,1,0,0.0,0.26,0,0,0,0,0,0,0,0,,,,,,,,,,,,,,,,Central Midfield,28.0,50000000.0
ENG-Premier League,2425.0,Manchester Utd,toby collyer,ENG,MF,20.0,2004.0,6,0,179,2.0,0,0,0,0,0,0,0,0,0.0,0.0,0.0,0.0,0.0,1,0,0.0,0.5,0.0,0.0,,30,5.2,,0,6,30.0,11,1.67,6,2,4,2.01,2.4,0,2,4,0,0,3,9,0,,,,,,,,,,,,,,,,Defensive Midfield,21.0,5000000.0
ENG-Premier League,2425.0,Manchester Utd,tyler fredricson,ENG,DF,19.0,2005.0,2,2,165,1.8,0,0,0,0,0,0,0,0,0.0,0.0,0.0,0.0,0.0,0,0,,0.0,0.0,,,83,4.8,83.0,1,0,,6,0.0,1,5,-4,-2.18,-2.02,0,0,2,0,0,1,3,0,,,,,,,,,,,,,,,,Centre-Back,20.0,3000000.0
ENG-Premier League,2425.0,Manchester Utd,tyrell malacia,NED,MF,24.0,1999.0,3,2,100,1.1,0,0,0,0,0,0,1,0,0.0,0.0,0.0,0.0,0.0,0,0,,0.0,0.0,,,33,2.9,45.0,0,1,10.0,8,1.0,0,1,-1,-0.9,-0.66,0,3,2,0,1,2,1,0,,,,,,,,,,,,,,,,Left-Back,25.0,8000000.0
ENG-Premier League,2425.0,Manchester Utd,victor lindelof,SWE,DF,30.0,1994.0,16,6,704,7.8,0,0,0,0,0,0,1,0,0.0,0.0,0.0,0.0,0.0,0,0,,0.0,0.0,,,44,20.6,88.0,5,10,18.0,7,1.25,10,9,1,0.13,0.49,0,8,1,0,1,7,2,0,,,,,,,,,,,,,,,,Centre-Back,30.0,8000000.0
ENG-Premier League,2425.0,Newcastle,alexander isak,SWE,FW,24.0,1999.0,34,34,2756,30.6,23,6,29,19,4,4,1,0,0.75,0.2,0.95,0.62,0.82,99,46,46.5,3.23,1.5,0.19,0.41,81,80.6,81.0,15,0,,0,1.88,61,41,20,0.65,0.52,0,28,14,20,16,3,5,0,,,,,,,,,,,,,,,,Centre-Forward,25.0,120000000.0
ENG-Premier League,2425.0,Newcastle,anthony gordon,ENG,"FW,MF",23.0,2001.0,34,28,2434,27.0,6,5,11,5,1,2,2,0,0.22,0.18,0.41,0.18,0.37,59,19,32.2,2.18,0.7,0.08,0.26,72,71.2,81.0,9,6,26.0,0,1.68,43,33,10,0.37,-0.63,0,20,71,8,130,6,17,0,,,,,,,,,,,,,,,,Left Winger,24.0,65000000.0
ENG-Premier League,2425.0,Newcastle,bruno guimaraes,BRA,MF,26.0,1997.0,38,38,3271,36.3,5,6,11,5,0,0,7,0,0.14,0.17,0.3,0.14,0.3,45,15,33.3,1.24,0.41,0.11,0.33,86,95.6,86.0,21,0,,0,1.74,67,44,23,0.63,1.84,0,65,107,2,29,28,47,0,,,,,,,,,,,,,,,,Central Midfield,27.0,80000000.0
ENG-Premier League,2425.0,Newcastle,callum wilson,ENG,FW,32.0,1992.0,18,2,370,4.1,0,0,0,0,0,0,1,0,0.0,0.0,0.0,0.0,0.0,6,1,16.7,1.46,0.24,0.0,0.0,21,10.8,66.0,0,16,15.0,0,1.5,4,7,-3,-0.73,-1.44,0,4,1,3,2,1,2,0,,,,,,,,,,,,,,,,Centre-Forward,33.0,8000000.0
ENG-Premier League,2425.0,Newcastle,dan burn,ENG,DF,32.0,1992.0,37,37,3330,37.0,1,1,2,1,0,0,11,0,0.03,0.03,0.05,0.03,0.05,22,6,27.3,0.59,0.16,0.05,0.17,90,97.4,90.0,37,0,,0,1.78,68,45,23,0.62,2.62,0,34,12,5,3,27,25,2,,,,,,,,,,,,,,,,Centre-Back,33.0,6000000.0
ENG-Premier League,2425.0,Newcastle,emil krafth,SWE,DF,29.0,1994.0,12,2,342,3.8,0,0,0,0,0,0,2,0,0.0,0.0,0.0,0.0,0.0,1,0,0.0,0.26,0.0,0.0,,29,10.0,90.0,2,10,16.0,14,1.92,5,2,3,0.79,0.26,0,5,2,0,2,3,1,0,,,,,,,,,,,,,,,,Right-Back,30.0,2000000.0
ENG-Premier League,2425.0,Newcastle,fabian schar,SUI,DF,32.0,1991.0,34,33,2934,32.6,4,0,4,4,0,0,9,1,0.12,0.0,0.12,0.12,0.12,40,11,27.5,1.23,0.34,0.1,0.36,86,85.8,88.0,29,1,45.0,0,1.65,58,42,16,0.49,-0.44,0,35,16,4,12,43,20,0,,,,,,,,,,,,,,,,Centre-Back,33.0,7000000.0
ENG-Premier League,2425.0,Newcastle,harvey barnes,ENG,"FW,MF",26.0,1997.0,33,17,1755,19.5,9,4,13,9,0,0,0,0,0.46,0.21,0.67,0.46,0.67,63,21,33.3,3.23,1.08,0.14,0.43,53,51.3,80.0,6,16,25.0,1,1.82,34,23,11,0.56,0.02,0,15,23,5,47,6,9,0,,,,,,,,,,,,,,,,Left Winger,27.0,35000000.0
ENG-Premier League,2425.0,Newcastle,jacob murphy,ENG,"FW,MF",29.0,1995.0,35,31,2360,26.2,8,12,20,8,0,0,4,0,0.31,0.46,0.76,0.31,0.76,43,15,34.9,1.64,0.57,0.19,0.53,67,69.0,72.0,6,4,30.0,2,1.69,53,31,22,0.84,0.92,0,11,14,3,119,11,18,0,,,,,,,,,,,,,,,,Right Winger,30.0,16000000.0
ENG-Premier League,2425.0,Newcastle,joe willock,ENG,MF,24.0,1999.0,32,11,1086,12.1,0,2,2,0,0,0,4,0,0.0,0.17,0.17,0.0,0.17,18,3,16.7,1.49,0.25,0.0,0.0,34,31.8,62.0,0,21,19.0,1,1.59,20,16,4,0.33,-0.32,0,22,13,3,17,7,18,0,,,,,,,,,,,,,,,,Central Midfield,25.0,22000000.0
ENG-Premier League,2425.0,Newcastle,joelinton,BRA,"MF,FW",27.0,1996.0,29,29,2393,26.6,4,3,7,4,0,0,10,0,0.15,0.11,0.26,0.15,0.26,45,14,31.1,1.69,0.53,0.09,0.29,83,70.0,83.0,18,0,,0,1.83,51,32,19,0.71,0.54,0,58,34,7,16,20,35,0,,,,,,,,,,,,,,,,Central Midfield,28.0,35000000.0
ENG-Premier League,2425.0,Newcastle,kieran trippier,ENG,DF,33.0,1990.0,25,14,1309,14.5,0,3,3,0,0,0,1,0,0.0,0.21,0.21,0.0,0.21,4,0,0.0,0.28,0.0,0.0,,52,38.3,77.0,2,11,21.0,6,1.6,29,18,11,0.76,0.33,0,16,11,2,83,11,22,0,,,,,,,,,,,,,,,,Right-Back,34.0,4000000.0
ENG-Premier League,2425.0,Newcastle,lewis hall,ENG,DF,19.0,2004.0,27,24,2189,24.3,0,4,4,0,0,0,3,0,0.0,0.16,0.16,0.0,0.16,11,1,9.1,0.45,0.04,0.0,0.0,81,64.0,87.0,18,3,30.0,0,1.63,44,31,13,0.53,-0.05,0,9,21,1,110,17,40,0,,,,,,,,,,,,,,,,Left-Back,20.0,32000000.0
ENG-Premier League,2425.0,Newcastle,lewis miley,ENG,MF,18.0,2006.0,14,1,313,3.5,1,0,1,1,0,0,0,0,0.29,0.0,0.29,0.29,0.29,3,2,66.7,0.86,0.58,0.33,0.5,22,9.2,90.0,1,13,17.0,12,2.14,6,4,2,0.58,0.02,0,3,1,0,0,2,11,0,,,,,,,,,,,,,,,,Central Midfield,19.0,22000000.0
ENG-Premier League,2425.0,Newcastle,lloyd kelly,ENG,DF,25.0,1998.0,10,4,303,3.4,0,1,1,0,0,0,2,0,0.0,0.3,0.3,0.0,0.3,3,0,0.0,0.89,0.0,0.0,,30,8.9,68.0,1,6,6.0,14,1.6,2,6,-4,-1.19,-1.91,0,5,5,1,1,1,4,0,,,,,,,,,,,,,,,,Centre-Back,26.0,16000000.0
ENG-Premier League,2425.0,Newcastle,martin dubravka,SVK,GK,35.0,1989.0,10,10,900,10.0,0,0,0,0,0,0,0,0,0.0,0.0,0.0,0.0,0.0,0,0,,0.0,0.0,,,90,26.3,90.0,10,0,,24,2.1,23,12,11,1.1,0.74,0,0,1,0,0,0,0,0,12.0,1.2,41.0,29.0,70.7,7.0,0.0,3.0,5.0,50.0,0.0,0.0,0.0,0.0,,Goalkeeper,36.0,1000000.0
ENG-Premier League,2425.0,Newcastle,matt targett,ENG,"DF,MF",28.0,1995.0,2,0,21,0.2,0,0,0,0,0,0,0,0,0.0,0.0,0.0,0.0,0.0,0,0,,0.0,0.0,,,11,0.6,,0,2,11.0,16,1.5,1,0,1,4.29,3.76,0,0,0,0,1,1,0,0,,,,,,,,,,,,,,,,Left-Back,29.0,5000000.0
ENG-Premier League,2425.0,Newcastle,miguel almiron,PAR,FW,30.0,1994.0,9,1,157,1.7,0,0,0,0,0,0,0,0,0.0,0.0,0.0,0.0,0.0,6,2,33.3,3.44,1.15,0.0,0.0,17,4.6,67.0,0,8,11.0,14,1.56,1,3,-2,-1.15,-1.78,0,1,3,2,0,0,2,0,,,,,,,,,,,,,,,,Right Winger,31.0,10000000.0
ENG-Premier League,2425.0,Newcastle,nick pope,ENG,GK,32.0,1992.0,28,28,2520,28.0,0,0,0,0,0,0,2,0,0.0,0.0,0.0,0.0,0.0,0,0,,0.0,0.0,,,90,73.7,90.0,28,0,,3,1.61,45,35,10,0.36,-0.74,0,2,5,0,0,1,0,0,35.0,1.25,122.0,87.0,71.3,13.0,6.0,9.0,8.0,28.6,2.0,1.0,1.0,0.0,50.0,Goalkeeper,33.0,8000000.0
ENG-Premier League,2425.0,Newcastle,sandro tonali,ITA,MF,24.0,2000.0,36,28,2630,29.2,4,2,6,4,0,0,5,0,0.14,0.07,0.21,0.14,0.21,35,12,34.3,1.2,0.41,0.11,0.33,73,76.9,86.0,22,8,27.0,0,1.72,55,34,21,0.72,0.72,0,37,49,2,54,32,32,0,,,,,,,,,,,,,,,,Defensive Midfield,25.0,60000000.0
ENG-Premier League,2425.0,Newcastle,sean longstaff,ENG,MF,26.0,1997.0,25,8,798,8.9,0,0,0,0,0,0,2,0,0.0,0.0,0.0,0.0,0.0,6,1,16.7,0.68,0.11,0.0,0.0,32,23.3,72.0,3,17,13.0,13,1.88,9,11,-2,-0.23,-1.02,0,9,6,0,5,7,15,0,,,,,,,,,,,,,,,,Central Midfield,27.0,20000000.0
ENG-Premier League,2425.0,Newcastle,sven botman,NED,DF,24.0,2000.0,8,6,412,4.6,0,0,0,0,0,0,1,0,0.0,0.0,0.0,0.0,0.0,5,2,40.0,1.09,0.44,0.0,0.0,52,12.0,67.0,1,2,5.0,2,1.63,7,4,3,0.66,0.12,0,5,4,0,0,5,8,0,,,,,,,,,,,,,,,,Centre-Back,25.0,42000000.0
ENG-Premier League,2425.0,Newcastle,tino livramento,ENG,DF,21.0,2002.0,37,32,2840,31.6,0,1,1,0,0,0,1,0,0.0,0.03,0.03,0.0,0.03,6,2,33.3,0.19,0.06,0.0,0.0,77,83.0,85.0,25,5,26.0,0,1.7,58,40,18,0.57,0.1,0,6,35,2,52,26,34,0,,,,,,,,,,,,,,,,Right-Back,22.0,40000000.0
ENG-Premier League,2425.0,Newcastle,william osula,DEN,FW,20.0,2003.0,14,0,134,1.5,1,0,1,1,0,0,0,0,0.67,0.0,0.67,0.67,0.67,4,1,25.0,2.69,0.67,0.25,1.0,10,3.9,,0,14,10.0,24,1.29,1,3,-2,-1.34,-1.97,0,4,1,1,4,3,0,0,,,,,,,,,,,,,,,,Centre-Forward,21.0,7000000.0
ENG-Premier League,2425.0,Nottingham,anthony elanga,SWE,"MF,FW",22.0,2002.0,38,31,2501,27.8,6,11,17,6,0,0,1,0,0.22,0.4,0.61,0.22,0.61,44,24,54.5,1.58,0.86,0.14,0.25,66,73.1,76.0,12,7,22.0,0,1.71,45,35,10,0.36,0.16,0,9,47,18,184,6,15,0,,,,,,,,,,,,,,,,Right Winger,23.0,42000000.0
ENG-Premier League,2425.0,Nottingham,callum hudson odoi,ENG,MF,23.0,2000.0,31,25,2194,24.4,5,2,7,5,0,0,2,0,0.21,0.08,0.29,0.21,0.29,37,17,45.9,1.52,0.7,0.14,0.29,71,64.2,81.0,8,6,28.0,1,1.74,37,23,14,0.57,0.72,0,12,25,8,80,13,16,0,,,,,,,,,,,,,,,,Left Winger,24.0,25000000.0
ENG-Premier League,2425.0,Nottingham,chris wood,NZL,FW,32.0,1991.0,36,35,2959,32.9,20,3,23,17,3,3,1,0,0.61,0.09,0.7,0.52,0.61,68,35,51.5,2.07,1.06,0.25,0.49,82,86.5,84.0,14,1,28.0,0,1.72,52,37,15,0.46,1.04,0,25,24,28,1,6,5,0,,,,,,,,,,,,,,,,Centre-Forward,33.0,10000000.0
ENG-Premier League,2425.0,Nottingham,danilo santos,BRA,MF,23.0,2001.0,8,5,275,3.1,0,0,0,0,0,0,0,0,0.0,0.0,0.0,0.0,0.0,0,0,,0.0,0.0,,,34,8.0,47.0,0,3,13.0,6,2.13,8,4,4,1.31,1.08,0,2,0,0,3,4,3,0,,,,,,,,,,,,,,,,,,
ENG-Premier League,2425.0,Nottingham,elliot anderson,ENG,MF,21.0,2002.0,37,33,2728,30.3,2,6,8,2,0,0,10,0,0.07,0.2,0.26,0.07,0.26,40,7,17.5,1.32,0.23,0.05,0.29,74,79.8,79.0,13,4,27.0,0,1.76,49,37,12,0.4,0.4,0,47,57,4,86,29,55,0,,,,,,,,,,,,,,,,Central Midfield,22.0,32000000.0
ENG-Premier League,2425.0,Nottingham,eric da silva moreira,GER,DF,18.0,2006.0,2,0,30,0.3,0,0,0,0,0,0,0,0,0.0,0.0,0.0,0.0,0.0,0,0,,0.0,0.0,,,15,0.9,,0,2,15.0,7,1.5,0,0,0,0.0,-0.32,0,0,0,0,0,1,2,0,,,,,,,,,,,,,,,,Right-Back,19.0,1000000.0
ENG-Premier League,2425.0,Nottingham,harry toffolo,ENG,DF,28.0,1995.0,4,1,137,1.5,0,0,0,0,0,0,1,0,0.0,0.0,0.0,0.0,0.0,1,0,0.0,0.66,0.0,0.0,,34,4.0,90.0,1,3,16.0,20,2.5,2,2,0,0.0,-0.33,0,1,0,0,4,1,3,0,,,,,,,,,,,,,,,,Left-Back,29.0,3000000.0
ENG-Premier League,2425.0,Nottingham,ibrahim sangare,CIV,MF,26.0,1997.0,13,7,590,6.6,0,1,1,0,0,0,3,0,0.0,0.15,0.15,0.0,0.15,1,1,100.0,0.15,0.15,0.0,0.0,45,17.3,72.0,1,6,14.0,5,1.46,11,6,5,0.76,0.54,0,16,8,0,2,7,13,0,,,,,,,,,,,,,,,,Defensive Midfield,27.0,24000000.0
ENG-Premier League,2425.0,Nottingham,james ward prowse,ENG,MF,29.0,1994.0,9,5,400,4.4,0,1,1,0,0,0,2,1,0.0,0.23,0.23,0.0,0.23,2,1,50.0,0.45,0.23,0.0,0.0,44,11.7,75.0,2,4,6.0,9,1.56,4,7,-3,-0.68,-1.12,1,7,2,0,19,5,1,0,,,,,,,,,,,,,,,,Central Midfield,30.0,8000000.0
ENG-Premier League,2425.0,Nottingham,jota silva,POR,MF,24.0,1999.0,31,5,854,9.5,3,1,4,3,0,0,5,0,0.32,0.11,0.42,0.32,0.42,23,7,30.4,2.42,0.74,0.13,0.43,28,25.0,68.0,0,26,20.0,6,1.71,16,16,0,0.0,-0.42,0,24,23,8,21,11,16,0,,,,,,,,,,,,,,,,Left Winger,25.0,15000000.0
ENG-Premier League,2425.0,Nottingham,matz sels,BEL,GK,32.0,1992.0,38,38,3420,38.0,0,0,0,0,0,0,4,0,0.0,0.0,0.0,0.0,0.0,0,0,,0.0,0.0,,,90,100.0,90.0,38,0,,0,1.71,58,46,12,0.32,,0,1,8,0,0,0,1,0,46.0,1.21,163.0,119.0,71.8,19.0,8.0,11.0,13.0,34.2,3.0,3.0,0.0,0.0,0.0,Goalkeeper,33.0,7000000.0
ENG-Premier League,2425.0,Nottingham,morato,BRA,DF,23.0,2001.0,26,6,907,10.1,0,0,0,0,0,0,5,0,0.0,0.0,0.0,0.0,0.0,2,1,50.0,0.2,0.1,0.0,0.0,35,26.5,84.0,4,20,20.0,8,2.15,19,14,5,0.5,0.25,0,11,2,0,0,9,14,0,,,,,,,,,,,,,,,,Centre-Back,24.0,14000000.0
ENG-Premier League,2425.0,Nottingham,morgan gibbs white,ENG,MF,24.0,2000.0,34,34,2803,31.1,7,8,15,7,0,0,11,1,0.22,0.26,0.48,0.22,0.48,61,22,36.1,1.96,0.71,0.11,0.32,82,82.0,82.0,13,0,,0,1.74,49,34,15,0.48,0.92,1,38,40,7,46,22,21,0,,,,,,,,,,,,,,,,Attacking Midfield,25.0,50000000.0
ENG-Premier League,2425.0,Nottingham,murillo,BRA,DF,22.0,2002.0,36,36,3188,35.4,2,0,2,2,0,0,6,0,0.06,0.0,0.06,0.06,0.06,25,6,24.0,0.71,0.17,0.08,0.33,89,93.2,89.0,33,0,,0,1.69,50,44,6,0.17,-2.16,0,27,7,0,14,36,39,0,,,,,,,,,,,,,,,,Centre-Back,22.0,55000000.0
ENG-Premier League,2425.0,Nottingham,neco williams,WAL,"DF,MF",23.0,2001.0,35,28,2594,28.8,1,3,4,1,0,0,7,0,0.03,0.1,0.14,0.03,0.14,37,7,18.9,1.28,0.24,0.03,0.14,74,75.8,88.0,23,7,17.0,3,1.77,47,31,16,0.56,0.99,0,24,43,2,60,30,57,0,,,,,,,,,,,,,,,,Left-Back,24.0,20000000.0
ENG-Premier League,2425.0,Nottingham,nicolas dominguez,ARG,MF,26.0,1998.0,34,23,1963,21.8,0,1,1,0,0,0,9,0,0.0,0.05,0.05,0.0,0.05,21,9,42.9,0.96,0.41,0.0,0.0,58,57.4,73.0,5,11,26.0,3,1.76,31,27,4,0.18,-0.31,0,33,18,1,8,28,48,0,,,,,,,,,,,,,,,,Central Midfield,27.0,18000000.0
ENG-Premier League,2425.0,Nottingham,nikola milenkovic,SRB,DF,26.0,1997.0,37,37,3330,37.0,5,2,7,5,0,0,4,0,0.14,0.05,0.19,0.14,0.19,29,8,27.6,0.78,0.22,0.17,0.63,90,97.4,90.0,37,0,,0,1.73,57,45,12,0.32,0.32,0,20,5,2,0,25,28,0,,,,,,,,,,,,,,,,Centre-Back,27.0,35000000.0
ENG-Premier League,2425.0,Nottingham,ola aina,NGA,DF,27.0,1996.0,35,35,2995,33.3,2,1,3,2,0,0,5,0,0.06,0.03,0.09,0.06,0.09,11,2,18.2,0.33,0.06,0.18,1.0,86,87.6,86.0,28,0,,0,1.77,55,39,16,0.48,1.33,0,23,35,2,59,31,41,0,,,,,,,,,,,,,,,,Right-Back,28.0,22000000.0
ENG-Premier League,2425.0,Nottingham,ramon sosa,PAR,MF,24.0,1999.0,19,1,295,3.3,1,0,1,1,0,0,1,0,0.31,0.0,0.31,0.31,0.31,11,5,45.5,3.36,1.53,0.09,0.2,16,8.6,67.0,0,18,13.0,13,1.58,3,5,-2,-0.61,-1.01,0,6,8,3,8,4,3,0,,,,,,,,,,,,,,,,Second Striker,25.0,12000000.0
ENG-Premier League,2425.0,Nottingham,ryan yates,ENG,MF,26.0,1997.0,35,18,1915,21.3,2,1,3,2,0,0,10,0,0.09,0.05,0.14,0.09,0.14,33,9,27.3,1.55,0.42,0.06,0.22,55,56.0,83.0,13,17,25.0,2,1.69,25,27,-2,-0.09,-0.93,0,54,48,7,8,25,21,0,,,,,,,,,,,,,,,,Central Midfield,27.0,12000000.0
ENG-Premier League,2425.0,Nottingham,taiwo awoniyi,NGA,FW,26.0,1997.0,26,3,416,4.6,1,0,1,1,0,0,0,0,0.22,0.0,0.22,0.22,0.22,10,4,40.0,2.16,0.87,0.1,0.25,16,12.2,64.0,0,23,10.0,7,1.92,5,10,-5,-1.08,-1.59,0,8,10,1,2,0,4,0,,,,,,,,,,,,,,,,Centre-Forward,27.0,16000000.0
ENG-Premier League,2425.0,Nottingham,willy boly,CIV,DF,33.0,1991.0,6,1,150,1.7,0,0,0,0,0,0,1,0,0.0,0.0,0.0,0.0,0.0,1,1,100.0,0.6,0.6,0.0,0.0,25,4.4,90.0,1,5,12.0,23,2.17,3,1,2,1.2,0.92,0,1,0,0,0,3,1,0,,,,,,,,,,,,,,,,Centre-Back,34.0,1500000.0
ENG-Premier League,2425.0,Nottingham,alex moreno,ESP,DF,31.0,1993.0,15,11,955,10.6,0,1,1,0,0,0,2,0,0.0,0.09,0.09,0.0,0.09,6,0,0.0,0.57,0.0,0.0,,64,27.9,79.0,3,4,23.0,12,1.4,11,16,-5,-0.47,-1.09,0,12,6,0,19,16,18,0,,,,,,,,,,,,,,,,Left-Back,32.0,7000000.0
ENG-Premier League,2425.0,Southampton,aaron ramsdale,ENG,GK,26.0,1998.0,30,30,2700,30.0,0,0,0,0,0,0,2,0,0.0,0.0,0.0,0.0,0.0,0,0,,0.0,0.0,,,90,78.9,90.0,30,0,,0,0.37,21,66,-45,-1.5,0.38,0,1,4,0,0,1,0,0,66.0,2.2,189.0,123.0,65.1,2.0,5.0,23.0,3.0,10.0,7.0,5.0,2.0,0.0,28.6,Goalkeeper,27.0,16000000.0
ENG-Premier League,2425.0,Southampton,adam armstrong,ENG,"FW,MF",27.0,1997.0,20,15,1248,13.9,2,2,4,2,0,1,4,0,0.14,0.14,0.29,0.14,0.29,26,9,34.6,1.87,0.65,0.08,0.22,62,36.5,75.0,4,5,25.0,4,0.3,7,35,-28,-2.02,-0.69,0,12,5,9,14,4,3,0,,,,,,,,,,,,,,,,Centre-Forward,28.0,12000000.0
ENG-Premier League,2425.0,Southampton,adam lallana,ENG,MF,36.0,1988.0,14,5,361,4.0,0,2,2,0,0,0,4,0,0.0,0.5,0.5,0.0,0.5,3,0,0.0,0.75,0.0,0.0,,26,10.6,51.0,0,9,12.0,6,0.5,3,8,-5,-1.25,0.37,0,8,8,0,4,5,5,0,,,,,,,,,,,,,,,,Attacking Midfield,37.0,750000.0
ENG-Premier League,2425.0,Southampton,albert grnbaek,DEN,"MF,FW",23.0,2001.0,4,2,143,1.6,0,0,0,0,0,0,0,0,0.0,0.0,0.0,0.0,0.0,2,0,0.0,1.26,0.0,0.0,,36,4.2,66.0,0,2,6.0,2,0.75,2,3,-1,-0.63,0.99,0,0,1,0,1,0,1,0,,,,,,,,,,,,,,,,Attacking Midfield,24.0,11000000.0
ENG-Premier League,2425.0,Southampton,alex mccarthy,ENG,GK,34.0,1989.0,5,5,450,5.0,0,0,0,0,0,0,0,0,0.0,0.0,0.0,0.0,0.0,0,0,,0.0,0.0,,,90,13.2,90.0,5,0,,33,0.0,3,13,-10,-2.0,-0.48,0,0,1,0,0,0,0,0,13.0,2.6,37.0,24.0,64.9,0.0,0.0,5.0,0.0,0.0,2.0,2.0,0.0,0.0,0.0,Goalkeeper,35.0,350000.0
ENG-Premier League,2425.0,Southampton,armel bella kotchap,GER,DF,22.0,2001.0,4,2,331,3.7,0,0,0,0,0,0,0,0,0.0,0.0,0.0,0.0,0.0,1,0,0.0,0.27,0.0,0.0,,83,9.7,90.0,2,2,76.0,8,0.0,2,13,-11,-2.99,-1.56,0,3,2,0,0,5,5,0,,,,,,,,,,,,,,,,Centre-Back,23.0,9000000.0
ENG-Premier League,2425.0,Southampton,ben brereton,CHI,"FW,MF",25.0,1999.0,10,4,449,5.0,0,0,0,0,0,0,1,0,0.0,0.0,0.0,0.0,0.0,11,1,9.1,2.2,0.2,0.0,0.0,45,13.1,78.0,2,6,23.0,4,0.2,2,10,-8,-1.6,-0.03,0,4,8,1,5,0,2,0,,,,,,,,,,,,,,,,,,
ENG-Premier League,2425.0,Southampton,cameron archer,ENG,FW,23.0,2001.0,35,13,1441,16.0,2,0,2,2,0,1,0,0,0.12,0.0,0.12,0.12,0.12,29,11,37.9,1.81,0.69,0.07,0.18,41,42.1,71.0,0,22,24.0,2,0.26,10,34,-24,-1.5,0.14,0,16,13,8,4,1,9,0,,,,,,,,,,,,,,,,Centre-Forward,23.0,12000000.0
ENG-Premier League,2425.0,Southampton,carlos alcaraz,ARG,MF,21.0,2002.0,1,0,10,0.1,0,0,0,0,0,0,0,0,0.0,0.0,0.0,0.0,0.0,1,1,100.0,9.0,9.0,0.0,0.0,10,0.3,,0,1,10.0,0,0.0,0,0,0,0.0,1.58,0,1,0,0,1,1,0,0,,,,,,,,,,,,,,,,Central Midfield,22.0,14000000.0
ENG-Premier League,2425.0,Southampton,charlie taylor,ENG,DF,30.0,1993.0,8,3,356,4.0,0,0,0,0,0,0,1,0,0.0,0.0,0.0,0.0,0.0,0,0,,0.0,0.0,,,45,10.4,90.0,3,5,17.0,6,0.13,3,12,-9,-2.28,-0.78,0,2,3,0,9,5,6,0,,,,,,,,,,,,,,,,Left-Back,31.0,2200000.0
ENG-Premier League,2425.0,Southampton,flynn downes,ENG,MF,25.0,1999.0,27,25,2151,23.9,1,0,1,1,0,0,12,0,0.04,0.0,0.04,0.04,0.04,10,3,30.0,0.42,0.13,0.1,0.33,80,62.9,85.0,18,2,13.0,2,0.33,14,49,-35,-1.46,0.31,0,50,39,0,4,31,27,0,,,,,,,,,,,,,,,,Defensive Midfield,26.0,13000000.0
ENG-Premier League,2425.0,Southampton,jack stephens,ENG,DF,30.0,1994.0,19,17,1389,15.4,1,0,1,1,0,0,2,2,0.06,0.0,0.06,0.06,0.06,4,2,50.0,0.26,0.13,0.25,0.5,73,40.6,81.0,12,2,6.0,4,0.53,8,28,-20,-1.3,0.48,0,13,4,1,1,12,20,0,,,,,,,,,,,,,,,,Centre-Back,31.0,1500000.0
ENG-Premier League,2425.0,Southampton,james bree,ENG,"DF,MF",26.0,1997.0,17,13,1075,11.9,0,1,1,0,0,0,0,0,0.0,0.08,0.08,0.0,0.08,4,1,25.0,0.33,0.08,0.0,0.0,63,31.4,78.0,7,4,15.0,15,0.29,8,31,-23,-1.93,-0.51,0,4,5,0,29,5,13,0,,,,,,,,,,,,,,,,Right-Back,27.0,2500000.0
ENG-Premier League,2425.0,Southampton,jan bednarek,POL,DF,28.0,1996.0,30,30,2531,28.1,2,0,2,2,0,0,7,0,0.07,0.0,0.07,0.07,0.07,5,3,60.0,0.18,0.11,0.4,0.67,84,74.0,84.0,26,0,,0,0.37,19,57,-38,-1.35,0.88,0,31,13,0,1,55,19,0,,,,,,,,,,,,,,,,Centre-Back,29.0,9000000.0
ENG-Premier League,2425.0,Southampton,jay robinson,ENG,MF,17.0,2007.0,4,1,137,1.5,0,0,0,0,0,0,0,0,0.0,0.0,0.0,0.0,0.0,1,1,100.0,0.66,0.66,0.0,0.0,34,4.0,78.0,0,3,20.0,1,0.0,1,2,-1,-0.66,0.96,0,3,1,0,1,0,1,0,,,,,,,,,,,,,,,,Left Winger,18.0,
ENG-Premier League,2425.0,Southampton,joachim kayi sanda,FRA,DF,17.0,2006.0,2,0,14,0.2,0,0,0,0,0,0,0,0,0.0,0.0,0.0,0.0,0.0,0,0,,0.0,0.0,,,7,0.4,,0,2,7.0,0,0.0,0,1,-1,-6.43,-4.87,0,0,0,0,0,1,0,0,,,,,,,,,,,,,,,,Centre-Back,18.0,1500000.0
ENG-Premier League,2425.0,Southampton,joe aribo,NGA,MF,28.0,1996.0,32,21,2013,22.4,3,0,3,3,0,0,1,0,0.13,0.0,0.13,0.13,0.13,17,7,41.2,0.76,0.31,0.18,0.43,63,58.9,79.0,8,11,32.0,6,0.34,17,56,-39,-1.74,-0.4,0,20,27,1,10,20,34,0,,,,,,,,,,,,,,,,Central Midfield,28.0,6000000.0
ENG-Premier League,2425.0,Southampton,joe lumley,ENG,GK,29.0,1995.0,3,3,270,3.0,0,0,0,0,0,0,0,0,0.0,0.0,0.0,0.0,0.0,0,0,,0.0,0.0,,,90,7.9,90.0,3,0,,5,0.33,2,7,-5,-1.67,-0.1,0,0,0,0,0,0,0,0,7.0,2.33,20.0,13.0,65.0,0.0,1.0,2.0,0.0,0.0,0.0,0.0,0.0,0.0,,Goalkeeper,30.0,500000.0
ENG-Premier League,2425.0,Southampton,kamaldeen sulemana,GHA,"FW,MF",22.0,2002.0,26,17,1402,15.6,1,1,2,1,0,0,2,0,0.06,0.06,0.13,0.06,0.13,29,8,27.6,1.86,0.51,0.03,0.13,54,41.0,74.0,5,9,16.0,2,0.27,11,36,-25,-1.6,-0.04,0,22,11,3,26,5,16,0,,,,,,,,,,,,,,,,Left Winger,23.0,13000000.0
ENG-Premier League,2425.0,Southampton,kyle walker peters,ENG,"MF,DF",27.0,1997.0,33,33,2918,32.4,0,2,2,0,0,0,5,0,0.0,0.06,0.06,0.0,0.06,20,6,30.0,0.62,0.19,0.0,0.0,88,85.3,88.0,29,0,,2,0.3,23,77,-54,-1.67,-0.59,0,28,52,2,50,19,32,0,,,,,,,,,,,,,,,,Right-Back,28.0,15000000.0
ENG-Premier League,2425.0,Southampton,lesley ugochukwu,FRA,MF,20.0,2004.0,26,18,1655,18.4,1,1,2,1,0,0,7,0,0.05,0.05,0.11,0.05,0.11,10,1,10.0,0.54,0.05,0.1,1.0,64,48.4,77.0,4,8,33.0,6,0.42,13,39,-26,-1.41,0.32,0,31,16,0,6,14,22,0,,,,,,,,,,,,,,,,Defensive Midfield,21.0,18000000.0
ENG-Premier League,2425.0,Southampton,mateus fernandes,POR,MF,20.0,2004.0,36,34,2909,32.3,2,4,6,2,0,0,8,0,0.06,0.12,0.19,0.06,0.19,42,14,33.3,1.3,0.43,0.05,0.14,81,85.1,84.0,19,2,30.0,0,0.33,25,66,-41,-1.27,2.08,0,46,54,4,113,25,50,0,,,,,,,,,,,,,,,,Central Midfield,20.0,15000000.0
ENG-Premier League,2425.0,Southampton,maxwel cornet,CIV,MF,27.0,1996.0,2,1,72,0.8,0,0,0,0,0,0,1,0,0.0,0.0,0.0,0.0,0.0,1,0,0.0,1.25,0.0,0.0,,36,2.1,45.0,0,1,27.0,3,0.0,0,4,-4,-5.0,-3.49,0,0,1,1,3,0,5,0,,,,,,,,,,,,,,,,Left Winger,28.0,8000000.0
ENG-Premier League,2425.0,Southampton,nathan wood gordon,ENG,DF,22.0,2002.0,11,9,773,8.6,0,0,0,0,0,0,2,0,0.0,0.0,0.0,0.0,0.0,2,0,0.0,0.23,0.0,0.0,,70,22.6,77.0,6,2,42.0,14,0.09,3,20,-17,-1.98,-0.52,0,9,4,0,3,4,7,0,,,,,,,,,,,,,,,,,,
ENG-Premier League,2425.0,Southampton,paul onuachu,NGA,FW,30.0,1994.0,25,11,1050,11.7,4,1,5,4,0,0,4,0,0.34,0.09,0.43,0.34,0.43,34,15,44.1,2.91,1.29,0.12,0.27,42,30.7,72.0,4,14,19.0,3,0.36,11,26,-15,-1.29,0.42,0,28,16,10,0,1,2,0,,,,,,,,,,,,,,,,Centre-Forward,31.0,6000000.0
ENG-Premier League,2425.0,Southampton,ronnie edwards,ENG,DF,21.0,2003.0,1,0,12,0.1,0,0,0,0,0,0,0,0,0.0,0.0,0.0,0.0,0.0,0,0,,0.0,0.0,,,12,0.4,,0,1,12.0,2,0.0,0,1,-1,-7.5,-5.94,0,0,0,0,0,0,0,0,,,,,,,,,,,,,,,,Centre-Back,22.0,3800000.0
ENG-Premier League,2425.0,Southampton,ross stewart,SCO,FW,28.0,1996.0,12,4,389,4.3,1,0,1,1,0,0,1,0,0.23,0.0,0.23,0.23,0.23,9,2,22.2,2.08,0.46,0.11,0.5,32,11.4,51.0,0,8,23.0,0,0.25,5,9,-4,-0.93,0.74,0,7,7,1,0,0,5,0,,,,,,,,,,,,,,,,Centre-Forward,28.0,4000000.0
ENG-Premier League,2425.0,Southampton,ryan fraser,SCO,"MF,DF",30.0,1994.0,8,4,306,3.4,0,0,0,0,0,0,0,1,0.0,0.0,0.0,0.0,0.0,1,1,100.0,0.29,0.29,0.0,0.0,38,8.9,60.0,0,4,17.0,5,0.25,4,10,-6,-1.76,-0.2,0,1,4,1,12,1,2,0,,,,,,,,,,,,,,,,Left Winger,31.0,2000000.0
ENG-Premier League,2425.0,Southampton,ryan manning,IRL,"DF,MF",28.0,1996.0,24,18,1462,16.2,0,1,1,0,0,0,2,0,0.0,0.06,0.06,0.0,0.06,8,1,12.5,0.49,0.06,0.0,0.0,61,42.7,77.0,5,6,14.0,7,0.29,12,35,-23,-1.42,0.28,0,19,33,0,84,17,18,0,,,,,,,,,,,,,,,,Left-Back,29.0,3000000.0
ENG-Premier League,2425.0,Southampton,samuel amo ameyaw,ENG,"FW,MF",18.0,2006.0,2,0,28,0.3,0,0,0,0,0,0,1,0,0.0,0.0,0.0,0.0,0.0,1,0,0.0,3.21,0.0,0.0,,14,0.8,,0,2,14.0,7,0.0,0,0,0,0.0,1.59,0,1,2,0,2,0,0,0,,,,,,,,,,,,,,,,Right Winger,18.0,4000000.0
ENG-Premier League,2425.0,Southampton,samuel edozie,ENG,"FW,MF",21.0,2003.0,2,0,65,0.7,0,0,0,0,0,0,1,0,0.0,0.0,0.0,0.0,0.0,0,0,,0.0,0.0,,,33,1.9,,0,2,33.0,0,0.0,0,0,0,0.0,1.61,0,2,1,0,4,0,1,0,,,,,,,,,,,,,,,,Left Winger,22.0,6000000.0
ENG-Premier League,2425.0,Southampton,taylor harwood bellis,ENG,DF,22.0,2002.0,34,32,2825,31.4,1,0,1,1,0,0,9,0,0.03,0.0,0.03,0.03,0.03,20,8,40.0,0.64,0.25,0.05,0.13,83,82.6,87.0,27,2,28.0,0,0.35,20,65,-45,-1.43,0.84,0,35,14,0,10,29,22,0,,,,,,,,,,,,,,,,Centre-Back,23.0,22000000.0
ENG-Premier League,2425.0,Southampton,tyler dibling,ENG,"MF,FW",18.0,2006.0,33,20,1874,20.8,2,0,2,2,0,0,6,0,0.1,0.0,0.1,0.1,0.1,28,9,32.1,1.34,0.43,0.07,0.22,57,54.8,76.0,8,13,27.0,1,0.27,16,50,-34,-1.63,-0.12,0,30,51,2,28,7,21,0,,,,,,,,,,,,,,,,Right Winger,19.0,25000000.0
ENG-Premier League,2425.0,Southampton,welington,BRA,"MF,DF",23.0,2001.0,10,6,482,5.4,0,0,0,0,0,0,1,0,0.0,0.0,0.0,0.0,0.0,3,0,0.0,0.56,0.0,0.0,,48,14.1,73.0,2,4,11.0,3,0.6,4,10,-6,-1.12,0.53,0,6,8,1,17,5,10,0,,,,,,,,,,,,,,,,Left-Back,24.0,3000000.0
ENG-Premier League,2425.0,Southampton,william smallbone,IRL,MF,24.0,2000.0,18,6,690,7.7,1,0,1,1,0,0,1,0,0.13,0.0,0.13,0.13,0.13,7,2,28.6,0.91,0.26,0.14,0.5,38,20.2,72.0,2,12,21.0,2,0.22,4,22,-18,-2.35,-0.96,0,11,3,0,36,2,12,0,,,,,,,,,,,,,,,,,,
ENG-Premier League,2425.0,Southampton,yukinari sugawara,JPN,"MF,DF",24.0,2000.0,30,16,1557,17.3,1,1,2,1,0,0,4,0,0.06,0.06,0.12,0.06,0.12,14,6,42.9,0.81,0.35,0.07,0.17,52,45.5,76.0,6,14,24.0,5,0.33,13,46,-33,-1.91,-0.6,0,15,10,4,70,9,16,0,,,,,,,,,,,,,,,,Right-Back,25.0,11000000.0
ENG-Premier League,2425.0,Tottenham,alfie dorrington,ENG,DF,19.0,2005.0,1,0,14,0.2,0,0,0,0,0,0,0,0,0.0,0.0,0.0,0.0,0.0,0,0,,0.0,0.0,,,14,0.4,,0,1,14.0,3,3.0,0,0,0,0.0,0.03,0,0,0,0,0,0,0,0,,,,,,,,,,,,,,,,Centre-Back,20.0,700000.0
ENG-Premier League,2425.0,Tottenham,antonin kinsky,CZE,GK,21.0,2003.0,6,6,540,6.0,0,0,0,0,0,0,0,0,0.0,0.0,0.0,0.0,0.0,0,0,,0.0,0.0,,,90,15.8,90.0,6,0,,12,0.5,6,11,-5,-0.83,-0.96,0,0,0,0,0,0,1,0,11.0,1.83,35.0,24.0,68.6,1.0,0.0,5.0,1.0,16.7,0.0,0.0,0.0,0.0,,Goalkeeper,22.0,15000000.0
ENG-Premier League,2425.0,Tottenham,archie gray,ENG,"DF,MF",18.0,2006.0,28,19,1751,19.5,0,0,0,0,0,0,1,0,0.0,0.0,0.0,0.0,0.0,1,1,100.0,0.05,0.05,0.0,0.0,63,51.2,88.0,17,9,10.0,10,1.11,30,41,-11,-0.57,-1.1,0,17,11,0,17,18,9,1,,,,,,,,,,,,,,,,Defensive Midfield,19.0,38000000.0
ENG-Premier League,2425.0,Tottenham,ben davies,WAL,DF,31.0,1993.0,17,14,1331,14.8,0,0,0,0,0,0,5,0,0.0,0.0,0.0,0.0,0.0,5,1,20.0,0.34,0.07,0.0,0.0,78,38.9,88.0,13,3,33.0,7,1.0,22,26,-4,-0.27,-0.4,0,17,7,0,4,12,11,0,,,,,,,,,,,,,,,,Centre-Back,32.0,6000000.0
ENG-Premier League,2425.0,Tottenham,brandon austin,ENG,GK,25.0,1999.0,1,1,90,1.0,0,0,0,0,0,0,0,0,0.0,0.0,0.0,0.0,0.0,0,0,,0.0,0.0,,,90,2.6,90.0,1,0,,12,0.0,1,2,-1,-1.0,-1.0,0,0,2,0,0,0,0,0,2.0,2.0,4.0,2.0,50.0,0.0,0.0,1.0,0.0,0.0,0.0,0.0,0.0,0.0,,Goalkeeper,26.0,600000.0
ENG-Premier League,2425.0,Tottenham,brennan johnson,WAL,"FW,MF",23.0,2001.0,33,24,2177,24.2,11,3,14,11,0,0,5,0,0.45,0.12,0.58,0.45,0.58,54,20,37.0,2.23,0.83,0.2,0.55,66,63.7,79.0,14,9,31.0,2,1.03,40,38,2,0.08,0.3,0,27,26,12,52,4,23,0,,,,,,,,,,,,,,,,Right Winger,24.0,40000000.0
ENG-Premier League,2425.0,Tottenham,cristian romero,ARG,DF,26.0,1998.0,18,18,1416,15.7,1,0,1,1,0,0,3,0,0.06,0.0,0.06,0.06,0.06,16,8,50.0,1.02,0.51,0.06,0.13,79,41.4,79.0,13,0,,3,1.11,27,22,5,0.32,0.59,0,14,12,2,3,15,29,0,,,,,,,,,,,,,,,,Centre-Back,27.0,50000000.0
ENG-Premier League,2425.0,Tottenham,dane scarlett,ENG,FW,20.0,2004.0,3,0,34,0.4,0,1,1,0,0,0,0,0,0.0,2.65,2.65,0.0,2.65,1,1,100.0,2.65,2.65,0.0,0.0,11,1.0,,0,3,11.0,3,2.0,3,1,2,5.29,5.37,0,0,1,1,0,0,0,0,,,,,,,,,,,,,,,,Centre-Forward,21.0,2000000.0
ENG-Premier League,2425.0,Tottenham,dejan kulusevski,SWE,"MF,FW",24.0,2000.0,32,27,2389,26.5,7,4,11,7,0,0,3,0,0.26,0.15,0.41,0.26,0.41,47,18,38.3,1.77,0.68,0.15,0.39,75,69.9,84.0,22,5,24.0,0,1.06,50,41,9,0.34,1.21,0,48,38,5,84,10,21,0,,,,,,,,,,,,,,,,Attacking Midfield,25.0,50000000.0
ENG-Premier League,2425.0,Tottenham,destiny udogie,ITA,DF,21.0,2002.0,25,24,1924,21.4,0,1,1,0,0,0,2,0,0.0,0.05,0.05,0.0,0.05,5,1,20.0,0.23,0.05,0.0,0.0,77,56.3,80.0,14,1,4.0,5,1.12,36,35,1,0.05,0.17,0,28,38,3,19,21,45,1,,,,,,,,,,,,,,,,Left-Back,22.0,40000000.0
ENG-Premier League,2425.0,Tottenham,djed spence,ENG,DF,23.0,2000.0,25,19,1792,19.9,1,2,3,1,0,0,4,1,0.05,0.1,0.15,0.05,0.15,10,3,30.0,0.5,0.15,0.1,0.33,72,52.4,89.0,17,6,16.0,8,1.08,33,39,-6,-0.3,-0.58,1,21,23,2,23,21,33,1,,,,,,,,,,,,,,,,Left-Back,24.0,20000000.0
ENG-Premier League,2425.0,Tottenham,dominic solanke,ENG,FW,26.0,1997.0,27,25,2201,24.5,9,3,12,8,1,1,0,0,0.37,0.12,0.49,0.33,0.45,60,26,43.3,2.45,1.06,0.13,0.31,82,64.4,86.0,18,2,21.0,1,0.89,45,43,2,0.08,0.3,0,36,36,5,4,1,10,1,,,,,,,,,,,,,,,,Centre-Forward,27.0,40000000.0
ENG-Premier League,2425.0,Tottenham,fraser forster,ENG,GK,36.0,1988.0,7,7,630,7.0,0,0,0,0,0,0,0,0,0.0,0.0,0.0,0.0,0.0,0,0,,0.0,0.0,,,90,18.4,90.0,7,0,,11,0.71,14,15,-1,-0.14,-0.14,0,0,0,0,0,0,0,0,15.0,2.14,42.0,28.0,64.3,1.0,2.0,4.0,1.0,14.3,2.0,2.0,0.0,0.0,0.0,Goalkeeper,37.0,1000000.0
ENG-Premier League,2425.0,Tottenham,guglielmo vicario,ITA,GK,27.0,1996.0,24,24,2160,24.0,0,0,0,0,0,0,1,0,0.0,0.0,0.0,0.0,0.0,0,0,,0.0,0.0,,,90,63.2,90.0,24,0,,2,1.25,43,37,6,0.25,0.75,0,0,2,0,0,1,0,0,37.0,1.54,105.0,68.0,64.8,9.0,3.0,12.0,4.0,16.7,1.0,1.0,0.0,0.0,0.0,Goalkeeper,28.0,32000000.0
ENG-Premier League,2425.0,Tottenham,james maddison,ENG,MF,27.0,1996.0,31,21,1809,20.1,9,7,16,9,0,0,6,0,0.45,0.35,0.8,0.45,0.8,39,17,43.6,1.94,0.85,0.23,0.53,58,52.9,75.0,1,10,24.0,1,1.1,38,32,6,0.3,0.69,0,32,64,4,96,10,19,0,,,,,,,,,,,,,,,,Attacking Midfield,28.0,42000000.0
ENG-Premier League,2425.0,Tottenham,kevin danso,AUT,DF,25.0,1998.0,10,9,842,9.4,0,0,0,0,0,0,0,0,0.0,0.0,0.0,0.0,0.0,7,3,42.9,0.75,0.32,0.0,0.0,84,24.6,89.0,8,1,45.0,0,0.8,11,18,-7,-0.75,-0.96,0,9,13,0,1,6,4,0,,,,,,,,,,,,,,,,Centre-Back,26.0,25000000.0
ENG-Premier League,2425.0,Tottenham,lucas bergvall,SWE,MF,18.0,2006.0,27,11,1212,13.5,0,1,1,0,0,0,3,0,0.0,0.07,0.07,0.0,0.07,12,2,16.7,0.89,0.15,0.0,0.0,45,35.4,81.0,6,16,20.0,7,1.11,28,25,3,0.22,0.39,0,20,17,0,21,21,18,0,,,,,,,,,,,,,,,,Central Midfield,19.0,38000000.0
ENG-Premier League,2425.0,Tottenham,mathys tel,FRA,FW,19.0,2005.0,13,11,911,10.1,2,1,3,1,1,1,2,0,0.2,0.1,0.3,0.1,0.2,23,9,39.1,2.27,0.89,0.04,0.11,70,26.6,82.0,6,2,4.0,1,0.77,10,20,-10,-0.99,-1.31,0,15,16,1,32,2,5,0,,,,,,,,,,,,,,,,Centre-Forward,20.0,35000000.0
ENG-Premier League,2425.0,Tottenham,micky van de ven,NED,DF,23.0,2001.0,13,12,1015,11.3,0,2,2,0,0,0,4,0,0.0,0.18,0.18,0.0,0.18,6,2,33.3,0.53,0.18,0.0,0.0,78,29.7,82.0,7,1,30.0,6,1.08,22,17,5,0.44,0.67,0,10,9,0,0,9,7,0,,,,,,,,,,,,,,,,Centre-Back,24.0,50000000.0
ENG-Premier League,2425.0,Tottenham,mikey moore,ENG,"MF,FW",16.0,2007.0,10,3,366,4.1,0,1,1,0,0,0,0,0,0.0,0.25,0.25,0.0,0.25,3,1,33.3,0.74,0.25,0.0,0.0,37,10.7,64.0,0,7,25.0,8,1.0,4,5,-1,-0.25,-0.25,0,3,7,3,16,1,0,0,,,,,,,,,,,,,,,,Left Winger,17.0,18000000.0
ENG-Premier League,2425.0,Tottenham,pape matar sarr,SEN,MF,21.0,2002.0,36,22,1913,21.3,3,2,5,3,0,0,6,0,0.14,0.09,0.24,0.14,0.24,34,13,38.2,1.6,0.61,0.09,0.23,53,55.9,70.0,6,14,27.0,2,0.97,33,38,-5,-0.24,-0.47,0,33,35,2,14,27,36,0,,,,,,,,,,,,,,,,Central Midfield,22.0,32000000.0
ENG-Premier League,2425.0,Tottenham,pedro porro,ESP,DF,24.0,1999.0,33,28,2610,29.0,2,6,8,2,0,0,5,0,0.07,0.21,0.28,0.07,0.28,39,8,20.5,1.34,0.28,0.05,0.25,79,76.3,89.0,24,5,26.0,5,1.12,54,47,7,0.24,1.13,0,25,33,1,200,31,45,0,,,,,,,,,,,,,,,,Right-Back,25.0,38000000.0
ENG-Premier League,2425.0,Tottenham,radu dragusin,ROU,DF,22.0,2002.0,16,14,1252,13.9,0,0,0,0,0,0,1,0,0.0,0.0,0.0,0.0,0.0,5,1,20.0,0.36,0.07,0.0,0.0,78,36.6,83.0,11,2,43.0,7,0.88,25,29,-4,-0.29,-0.41,0,6,10,0,1,13,6,0,,,,,,,,,,,,,,,,Centre-Back,23.0,25000000.0
ENG-Premier League,2425.0,Tottenham,richarlison,BRA,FW,27.0,1997.0,15,4,504,5.6,4,1,5,4,0,0,2,0,0.71,0.18,0.89,0.71,0.89,17,7,41.2,3.04,1.25,0.24,0.57,34,14.7,72.0,1,11,20.0,2,0.93,11,9,2,0.36,0.45,0,7,13,3,7,0,3,0,,,,,,,,,,,,,,,,Centre-Forward,28.0,20000000.0
ENG-Premier League,2425.0,Tottenham,rodrigo bentancur,URU,MF,27.0,1997.0,26,21,1645,18.3,2,0,2,2,0,0,9,0,0.11,0.0,0.11,0.11,0.11,22,6,27.3,1.2,0.33,0.09,0.33,63,48.1,75.0,7,5,15.0,1,1.04,26,26,0,0.0,0.05,0,34,10,1,4,38,22,0,,,,,,,,,,,,,,,,Defensive Midfield,28.0,30000000.0
ENG-Premier League,2425.0,Tottenham,sergio reguilon,ESP,DF,27.0,1996.0,4,1,196,2.2,0,0,0,0,0,0,2,0,0.0,0.0,0.0,0.0,0.0,2,0,0.0,0.92,0.0,0.0,,49,5.7,73.0,0,3,41.0,10,0.25,0,3,-3,-1.38,-1.43,0,2,6,0,12,4,3,0,,,,,,,,,,,,,,,,Left-Back,28.0,6000000.0
ENG-Premier League,2425.0,Tottenham,son heung min,KOR,"FW,MF",32.0,1992.0,30,24,2110,23.4,7,9,16,6,1,2,1,0,0.3,0.38,0.68,0.26,0.64,57,26,45.6,2.43,1.11,0.11,0.23,70,61.7,79.0,11,6,35.0,0,1.13,44,35,9,0.38,1.07,0,6,28,12,76,4,9,0,,,,,,,,,,,,,,,,,,
ENG-Premier League,2425.0,Tottenham,timo werner,GER,"FW,MF",28.0,1996.0,18,4,516,5.7,0,3,3,0,0,0,0,0,0.0,0.52,0.52,0.0,0.52,8,3,37.5,1.4,0.52,0.0,0.0,29,15.1,71.0,0,14,17.0,3,0.83,11,12,-1,-0.17,-0.17,0,3,5,5,27,2,4,0,,,,,,,,,,,,,,,,Centre-Forward,29.0,7000000.0
ENG-Premier League,2425.0,Tottenham,will lankshear,ENG,FW,19.0,2005.0,3,0,11,0.1,0,0,0,0,0,0,0,0,0.0,0.0,0.0,0.0,0.0,0,0,,0.0,0.0,,,4,0.3,,0,3,4.0,12,1.33,0,0,0,0.0,0.03,0,2,0,0,0,0,0,0,,,,,,,,,,,,,,,,Centre-Forward,20.0,3000000.0
ENG-Premier League,2425.0,Tottenham,wilson odobert,FRA,"FW,MF",19.0,2004.0,16,9,850,9.4,1,0,1,1,0,0,0,0,0.11,0.0,0.11,0.11,0.11,13,4,30.8,1.38,0.42,0.08,0.25,53,24.9,77.0,3,7,23.0,0,0.88,9,20,-11,-1.16,-1.51,0,2,3,1,25,4,5,0,,,,,,,,,,,,,,,,Left Winger,20.0,20000000.0
ENG-Premier League,2425.0,Tottenham,yves bissouma,MLI,MF,27.0,1996.0,28,16,1408,15.6,2,0,2,2,0,0,7,0,0.13,0.0,0.13,0.13,0.13,11,4,36.4,0.7,0.26,0.18,0.5,50,41.2,72.0,4,12,21.0,6,1.11,28,28,0,0.0,0.04,0,29,18,0,2,16,29,0,,,,,,,,,,,,,,,,Defensive Midfield,28.0,25000000.0
ENG-Premier League,2425.0,West Ham,aaron cresswell,ENG,DF,34.0,1989.0,18,10,824,9.2,0,0,0,0,0,0,3,0,0.0,0.0,0.0,0.0,0.0,5,0,0.0,0.55,0.0,0.0,,46,24.1,76.0,4,8,8.0,13,1.78,8,8,0,0.0,0.55,0,4,2,0,37,8,8,0,,,,,,,,,,,,,,,,Left-Back,35.0,500000.0
ENG-Premier League,2425.0,West Ham,aaron wan bissaka,COD,"DF,MF",26.0,1997.0,36,35,3154,35.0,2,5,7,2,0,0,1,0,0.06,0.14,0.2,0.06,0.2,16,5,31.3,0.46,0.14,0.13,0.4,88,92.2,89.0,33,1,29.0,1,1.17,44,59,-15,-0.43,-0.09,0,25,28,5,76,61,49,1,,,,,,,,,,,,,,,,Right-Back,27.0,24000000.0
ENG-Premier League,2425.0,West Ham,alphonse areola,FRA,GK,31.0,1993.0,26,25,2260,25.1,0,0,0,0,0,0,0,0,0.0,0.0,0.0,0.0,0.0,0,0,,0.0,0.0,,,87,66.1,88.0,24,1,55.0,8,0.96,29,41,-12,-0.48,-0.17,0,0,0,0,0,0,2,1,41.0,1.63,121.0,80.0,66.1,5.0,7.0,13.0,5.0,20.0,0.0,0.0,0.0,0.0,,Goalkeeper,32.0,9000000.0
ENG-Premier League,2425.0,West Ham,andy irving,SCO,MF,24.0,2000.0,10,1,166,1.8,0,0,0,0,0,0,2,0,0.0,0.0,0.0,0.0,0.0,4,2,50.0,2.17,1.08,0.0,0.0,17,4.9,76.0,0,9,10.0,15,1.1,1,4,-3,-1.63,-1.27,0,6,1,0,2,1,4,0,,,,,,,,,,,,,,,,,,
ENG-Premier League,2425.0,West Ham,carlos soler,ESP,MF,27.0,1997.0,31,14,1409,15.7,1,1,2,1,0,0,6,0,0.06,0.06,0.13,0.06,0.13,25,9,36.0,1.6,0.57,0.04,0.11,45,41.2,67.0,1,17,28.0,2,1.16,16,25,-9,-0.57,-0.26,0,26,19,0,35,8,11,0,,,,,,,,,,,,,,,,Central Midfield,28.0,18000000.0
ENG-Premier League,2425.0,West Ham,crysencio summerville,NED,"MF,FW",22.0,2001.0,19,7,786,8.7,1,1,2,1,0,0,2,0,0.11,0.11,0.23,0.11,0.23,14,5,35.7,1.6,0.57,0.07,0.2,41,23.0,67.0,1,12,26.0,1,1.05,13,20,-7,-0.8,-0.49,0,9,23,4,21,0,7,0,,,,,,,,,,,,,,,,Left Winger,23.0,22000000.0
ENG-Premier League,2425.0,West Ham,danny ings,ENG,FW,32.0,1992.0,15,1,284,3.2,1,2,3,1,0,0,0,0,0.32,0.63,0.95,0.32,0.95,14,5,35.7,4.44,1.58,0.07,0.2,19,8.3,45.0,0,14,17.0,15,1.07,4,4,0,0.0,0.46,0,0,2,0,3,1,2,0,,,,,,,,,,,,,,,,Centre-Forward,32.0,6000000.0
ENG-Premier League,2425.0,West Ham,edson alvarez,MEX,MF,26.0,1997.0,28,20,1772,19.7,0,1,1,0,0,0,9,1,0.0,0.05,0.05,0.0,0.05,12,1,8.3,0.61,0.05,0.0,0.0,63,51.8,76.0,4,8,32.0,2,1.25,19,29,-10,-0.51,-0.18,1,42,18,4,7,18,26,0,,,,,,,,,,,,,,,,Defensive Midfield,27.0,25000000.0
ENG-Premier League,2425.0,West Ham,emerson palmieri,ITA,"DF,MF",29.0,1994.0,31,26,2113,23.5,2,1,3,2,0,0,5,0,0.09,0.04,0.13,0.09,0.13,16,7,43.8,0.68,0.3,0.13,0.29,68,61.8,77.0,7,5,24.0,4,1.16,32,41,-9,-0.38,0.1,0,25,13,0,62,22,31,0,,,,,,,,,,,,,,,,,,
ENG-Premier League,2425.0,West Ham,evan ferguson,IRL,FW,19.0,2004.0,8,1,156,1.7,0,0,0,0,0,0,0,0,0.0,0.0,0.0,0.0,0.0,5,1,20.0,2.88,0.58,0.0,0.0,20,4.6,45.0,0,7,16.0,4,1.13,0,2,-2,-1.15,-0.77,0,1,2,0,0,1,1,0,,,,,,,,,,,,,,,,Centre-Forward,20.0,25000000.0
ENG-Premier League,2425.0,West Ham,guido rodriguez,ARG,MF,30.0,1994.0,23,16,1149,12.8,0,1,1,0,0,0,6,0,0.0,0.08,0.08,0.0,0.08,8,1,12.5,0.63,0.08,0.0,0.0,50,33.6,69.0,3,7,5.0,13,1.43,18,19,-1,-0.08,0.52,0,18,12,2,5,13,21,0,,,,,,,,,,,,,,,,Defensive Midfield,31.0,10000000.0
ENG-Premier League,2425.0,West Ham,james ward prowse,ENG,MF,29.0,1994.0,15,12,1039,11.5,1,1,2,1,0,0,2,0,0.09,0.09,0.17,0.09,0.17,12,4,33.3,1.04,0.35,0.08,0.25,69,30.4,80.0,6,3,25.0,1,1.07,12,11,1,0.09,0.73,0,10,4,0,48,8,14,0,,,,,,,,,,,,,,,,Central Midfield,30.0,8000000.0
ENG-Premier League,2425.0,West Ham,jarrod bowen,ENG,"MF,FW",27.0,1996.0,34,34,2973,33.0,13,8,21,12,1,1,1,0,0.39,0.24,0.64,0.36,0.61,87,37,42.5,2.63,1.12,0.14,0.32,87,86.9,87.0,27,0,,0,1.15,41,50,-9,-0.27,1.14,0,20,51,10,106,16,25,0,,,,,,,,,,,,,,,,Right Winger,28.0,40000000.0
ENG-Premier League,2425.0,West Ham,jean clair todibo,FRA,DF,24.0,1999.0,27,20,1825,20.3,0,0,0,0,0,0,3,0,0.0,0.0,0.0,0.0,0.0,5,0,0.0,0.25,0.0,0.0,,68,53.4,80.0,9,7,31.0,5,1.37,30,32,-2,-0.1,0.69,0,16,6,0,3,23,26,0,,,,,,,,,,,,,,,,Centre-Back,25.0,25000000.0
ENG-Premier League,2425.0,West Ham,kaelan casey,ENG,DF,19.0,2004.0,1,0,1,0.0,0,0,0,0,0,0,0,0,0.0,0.0,0.0,0.0,0.0,0,0,,0.0,0.0,,,1,0.0,,0,1,1.0,7,1.0,0,0,0,0.0,0.42,0,0,0,0,0,0,0,0,,,,,,,,,,,,,,,,Centre-Back,20.0,1000000.0
ENG-Premier League,2425.0,West Ham,konstantinos mavropanos,GRE,DF,26.0,1997.0,33,21,2045,22.7,0,0,0,0,0,0,6,1,0.0,0.0,0.0,0.0,0.0,18,5,27.8,0.79,0.22,0.0,0.0,62,59.8,85.0,17,12,22.0,3,1.15,22,38,-16,-0.7,-0.7,1,17,16,3,2,39,23,0,,,,,,,,,,,,,,,,Centre-Back,27.0,17000000.0
ENG-Premier League,2425.0,West Ham,lewis orford,ENG,MF,18.0,2006.0,2,0,49,0.5,0,0,0,0,0,0,0,0,0.0,0.0,0.0,0.0,0.0,1,0,0.0,1.84,0.0,0.0,,25,1.4,,0,2,25.0,3,0.0,0,1,-1,-1.84,-1.44,0,0,0,0,1,1,0,0,,,,,,,,,,,,,,,,Central Midfield,19.0,400000.0
ENG-Premier League,2425.0,West Ham,lucas paqueta,BRA,"MF,FW",26.0,1997.0,33,27,2380,26.4,4,0,4,2,2,2,10,0,0.15,0.0,0.15,0.08,0.08,41,6,14.6,1.55,0.23,0.05,0.33,72,69.6,82.0,16,6,29.0,1,0.94,34,50,-16,-0.61,-0.61,0,53,62,5,29,17,36,0,,,,,,,,,,,,,,,,Attacking Midfield,27.0,28000000.0
ENG-Premier League,2425.0,West Ham,luis guilherme,BRA,MF,18.0,2006.0,12,1,150,1.7,0,0,0,0,0,0,0,0,0.0,0.0,0.0,0.0,0.0,4,1,25.0,2.4,0.6,0.0,0.0,13,4.4,45.0,0,11,10.0,22,0.5,2,5,-3,-1.8,-1.44,0,0,4,0,8,3,0,0,,,,,,,,,,,,,,,,Right Winger,19.0,15000000.0
ENG-Premier League,2425.0,West Ham,max kilman,ENG,DF,27.0,1997.0,38,38,3348,37.2,0,1,1,0,0,0,5,0,0.0,0.03,0.03,0.0,0.03,13,3,23.1,0.35,0.08,0.0,0.0,88,97.9,88.0,37,0,,0,1.13,45,62,-17,-0.46,-1.71,0,23,13,2,4,36,26,0,,,,,,,,,,,,,,,,,,
ENG-Premier League,2425.0,West Ham,michail antonio,JAM,FW,34.0,1990.0,14,11,836,9.3,1,1,2,1,0,0,1,0,0.11,0.11,0.22,0.11,0.22,19,4,21.1,2.05,0.43,0.05,0.25,60,24.4,66.0,0,3,37.0,0,1.07,13,18,-5,-0.54,-0.16,0,12,7,4,25,0,2,0,,,,,,,,,,,,,,,,Centre-Forward,35.0,700000.0
ENG-Premier League,2425.0,West Ham,mohammed kudus,GHA,"MF,FW",23.0,2000.0,32,31,2590,28.8,5,3,8,5,0,0,2,1,0.17,0.1,0.28,0.17,0.28,75,22,29.3,2.61,0.76,0.07,0.23,81,75.7,83.0,14,1,19.0,0,1.13,33,45,-12,-0.42,0.02,0,39,64,18,81,4,23,0,,,,,,,,,,,,,,,,Right Winger,24.0,45000000.0
ENG-Premier League,2425.0,West Ham,niclas fullkrug,GER,FW,31.0,1993.0,18,6,790,8.8,3,2,5,3,0,0,2,0,0.34,0.23,0.57,0.34,0.57,16,7,43.8,1.82,0.8,0.19,0.43,44,23.1,74.0,1,12,29.0,1,0.94,16,18,-2,-0.23,0.25,0,21,6,10,1,1,2,0,,,,,,,,,,,,,,,,Centre-Forward,32.0,10000000.0
ENG-Premier League,2425.0,West Ham,oliver scarles,ENG,"MF,DF",18.0,2005.0,15,7,665,7.4,0,0,0,0,0,0,1,0,0.0,0.0,0.0,0.0,0.0,3,0,0.0,0.41,0.0,0.0,,44,19.4,70.0,2,8,22.0,6,1.13,6,9,-3,-0.41,0.02,0,5,2,1,15,11,9,0,,,,,,,,,,,,,,,,Left-Back,19.0,8000000.0
ENG-Premier League,2425.0,West Ham,tomas soucek,CZE,MF,29.0,1995.0,35,30,2567,28.5,9,1,10,9,0,0,8,0,0.32,0.04,0.35,0.32,0.35,55,18,32.7,1.93,0.63,0.16,0.5,73,75.1,81.0,20,5,27.0,1,1.23,38,44,-6,-0.21,0.84,0,47,25,4,13,20,22,0,,,,,,,,,,,,,,,,Defensive Midfield,30.0,18000000.0
ENG-Premier League,2425.0,West Ham,vladimir coufal,CZE,"DF,MF",31.0,1992.0,22,11,1067,11.9,0,0,0,0,0,0,5,0,0.0,0.0,0.0,0.0,0.0,7,2,28.6,0.59,0.17,0.0,0.0,49,31.2,78.0,5,11,19.0,11,1.0,12,21,-9,-0.76,-0.49,0,22,16,0,28,8,16,1,,,,,,,,,,,,,,,,Right-Back,32.0,5000000.0
ENG-Premier League,2425.0,West Ham,ukasz fabianski,POL,GK,39.0,1985.0,14,13,1160,12.9,0,0,0,0,0,0,2,0,0.0,0.0,0.0,0.0,0.0,0,0,,0.0,0.0,,,83,33.9,86.0,12,1,45.0,21,1.5,17,21,-4,-0.31,0.17,0,2,1,0,0,0,0,0,21.0,1.63,71.0,50.0,70.4,6.0,3.0,4.0,3.0,23.1,3.0,3.0,0.0,0.0,0.0,,,
ENG-Premier League,2425.0,Wolves,alfie pond,ENG,DF,20.0,2004.0,1,0,1,0.0,0,0,0,0,0,0,0,0,0.0,0.0,0.0,0.0,0.0,0,0,,0.0,0.0,,,1,0.0,,0,1,1.0,7,3.0,0,0,0,0.0,0.39,0,0,0,0,0,0,0,0,,,,,,,,,,,,,,,,Centre-Back,21.0,250000.0
ENG-Premier League,2425.0,Wolves,andre,BRA,MF,23.0,2001.0,33,31,2472,27.5,0,0,0,0,0,0,7,0,0.0,0.0,0.0,0.0,0.0,10,1,10.0,0.36,0.04,0.0,0.0,75,72.3,80.0,14,2,3.0,2,1.15,39,46,-7,-0.25,0.5,0,36,34,0,0,37,55,0,,,,,,,,,,,,,,,,Defensive Midfield,23.0,28000000.0
ENG-Premier League,2425.0,Wolves,boubacar traore,MLI,MF,22.0,2001.0,1,0,1,0.0,0,0,0,0,0,0,0,0,0.0,0.0,0.0,0.0,0.0,0,0,,0.0,0.0,,,1,0.0,,0,1,1.0,7,3.0,0,0,0,0.0,0.39,0,0,0,0,0,0,0,0,,,,,,,,,,,,,,,,Defensive Midfield,23.0,5000000.0
ENG-Premier League,2425.0,Wolves,carlos forbs,POR,MF,20.0,2004.0,10,1,239,2.7,0,0,0,0,0,0,2,0,0.0,0.0,0.0,0.0,0.0,2,0,0.0,0.75,0.0,0.0,,24,7.0,67.0,0,9,19.0,17,0.8,6,9,-3,-1.13,-0.79,0,2,1,0,8,1,4,0,,,,,,,,,,,,,,,,Right Winger,21.0,8000000.0
ENG-Premier League,2425.0,Wolves,chiquinho,POR,"FW,MF",24.0,2000.0,1,0,7,0.1,0,0,0,0,0,0,0,0,0.0,0.0,0.0,0.0,0.0,0,0,,0.0,0.0,,,7,0.2,,0,1,7.0,0,0.0,0,0,0,0.0,0.4,0,1,0,0,1,0,0,0,,,,,,,,,,,,,,,,Left Winger,25.0,2000000.0
ENG-Premier League,2425.0,Wolves,craig dawson,ENG,DF,34.0,1990.0,15,10,971,10.8,0,0,0,0,0,0,2,0,0.0,0.0,0.0,0.0,0.0,5,1,20.0,0.46,0.09,0.0,0.0,65,28.4,89.0,9,5,17.0,6,0.87,16,25,-9,-0.83,-0.61,0,6,5,2,0,10,4,2,,,,,,,,,,,,,,,,Centre-Back,35.0,1500000.0
ENG-Premier League,2425.0,Wolves,daniel bentley,ENG,GK,31.0,1993.0,2,2,180,2.0,0,0,0,0,0,0,0,0,0.0,0.0,0.0,0.0,0.0,0,0,,0.0,0.0,,,90,5.3,90.0,2,0,,16,1.5,3,4,-1,-0.5,-0.11,0,0,0,0,0,0,0,0,4.0,2.0,12.0,8.0,66.7,1.0,0.0,1.0,1.0,50.0,0.0,0.0,0.0,0.0,,Goalkeeper,31.0,1500000.0
ENG-Premier League,2425.0,Wolves,daniel podence,POR,"FW,MF",28.0,1995.0,2,0,48,0.5,0,0,0,0,0,0,0,0,0.0,0.0,0.0,0.0,0.0,1,0,0.0,1.87,0.0,0.0,,24,1.4,,0,2,24.0,0,0.0,0,2,-2,-3.75,-3.4,0,0,2,0,1,0,0,0,,,,,,,,,,,,,,,,Left Winger,29.0,5500000.0
ENG-Premier League,2425.0,Wolves,emmanuel agbadou,CIV,DF,27.0,1997.0,16,16,1410,15.7,1,0,1,1,0,0,3,0,0.06,0.0,0.06,0.06,0.06,7,2,28.6,0.45,0.13,0.14,0.5,88,41.2,88.0,15,0,,0,1.44,20,22,-2,-0.13,0.45,0,8,4,1,2,12,19,0,,,,,,,,,,,,,,,,Centre-Back,28.0,20000000.0
ENG-Premier League,2425.0,Wolves,goncalo guedes,POR,"MF,FW",27.0,1996.0,29,10,995,11.1,2,4,6,2,0,0,1,0,0.18,0.36,0.54,0.18,0.54,27,8,29.6,2.44,0.72,0.07,0.25,34,29.1,67.0,1,19,17.0,4,0.93,16,25,-9,-0.81,-0.59,0,14,17,3,22,3,6,0,,,,,,,,,,,,,,,,Left Winger,28.0,11000000.0
ENG-Premier League,2425.0,Wolves,hwang hee chan,KOR,"MF,FW",28.0,1996.0,21,5,661,7.3,2,0,2,2,0,0,0,0,0.27,0.0,0.27,0.27,0.27,5,3,60.0,0.68,0.41,0.4,0.67,31,19.3,69.0,1,16,20.0,8,0.86,8,19,-11,-1.5,-1.37,0,6,9,0,7,3,4,0,,,,,,,,,,,,,,,,,,
ENG-Premier League,2425.0,Wolves,jean ricner bellegarde,HAI,MF,26.0,1998.0,35,20,1677,18.6,2,7,9,2,0,0,3,0,0.11,0.38,0.48,0.11,0.48,22,5,22.7,1.18,0.27,0.09,0.4,48,49.0,69.0,1,15,20.0,2,1.09,30,31,-1,-0.05,0.67,0,31,46,1,42,8,23,0,,,,,,,,,,,,,,,,Central Midfield,27.0,18000000.0
ENG-Premier League,2425.0,Wolves,jose sa,POR,GK,31.0,1993.0,29,29,2609,29.0,0,0,0,0,0,0,2,0,0.0,0.0,0.0,0.0,0.0,0,0,,0.0,0.0,,,90,76.3,90.0,28,0,,4,1.31,42,48,-6,-0.21,0.79,0,4,9,0,0,0,2,0,48.0,1.66,117.0,69.0,59.0,11.0,5.0,13.0,7.0,24.1,7.0,5.0,2.0,0.0,28.6,Goalkeeper,32.0,7000000.0
ENG-Premier League,2425.0,Wolves,joao gomes,BRA,MF,23.0,2001.0,36,35,2974,33.0,3,1,4,3,0,0,11,1,0.09,0.03,0.12,0.09,0.12,35,7,20.0,1.06,0.21,0.09,0.43,83,87.0,84.0,18,1,45.0,0,1.08,45,58,-13,-0.39,0.01,1,70,46,1,29,25,78,0,,,,,,,,,,,,,,,,Central Midfield,24.0,40000000.0
ENG-Premier League,2425.0,Wolves,jrgen strand larsen,NOR,FW,24.0,2000.0,35,30,2587,28.7,14,4,18,14,0,0,4,0,0.49,0.14,0.63,0.49,0.63,54,34,63.0,1.88,1.18,0.26,0.41,74,75.6,80.0,11,5,35.0,0,1.11,42,52,-10,-0.35,0.19,0,46,19,16,6,5,7,0,,,,,,,,,,,,,,,,Centre-Forward,25.0,30000000.0
ENG-Premier League,2425.0,Wolves,mario lemina,GAB,"MF,DF",30.0,1993.0,17,15,1364,15.2,1,3,4,1,0,0,4,0,0.07,0.2,0.26,0.07,0.26,18,5,27.8,1.19,0.33,0.06,0.2,80,39.9,87.0,13,2,30.0,0,0.53,22,39,-17,-1.12,-1.21,0,17,8,4,10,26,33,0,,,,,,,,,,,,,,,,Defensive Midfield,31.0,7500000.0
ENG-Premier League,2425.0,Wolves,marshall munetsi,ZIM,"MF,FW",28.0,1996.0,14,12,1078,12.0,2,1,3,2,0,0,0,0,0.17,0.08,0.25,0.17,0.25,22,7,31.8,1.84,0.58,0.09,0.29,77,31.5,84.0,9,2,35.0,0,1.64,18,11,7,0.58,1.43,0,18,10,3,10,6,11,0,,,,,,,,,,,,,,,,Central Midfield,29.0,15000000.0
ENG-Premier League,2425.0,Wolves,mateus mane,POR,MF,16.0,2007.0,1,0,2,0.0,0,0,0,0,0,0,0,0,0.0,0.0,0.0,0.0,0.0,0,0,,0.0,0.0,,,2,0.1,,0,1,2.0,4,0.0,0,0,0,0.0,0.39,0,0,0,0,0,0,0,0,,,,,,,,,,,,,,,,Attacking Midfield,17.0,200000.0
ENG-Premier League,2425.0,Wolves,matheus cunha,BRA,MF,25.0,1999.0,33,29,2597,28.9,15,6,21,15,0,0,4,0,0.52,0.21,0.73,0.52,0.73,110,44,40.0,3.81,1.52,0.14,0.34,79,75.9,85.0,19,4,31.0,0,0.97,41,54,-13,-0.45,-0.23,0,43,71,8,143,14,23,0,,,,,,,,,,,,,,,,Centre-Forward,26.0,60000000.0
ENG-Premier League,2425.0,Wolves,matt doherty,IRL,"DF,MF",32.0,1992.0,30,25,2109,23.4,2,1,3,2,0,0,6,0,0.09,0.04,0.13,0.09,0.13,10,3,30.0,0.43,0.13,0.2,0.67,70,61.7,83.0,16,5,9.0,8,1.33,26,38,-12,-0.51,-0.31,0,18,11,2,22,22,21,1,,,,,,,,,,,,,,,,Right-Back,33.0,2000000.0
ENG-Premier League,2425.0,Wolves,nasser djiga,BFA,DF,21.0,2002.0,5,1,66,0.7,0,0,0,0,0,0,0,0,0.0,0.0,0.0,0.0,0.0,0,0,,0.0,0.0,,,13,1.9,45.0,0,4,5.0,8,2.4,1,2,-1,-1.36,-0.99,0,0,1,0,0,2,0,0,,,,,,,,,,,,,,,,Centre-Back,22.0,10000000.0
ENG-Premier League,2425.0,Wolves,nelson semedo,POR,"MF,DF",30.0,1993.0,34,32,2886,32.1,0,4,4,0,0,0,8,0,0.0,0.12,0.12,0.0,0.12,18,7,38.9,0.56,0.22,0.0,0.0,85,84.4,88.0,21,2,34.0,0,1.24,48,49,-1,-0.03,2.33,0,48,30,4,63,23,38,0,,,,,,,,,,,,,,,,Right-Back,31.0,9000000.0
ENG-Premier League,2425.0,Wolves,pablo sarabia,ESP,MF,32.0,1992.0,23,7,814,9.0,3,2,5,3,0,0,3,0,0.33,0.22,0.55,0.33,0.55,17,8,47.1,1.88,0.88,0.18,0.38,35,23.8,63.0,0,16,23.0,7,1.25,14,19,-5,-0.55,-0.21,0,16,15,5,45,4,9,0,,,,,,,,,,,,,,,,Attacking Midfield,33.0,5000000.0
ENG-Premier League,2425.0,Wolves,pedro lima,BRA,MF,18.0,2006.0,3,1,70,0.8,0,0,0,0,0,0,0,0,0.0,0.0,0.0,0.0,0.0,1,1,100.0,1.29,1.29,0.0,0.0,23,2.0,58.0,0,2,6.0,18,1.0,0,2,-2,-2.57,-2.22,0,1,1,1,5,2,0,0,,,,,,,,,,,,,,,,Right-Back,18.0,5000000.0
ENG-Premier League,2425.0,Wolves,rayan ait nouri,ALG,"MF,DF",23.0,2001.0,37,37,3109,34.5,4,7,11,4,0,0,7,1,0.12,0.2,0.32,0.12,0.32,36,13,36.1,1.04,0.38,0.11,0.31,84,90.9,84.0,18,0,,0,1.05,46,66,-20,-0.58,-2.03,1,30,46,6,94,24,55,0,,,,,,,,,,,,,,,,Left-Back,24.0,35000000.0
ENG-Premier League,2425.0,Wolves,rodrigo gomes,POR,MF,21.0,2003.0,25,7,810,9.0,2,0,2,2,0,0,0,0,0.22,0.0,0.22,0.22,0.22,7,3,42.9,0.78,0.33,0.29,0.67,32,23.7,76.0,1,18,16.0,9,1.2,18,20,-2,-0.22,0.23,0,4,6,0,23,6,14,0,,,,,,,,,,,,,,,,Left Midfield,21.0,15000000.0
ENG-Premier League,2425.0,Wolves,sam johnstone,ENG,GK,31.0,1993.0,7,7,630,7.0,0,0,0,0,0,0,0,0,0.0,0.0,0.0,0.0,0.0,0,0,,0.0,0.0,,,90,18.4,90.0,7,0,,16,0.14,9,17,-8,-1.14,-0.92,0,0,0,0,0,0,0,0,17.0,2.43,40.0,23.0,57.5,0.0,1.0,6.0,0.0,0.0,2.0,2.0,0.0,0.0,0.0,Goalkeeper,32.0,6000000.0
ENG-Premier League,2425.0,Wolves,santiago bueno,URU,DF,25.0,1998.0,29,18,1687,18.7,0,0,0,0,0,0,2,0,0.0,0.0,0.0,0.0,0.0,6,3,50.0,0.32,0.16,0.0,0.0,58,49.3,87.0,14,11,12.0,8,1.31,26,34,-8,-0.43,-0.06,0,27,5,0,0,13,20,0,,,,,,,,,,,,,,,,Centre-Back,26.0,10000000.0
ENG-Premier League,2425.0,Wolves,tom king,WAL,GK,29.0,1995.0,1,0,1,0.0,0,0,0,0,0,0,0,0,0.0,0.0,0.0,0.0,0.0,0,0,,0.0,0.0,,,1,0.0,,0,1,1.0,2,1.0,0,0,0,0.0,0.39,0,0,0,0,0,0,0,0,0.0,0.0,0.0,0.0,,0.0,0.0,0.0,0.0,,0.0,0.0,0.0,0.0,,Goalkeeper,30.0,200000.0
ENG-Premier League,2425.0,Wolves,tommy doyle,ENG,MF,22.0,2001.0,24,3,488,5.4,0,1,1,0,0,0,1,0,0.0,0.18,0.18,0.0,0.18,9,2,22.2,1.66,0.37,0.0,0.0,20,14.3,70.0,1,21,13.0,9,0.96,7,10,-3,-0.55,-0.18,0,5,5,0,15,5,7,0,,,,,,,,,,,,,,,,Central Midfield,23.0,10000000.0
ENG-Premier League,2425.0,Wolves,toti gomes,POR,DF,25.0,1999.0,31,30,2614,29.0,0,1,1,0,0,0,7,0,0.0,0.03,0.03,0.0,0.03,7,3,42.9,0.24,0.1,0.0,0.0,84,76.4,87.0,27,1,14.0,1,1.32,44,45,-1,-0.03,1.53,0,24,15,4,13,26,43,0,,,,,,,,,,,,,,,,,,
ENG-Premier League,2425.0,Wolves,yerson mosquera,COL,DF,23.0,2001.0,5,5,441,4.9,0,0,0,0,0,0,2,0,0.0,0.0,0.0,0.0,0.0,2,0,0.0,0.41,0.0,0.0,,88,12.9,88.0,4,0,,0,0.2,5,12,-7,-1.43,-1.19,0,6,7,1,2,10,6,0,,,,,,,,,,,,,,,,Centre-Back,24.0,8000000.0
