player_name,position,age,market_value_eur,club,season
Emiliano Martínez,Goalkeeper,29.0,28000000.0,Aston Villa,2122
Robin Olsen,Goalkeeper,32.0,2000000.0,Aston Villa,2122
Jed Steer,Goalkeeper,29.0,600000.0,Aston Villa,2122
Viljami Sinisalo,Goalkeeper,20.0,200000.0,Aston Villa,2122
Filip Marschall,Goalkeeper,19.0,,Aston Villa,2122
Tyrone Mings,Centre-Back,29.0,30000000.0,Aston Villa,2122
Ezri Konsa,Centre-Back,24.0,22000000.0,Aston Villa,2122
Calum Chambers,Centre-Back,27.0,10000000.0,Aston Villa,2122
Axel Tuanzebe,Centre-Back,24.0,7000000.0,Aston Villa,2122
Kortney Hause,Centre-Back,26.0,4000000.0,Aston Villa,2122
Sil Swinkels,Centre-Back,18.0,150000.0,Aston Villa,2122
Josh Feeney,Centre-Back,17.0,,Aston Villa,2122
Lucas Digne,Left-Back,28.0,25000000.0,Aston Villa,2122
Matt Targett,Left-Back,26.0,17000000.0,Aston Villa,2122
Ben Chrisene,Left-Back,18.0,150000.0,Aston Villa,2122
Matty Cash,Right-Back,24.0,25000000.0,Aston Villa,2122
Frédéric Guilbert,Right-Back,27.0,7000000.0,Aston Villa,2122
Ashley Young,Right-Back,36.0,1000000.0,Aston Villa,2122
Kaine Kesler-Hayden,Right-Back,19.0,300000.0,Aston Villa,2122
Marvelous Nakamba,Defensive Midfield,28.0,7000000.0,Aston Villa,2122
Lamare Bogarde,Defensive Midfield,18.0,200000.0,Aston Villa,2122
Hayden Lindley,Defensive Midfield,19.0,150000.0,Aston Villa,2122
Douglas Luiz,Central Midfield,24.0,38000000.0,Aston Villa,2122
John McGinn,Central Midfield,27.0,32000000.0,Aston Villa,2122
Jacob Ramsey,Central Midfield,21.0,25000000.0,Aston Villa,2122
Morgan Sanson,Central Midfield,27.0,10000000.0,Aston Villa,2122
Carney Chukwuemeka,Central Midfield,18.0,6000000.0,Aston Villa,2122
Tim Iroegbunam,Central Midfield,19.0,2500000.0,Aston Villa,2122
Conor Hourihane,Central Midfield,31.0,1800000.0,Aston Villa,2122
Philippe Coutinho,Attacking Midfield,30.0,20000000.0,Aston Villa,2122
Aaron Ramsey,Attacking Midfield,19.0,1000000.0,Aston Villa,2122
Tommi O'Reilly,Attacking Midfield,18.0,,Aston Villa,2122
Emiliano Buendía,Left Winger,25.0,32000000.0,Aston Villa,2122
Trezeguet,Left Winger,27.0,10000000.0,Aston Villa,2122
Jaden Philogene,Left Winger,20.0,3000000.0,Aston Villa,2122
Caleb Chukwuemeka,Left Winger,20.0,200000.0,Aston Villa,2122
Leon Bailey,Right Winger,24.0,25000000.0,Aston Villa,2122
Bertrand Traoré,Right Winger,26.0,16000000.0,Aston Villa,2122
Anwar El Ghazi,Right Winger,27.0,9000000.0,Aston Villa,2122
Ollie Watkins,Centre-Forward,26.0,35000000.0,Aston Villa,2122
Danny Ings,Centre-Forward,29.0,20000000.0,Aston Villa,2122
Wesley Moraes,Centre-Forward,25.0,6000000.0,Aston Villa,2122
Cameron Archer,Centre-Forward,20.0,6000000.0,Aston Villa,2122
Keinan Davis,Centre-Forward,24.0,2500000.0,Aston Villa,2122
David Raya,Goalkeeper,26.0,22000000.0,Brentford Fc,2122
Álvaro Ferllo,Goalkeeper,24.0,4000000.0,Brentford Fc,2122
Jonas Lössl,Goalkeeper,33.0,1000000.0,Brentford Fc,2122
Patrik Gunnarsson,Goalkeeper,21.0,500000.0,Brentford Fc,2122
Ellery Balcombe,Goalkeeper,22.0,300000.0,Brentford Fc,2122
Matthew Cox,Goalkeeper,19.0,,Brentford Fc,2122
Kristoffer Ajer,Centre-Back,24.0,18000000.0,Brentford Fc,2122
Ethan Pinnock,Centre-Back,29.0,12000000.0,Brentford Fc,2122
Pontus Jansson,Centre-Back,31.0,7000000.0,Brentford Fc,2122
Mads Bech Sørensen,Centre-Back,23.0,5000000.0,Brentford Fc,2122
Zanka,Centre-Back,32.0,1200000.0,Brentford Fc,2122
Charlie Goode,Centre-Back,26.0,900000.0,Brentford Fc,2122
Julian Jeanvier,Centre-Back,30.0,900000.0,Brentford Fc,2122
Rico Henry,Left-Back,24.0,20000000.0,Brentford Fc,2122
Dominic Thompson,Left-Back,21.0,800000.0,Brentford Fc,2122
Mads Roerslev,Right-Back,23.0,2500000.0,Brentford Fc,2122
Fin Stevens,Right-Back,19.0,400000.0,Brentford Fc,2122
Daniel Oyegoke,Right-Back,19.0,,Brentford Fc,2122
Christian Nørgaard,Defensive Midfield,28.0,14000000.0,Brentford Fc,2122
Vitaly Janelt,Defensive Midfield,24.0,14000000.0,Brentford Fc,2122
Mathias Jensen,Central Midfield,26.0,10000000.0,Brentford Fc,2122
Josh Dasilva,Central Midfield,23.0,10000000.0,Brentford Fc,2122
Frank Onyeka,Central Midfield,24.0,9000000.0,Brentford Fc,2122
Shandon Baptiste,Central Midfield,24.0,3000000.0,Brentford Fc,2122
Mads Bidstrup,Central Midfield,21.0,1000000.0,Brentford Fc,2122
Paris Maghoma,Central Midfield,21.0,200000.0,Brentford Fc,2122
Christian Eriksen,Attacking Midfield,30.0,20000000.0,Brentford Fc,2122
Saman Ghoddos,Attacking Midfield,28.0,2500000.0,Brentford Fc,2122
Myles Peart-Harris,Attacking Midfield,19.0,1000000.0,Brentford Fc,2122
Sergi Canós,Left Winger,25.0,14000000.0,Brentford Fc,2122
Tariqe Fosu,Left Winger,26.0,2000000.0,Brentford Fc,2122
Max Haygarth,Left Winger,20.0,100000.0,Brentford Fc,2122
Bryan Mbeumo,Right Winger,22.0,22000000.0,Brentford Fc,2122
Nathan Young-Coombes,Right Winger,19.0,,Brentford Fc,2122
Ivan Toney,Centre-Forward,26.0,35000000.0,Brentford Fc,2122
Yoane Wissa,Centre-Forward,25.0,12000000.0,Brentford Fc,2122
Marcus Forss,Centre-Forward,23.0,4000000.0,Brentford Fc,2122
Halil Dervişoğlu,Centre-Forward,22.0,3000000.0,Brentford Fc,2122
Robert Sánchez,Goalkeeper,24.0,16000000.0,Brighton And Hove Albion,2122
Kjell Scherpen,Goalkeeper,22.0,2200000.0,Brighton And Hove Albion,2122
Christian Walton,Goalkeeper,26.0,800000.0,Brighton And Hove Albion,2122
Jason Steele,Goalkeeper,31.0,600000.0,Brighton And Hove Albion,2122
Tom McGill,Goalkeeper,22.0,,Brighton And Hove Albion,2122
Lewis Dunk,Centre-Back,30.0,20000000.0,Brighton And Hove Albion,2122
Adam Webster,Centre-Back,27.0,17000000.0,Brighton And Hove Albion,2122
Dan Burn,Centre-Back,30.0,12000000.0,Brighton And Hove Albion,2122
Jan Paul van Hecke,Centre-Back,22.0,5000000.0,Brighton And Hove Albion,2122
Shane Duffy,Centre-Back,30.0,5000000.0,Brighton And Hove Albion,2122
Matt Clarke,Centre-Back,25.0,3000000.0,Brighton And Hove Albion,2122
Antef Tsoungui,Centre-Back,19.0,300000.0,Brighton And Hove Albion,2122
Ed Turns,Centre-Back,19.0,200000.0,Brighton And Hove Albion,2122
Odeluga Offiah,Centre-Back,19.0,200000.0,Brighton And Hove Albion,2122
Marc Cucurella,Left-Back,23.0,28000000.0,Brighton And Hove Albion,2122
Michal Karbownik,Left-Back,21.0,2500000.0,Brighton And Hove Albion,2122
Haydon Roberts,Left-Back,20.0,500000.0,Brighton And Hove Albion,2122
James Furlong,Left-Back,20.0,,Brighton And Hove Albion,2122
Tariq Lamptey,Right-Back,21.0,18000000.0,Brighton And Hove Albion,2122
Joël Veltman,Right-Back,30.0,10000000.0,Brighton And Hove Albion,2122
Yves Bissouma,Defensive Midfield,25.0,35000000.0,Brighton And Hove Albion,2122
Moisés Caicedo,Defensive Midfield,20.0,6000000.0,Brighton And Hove Albion,2122
Tudor Băluță,Defensive Midfield,23.0,1800000.0,Brighton And Hove Albion,2122
Enock Mwepu,Central Midfield,24.0,18000000.0,Brighton And Hove Albion,2122
Alexis Mac Allister,Central Midfield,23.0,16000000.0,Brighton And Hove Albion,2122
Jakub Moder,Central Midfield,23.0,12000000.0,Brighton And Hove Albion,2122
Pascal Groß,Central Midfield,31.0,6000000.0,Brighton And Hove Albion,2122
Steven Alzate,Central Midfield,23.0,5000000.0,Brighton And Hove Albion,2122
Taylor Richards,Central Midfield,21.0,400000.0,Brighton And Hove Albion,2122
Marc Leonard,Central Midfield,20.0,300000.0,Brighton And Hove Albion,2122
Adam Lallana,Attacking Midfield,34.0,2000000.0,Brighton And Hove Albion,2122
Andrew Moran,Attacking Midfield,18.0,300000.0,Brighton And Hove Albion,2122
Leandro Trossard,Left Winger,27.0,20000000.0,Brighton And Hove Albion,2122
Abdallah Sima,Left Winger,21.0,8000000.0,Brighton And Hove Albion,2122
Jeremy Sarmiento,Left Winger,20.0,3000000.0,Brighton And Hove Albion,2122
Solly March,Right Winger,27.0,9000000.0,Brighton And Hove Albion,2122
Neal Maupay,Centre-Forward,25.0,18000000.0,Brighton And Hove Albion,2122
Aaron Connolly,Centre-Forward,22.0,6000000.0,Brighton And Hove Albion,2122
Danny Welbeck,Centre-Forward,31.0,4000000.0,Brighton And Hove Albion,2122
Andi Zeqiri,Centre-Forward,23.0,2300000.0,Brighton And Hove Albion,2122
Jürgen Locadia,Centre-Forward,28.0,2000000.0,Brighton And Hove Albion,2122
Florin Andone,Centre-Forward,29.0,1000000.0,Brighton And Hove Albion,2122
Evan Ferguson,Centre-Forward,17.0,600000.0,Brighton And Hove Albion,2122
Nick Pope,Goalkeeper,30.0,15000000.0,Burnley Fc,2122
Bailey Peacock-Farrell,Goalkeeper,25.0,900000.0,Burnley Fc,2122
Wayne Hennessey,Goalkeeper,35.0,500000.0,Burnley Fc,2122
Will Norris,Goalkeeper,28.0,300000.0,Burnley Fc,2122
Lukas Jensen,Goalkeeper,23.0,50000.0,Burnley Fc,2122
Sam Waller,Goalkeeper,18.0,,Burnley Fc,2122
James Tarkowski,Centre-Back,29.0,22000000.0,Burnley Fc,2122
Nathan Collins,Centre-Back,21.0,10000000.0,Burnley Fc,2122
Ben Mee,Centre-Back,32.0,2500000.0,Burnley Fc,2122
Kevin Long,Centre-Back,31.0,1000000.0,Burnley Fc,2122
Bobby Thomas,Centre-Back,21.0,200000.0,Burnley Fc,2122
Charlie Taylor,Left-Back,28.0,3000000.0,Burnley Fc,2122
Erik Pieters,Left-Back,33.0,900000.0,Burnley Fc,2122
Owen Dodgson,Left-Back,19.0,,Burnley Fc,2122
Connor Roberts,Right-Back,26.0,2500000.0,Burnley Fc,2122
Matthew Lowton,Right-Back,33.0,1200000.0,Burnley Fc,2122
Phil Bardsley,Right-Back,37.0,250000.0,Burnley Fc,2122
Ashley Westwood,Defensive Midfield,32.0,2000000.0,Burnley Fc,2122
Jack Cork,Defensive Midfield,33.0,1800000.0,Burnley Fc,2122
Josh Brownhill,Central Midfield,26.0,7000000.0,Burnley Fc,2122
Dale Stephens,Central Midfield,33.0,1000000.0,Burnley Fc,2122
Mark Helm,Central Midfield,20.0,,Burnley Fc,2122
Lewis Richardson,Right Midfield,19.0,,Burnley Fc,2122
Anthony Gomez-Mancini,Attacking Midfield,21.0,250000.0,Burnley Fc,2122
Dwight McNeil,Left Winger,22.0,18000000.0,Burnley Fc,2122
Maxwel Cornet,Left Winger,25.0,15000000.0,Burnley Fc,2122
Dara Costelloe,Left Winger,19.0,,Burnley Fc,2122
Jóhann Berg Gudmundsson,Right Winger,31.0,2000000.0,Burnley Fc,2122
Aaron Lennon,Right Winger,35.0,1000000.0,Burnley Fc,2122
Wout Weghorst,Centre-Forward,29.0,14000000.0,Burnley Fc,2122
Chris Wood,Centre-Forward,30.0,10000000.0,Burnley Fc,2122
Jay Rodríguez,Centre-Forward,32.0,2000000.0,Burnley Fc,2122
Matej Vydra,Centre-Forward,30.0,2000000.0,Burnley Fc,2122
Ashley Barnes,Centre-Forward,32.0,1500000.0,Burnley Fc,2122
Joe McGlynn,Centre-Forward,19.0,,Burnley Fc,2122
Edouard Mendy,Goalkeeper,30.0,32000000.0,Chelsea Fc,2122
Kepa Arrizabalaga,Goalkeeper,27.0,10000000.0,Chelsea Fc,2122
Marcus Bettinelli,Goalkeeper,30.0,2000000.0,Chelsea Fc,2122
Lucas Bergström,Goalkeeper,19.0,,Chelsea Fc,2122
Teddy Sharman-Lowe,Goalkeeper,19.0,,Chelsea Fc,2122
Antonio Rüdiger,Centre-Back,29.0,40000000.0,Chelsea Fc,2122
Andreas Christensen,Centre-Back,26.0,35000000.0,Chelsea Fc,2122
Kurt Zouma,Centre-Back,27.0,28000000.0,Chelsea Fc,2122
Trevoh Chalobah,Centre-Back,22.0,20000000.0,Chelsea Fc,2122
Marcos Alonso,Centre-Back,31.0,12000000.0,Chelsea Fc,2122
César Azpilicueta,Centre-Back,32.0,9000000.0,Chelsea Fc,2122
Malang Sarr,Centre-Back,23.0,8000000.0,Chelsea Fc,2122
Thiago Silva,Centre-Back,37.0,2500000.0,Chelsea Fc,2122
Jake Clarke-Salter,Centre-Back,24.0,2000000.0,Chelsea Fc,2122
Xavier Mbuyamba,Centre-Back,20.0,500000.0,Chelsea Fc,2122
Ben Chilwell,Left-Back,25.0,38000000.0,Chelsea Fc,2122
Emerson,Left-Back,27.0,14000000.0,Chelsea Fc,2122
Abdul Rahman Baba,Left-Back,27.0,2200000.0,Chelsea Fc,2122
Dylan Williams,Left-Back,18.0,200000.0,Chelsea Fc,2122
Lewis Hall,Left-Back,17.0,,Chelsea Fc,2122
Reece James,Right-Back,22.0,60000000.0,Chelsea Fc,2122
Jorginho,Defensive Midfield,30.0,40000000.0,Chelsea Fc,2122
N'Golo Kanté,Defensive Midfield,31.0,40000000.0,Chelsea Fc,2122
Billy Gilmour,Defensive Midfield,21.0,12000000.0,Chelsea Fc,2122
Xavier Simons,Defensive Midfield,19.0,300000.0,Chelsea Fc,2122
Mateo Kovacic,Central Midfield,28.0,42000000.0,Chelsea Fc,2122
Saúl Ñíguez,Central Midfield,27.0,25000000.0,Chelsea Fc,2122
Ruben Loftus-Cheek,Central Midfield,26.0,20000000.0,Chelsea Fc,2122
Ross Barkley,Central Midfield,28.0,12000000.0,Chelsea Fc,2122
Lewis Baker,Central Midfield,27.0,3000000.0,Chelsea Fc,2122
Danny Drinkwater,Central Midfield,32.0,1200000.0,Chelsea Fc,2122
Charlie Webster,Central Midfield,18.0,,Chelsea Fc,2122
Harvey Vale,Right Midfield,18.0,400000.0,Chelsea Fc,2122
Mason Mount,Attacking Midfield,23.0,75000000.0,Chelsea Fc,2122
Callum Hudson-Odoi,Left Winger,21.0,25000000.0,Chelsea Fc,2122
Kenedy,Left Winger,26.0,7000000.0,Chelsea Fc,2122
Charly Musonda Jr.,Left Winger,25.0,900000.0,Chelsea Fc,2122
Christian Pulisic,Right Winger,23.0,42000000.0,Chelsea Fc,2122
Hakim Ziyech,Right Winger,29.0,28000000.0,Chelsea Fc,2122
Romelu Lukaku,Centre-Forward,29.0,70000000.0,Chelsea Fc,2122
Kai Havertz,Centre-Forward,23.0,70000000.0,Chelsea Fc,2122
Tammy Abraham,Centre-Forward,24.0,50000000.0,Chelsea Fc,2122
Timo Werner,Centre-Forward,26.0,35000000.0,Chelsea Fc,2122
Jude Soonsup-Bell,Centre-Forward,18.0,300000.0,Chelsea Fc,2122
Jack Butland,Goalkeeper,29.0,1800000.0,Crystal Palace,2122
Vicente Guaita,Goalkeeper,35.0,1500000.0,Crystal Palace,2122
Remi Matthews,Goalkeeper,28.0,300000.0,Crystal Palace,2122
Marc Guéhi,Centre-Back,21.0,32000000.0,Crystal Palace,2122
Joachim Andersen,Centre-Back,26.0,25000000.0,Crystal Palace,2122
Nathan Ferguson,Centre-Back,21.0,2500000.0,Crystal Palace,2122
James Tomkins,Centre-Back,33.0,1500000.0,Crystal Palace,2122
Jarosław Jach,Centre-Back,28.0,500000.0,Crystal Palace,2122
Tyrick Mitchell,Left-Back,22.0,25000000.0,Crystal Palace,2122
Reece Hannam,Left-Back,21.0,200000.0,Crystal Palace,2122
Tayo Adaramola,Left-Back,18.0,,Crystal Palace,2122
Joel Ward,Right-Back,32.0,2000000.0,Crystal Palace,2122
Nathaniel Clyne,Right-Back,31.0,2000000.0,Crystal Palace,2122
Martin Kelly,Right-Back,32.0,1000000.0,Crystal Palace,2122
Jaïro Riedewald,Defensive Midfield,25.0,5000000.0,Crystal Palace,2122
Luka Milivojevic,Defensive Midfield,31.0,4000000.0,Crystal Palace,2122
Cheikhou Kouyaté,Defensive Midfield,32.0,4000000.0,Crystal Palace,2122
Conor Gallagher,Central Midfield,22.0,25000000.0,Crystal Palace,2122
Will Hughes,Central Midfield,27.0,6000000.0,Crystal Palace,2122
James McArthur,Central Midfield,34.0,1200000.0,Crystal Palace,2122
Jack Wells-Morrison,Central Midfield,18.0,,Crystal Palace,2122
Jeffrey Schlupp,Left Midfield,29.0,8000000.0,Crystal Palace,2122
Eberechi Eze,Attacking Midfield,24.0,22000000.0,Crystal Palace,2122
Wilfried Zaha,Left Winger,29.0,38000000.0,Crystal Palace,2122
Michael Olise,Right Winger,20.0,22000000.0,Crystal Palace,2122
Jesurun Rak-Sakyi,Right Winger,19.0,500000.0,Crystal Palace,2122
Scott Banks,Right Winger,20.0,250000.0,Crystal Palace,2122
Odsonne Édouard,Centre-Forward,24.0,17000000.0,Crystal Palace,2122
Jean-Philippe Mateta,Centre-Forward,25.0,10000000.0,Crystal Palace,2122
Jordan Ayew,Centre-Forward,30.0,6000000.0,Crystal Palace,2122
Christian Benteke,Centre-Forward,31.0,6000000.0,Crystal Palace,2122
Luke Plange,Centre-Forward,19.0,800000.0,Crystal Palace,2122
Rob Street,Centre-Forward,20.0,,Crystal Palace,2122
Jordan Pickford,Goalkeeper,28.0,20000000.0,Everton Fc,2122
Asmir Begovic,Goalkeeper,35.0,1000000.0,Everton Fc,2122
Andy Lonergan,Goalkeeper,38.0,250000.0,Everton Fc,2122
Harry Tyrer,Goalkeeper,20.0,,Everton Fc,2122
Michael Keane,Centre-Back,29.0,20000000.0,Everton Fc,2122
Yerry Mina,Centre-Back,27.0,20000000.0,Everton Fc,2122
Ben Godfrey,Centre-Back,24.0,20000000.0,Everton Fc,2122
Mason Holgate,Centre-Back,25.0,18000000.0,Everton Fc,2122
Jean-Philippe Gbamin,Centre-Back,26.0,9000000.0,Everton Fc,2122
Jarrad Branthwaite,Centre-Back,20.0,3000000.0,Everton Fc,2122
Ryan Astley,Centre-Back,20.0,,Everton Fc,2122
Reece Welch,Centre-Back,18.0,,Everton Fc,2122
Lucas Digne,Left-Back,28.0,25000000.0,Everton Fc,2122
Vitaliy Mykolenko,Left-Back,23.0,18000000.0,Everton Fc,2122
Niels Nkounkou,Left-Back,21.0,2200000.0,Everton Fc,2122
Nathan Patterson,Right-Back,20.0,8000000.0,Everton Fc,2122
Jonjoe Kenny,Right-Back,25.0,4000000.0,Everton Fc,2122
Séamus Coleman,Right-Back,33.0,3000000.0,Everton Fc,2122
Allan,Defensive Midfield,31.0,15000000.0,Everton Fc,2122
Donny van de Beek,Central Midfield,25.0,25000000.0,Everton Fc,2122
André Gomes,Central Midfield,28.0,18000000.0,Everton Fc,2122
Tom Davies,Central Midfield,24.0,18000000.0,Everton Fc,2122
Fabian Delph,Central Midfield,32.0,1800000.0,Everton Fc,2122
Tyler Onyango,Central Midfield,19.0,200000.0,Everton Fc,2122
Isaac Price,Central Midfield,18.0,,Everton Fc,2122
Abdoulaye Doucouré,Attacking Midfield,29.0,22000000.0,Everton Fc,2122
Dele Alli,Attacking Midfield,26.0,16000000.0,Everton Fc,2122
Gylfi Sigurdsson,Attacking Midfield,32.0,,Everton Fc,2122
Charlie Whitaker,Attacking Midfield,18.0,,Everton Fc,2122
Demarai Gray,Left Winger,26.0,22000000.0,Everton Fc,2122
Anthony Gordon,Left Winger,21.0,20000000.0,Everton Fc,2122
Alex Iwobi,Left Winger,26.0,18000000.0,Everton Fc,2122
Nathan Broadhead,Left Winger,24.0,500000.0,Everton Fc,2122
Lewis Dobbin,Left Winger,19.0,300000.0,Everton Fc,2122
Anwar El Ghazi,Right Winger,27.0,9000000.0,Everton Fc,2122
Andros Townsend,Right Winger,30.0,5000000.0,Everton Fc,2122
Richarlison,Centre-Forward,25.0,48000000.0,Everton Fc,2122
Dominic Calvert-Lewin,Centre-Forward,25.0,40000000.0,Everton Fc,2122
Moise Kean,Centre-Forward,22.0,24000000.0,Everton Fc,2122
Salomón Rondón,Centre-Forward,32.0,2500000.0,Everton Fc,2122
Cenk Tosun,Centre-Forward,31.0,2000000.0,Everton Fc,2122
Ellis Simms,Centre-Forward,21.0,300000.0,Everton Fc,2122
Illan Meslier,Goalkeeper,22.0,20000000.0,Leeds United,2122
Kristoffer Klaesson,Goalkeeper,21.0,2000000.0,Leeds United,2122
Diego Llorente,Centre-Back,28.0,18000000.0,Leeds United,2122
Robin Koch,Centre-Back,25.0,16000000.0,Leeds United,2122
Pascal Struijk,Centre-Back,22.0,15000000.0,Leeds United,2122
Liam Cooper,Centre-Back,30.0,7000000.0,Leeds United,2122
Charlie Cresswell,Centre-Back,19.0,3000000.0,Leeds United,2122
Leo Hjelde,Centre-Back,18.0,800000.0,Leeds United,2122
Kris Moore,Centre-Back,18.0,,Leeds United,2122
Junior Firpo,Left-Back,25.0,12000000.0,Leeds United,2122
Leif Davis,Left-Back,22.0,800000.0,Leeds United,2122
Liam McCarron,Left-Back,21.0,500000.0,Leeds United,2122
Luke Ayling,Right-Back,30.0,4000000.0,Leeds United,2122
Cody Drameh,Right-Back,20.0,3000000.0,Leeds United,2122
Jamie Shackleton,Right-Back,22.0,2500000.0,Leeds United,2122
Kalvin Phillips,Defensive Midfield,26.0,50000000.0,Leeds United,2122
Mateusz Klich,Defensive Midfield,32.0,3000000.0,Leeds United,2122
Jack Jenkins,Defensive Midfield,20.0,150000.0,Leeds United,2122
Nohan Kenneh,Defensive Midfield,19.0,,Leeds United,2122
Archie Gray,Defensive Midfield,16.0,,Leeds United,2122
Adam Forshaw,Central Midfield,30.0,2000000.0,Leeds United,2122
Lewis Bate,Central Midfield,19.0,1000000.0,Leeds United,2122
Stuart Dallas,Left Midfield,31.0,4000000.0,Leeds United,2122
Stuart McKinstry,Left Midfield,19.0,200000.0,Leeds United,2122
Sam Greenwood,Attacking Midfield,20.0,2500000.0,Leeds United,2122
Raphinha,Left Winger,25.0,45000000.0,Leeds United,2122
Jack Harrison,Left Winger,25.0,18000000.0,Leeds United,2122
Crysencio Summerville,Left Winger,20.0,2000000.0,Leeds United,2122
Daniel James,Right Winger,24.0,18000000.0,Leeds United,2122
Hélder Costa,Right Winger,28.0,5000000.0,Leeds United,2122
Ian Poveda,Right Winger,22.0,2000000.0,Leeds United,2122
Tyler Roberts,Second Striker,23.0,8000000.0,Leeds United,2122
Patrick Bamford,Centre-Forward,28.0,16000000.0,Leeds United,2122
Rodrigo,Centre-Forward,31.0,12000000.0,Leeds United,2122
Joe Gelhardt,Centre-Forward,20.0,6000000.0,Leeds United,2122
Danny Ward,Goalkeeper,29.0,6000000.0,Leicester City,2122
Kasper Schmeichel,Goalkeeper,35.0,4000000.0,Leicester City,2122
Eldin Jakupović,Goalkeeper,37.0,250000.0,Leicester City,2122
Jakub Stolarczyk,Goalkeeper,21.0,200000.0,Leicester City,2122
Chituru Odunze,Goalkeeper,19.0,,Leicester City,2122
Wesley Fofana,Centre-Back,21.0,40000000.0,Leicester City,2122
Çağlar Söyüncü,Centre-Back,26.0,40000000.0,Leicester City,2122
Jannik Vestergaard,Centre-Back,29.0,13000000.0,Leicester City,2122
Daniel Amartey,Centre-Back,27.0,10000000.0,Leicester City,2122
Jonny Evans,Centre-Back,34.0,4000000.0,Leicester City,2122
Filip Benkovic,Centre-Back,24.0,1800000.0,Leicester City,2122
Sam Hughes,Centre-Back,25.0,300000.0,Leicester City,2122
Lewis Brunt,Centre-Back,21.0,,Leicester City,2122
Ben Nelson,Centre-Back,18.0,,Leicester City,2122
Luke Thomas,Left-Back,21.0,12000000.0,Leicester City,2122
Ryan Bertrand,Left-Back,32.0,3000000.0,Leicester City,2122
Timothy Castagne,Right-Back,26.0,28000000.0,Leicester City,2122
James Justin,Right-Back,24.0,25000000.0,Leicester City,2122
Ricardo Pereira,Right-Back,28.0,20000000.0,Leicester City,2122
Vontae Daley-Campbell,Right-Back,21.0,200000.0,Leicester City,2122
Wilfred Ndidi,Defensive Midfield,25.0,60000000.0,Leicester City,2122
Boubakary Soumaré,Defensive Midfield,23.0,25000000.0,Leicester City,2122
Hamza Choudhury,Defensive Midfield,24.0,4000000.0,Leicester City,2122
Nampalys Mendy,Defensive Midfield,30.0,4000000.0,Leicester City,2122
Sammy Braybrooke,Defensive Midfield,18.0,,Leicester City,2122
Youri Tielemans,Central Midfield,25.0,55000000.0,Leicester City,2122
Dennis Praet,Central Midfield,28.0,13000000.0,Leicester City,2122
Kiernan Dewsbury-Hall,Central Midfield,23.0,8000000.0,Leicester City,2122
Oliver Ewing,Central Midfield,19.0,,Leicester City,2122
Marc Albrighton,Right Midfield,32.0,2500000.0,Leicester City,2122
Kasey McAteer,Right Midfield,20.0,300000.0,Leicester City,2122
James Maddison,Attacking Midfield,25.0,50000000.0,Leicester City,2122
Will Alves,Attacking Midfield,17.0,,Leicester City,2122
Harvey Barnes,Left Winger,24.0,32000000.0,Leicester City,2122
Ademola Lookman,Left Winger,24.0,10000000.0,Leicester City,2122
Wanya Marçal,Right Winger,19.0,,Leicester City,2122
Kelechi Iheanacho,Centre-Forward,25.0,20000000.0,Leicester City,2122
Patson Daka,Centre-Forward,23.0,20000000.0,Leicester City,2122
Ayoze Pérez,Centre-Forward,28.0,10000000.0,Leicester City,2122
Jamie Vardy,Centre-Forward,35.0,5000000.0,Leicester City,2122
Alisson,Goalkeeper,29.0,50000000.0,Liverpool Fc,2122
Caoimhín Kelleher,Goalkeeper,23.0,8000000.0,Liverpool Fc,2122
Loris Karius,Goalkeeper,29.0,1500000.0,Liverpool Fc,2122
Adrián San Miguel,Goalkeeper,35.0,1000000.0,Liverpool Fc,2122
Marcelo Pitaluga,Goalkeeper,19.0,100000.0,Liverpool Fc,2122
Liam Hughes,Goalkeeper,20.0,,Liverpool Fc,2122
Harvey Davies,Goalkeeper,18.0,,Liverpool Fc,2122
Virgil van Dijk,Centre-Back,30.0,55000000.0,Liverpool Fc,2122
Ibrahima Konaté,Centre-Back,23.0,40000000.0,Liverpool Fc,2122
Joe Gomez,Centre-Back,25.0,18000000.0,Liverpool Fc,2122
Joël Matip,Centre-Back,30.0,18000000.0,Liverpool Fc,2122
Nat Phillips,Centre-Back,25.0,8000000.0,Liverpool Fc,2122
Sepp van den Berg,Centre-Back,20.0,5000000.0,Liverpool Fc,2122
Rhys Williams,Centre-Back,21.0,4000000.0,Liverpool Fc,2122
Ben Davies,Centre-Back,26.0,2500000.0,Liverpool Fc,2122
Billy Koumetio,Centre-Back,19.0,800000.0,Liverpool Fc,2122
Jarell Quansah,Centre-Back,19.0,,Liverpool Fc,2122
Andrew Robertson,Left-Back,28.0,65000000.0,Liverpool Fc,2122
Konstantinos Tsimikas,Left-Back,26.0,15000000.0,Liverpool Fc,2122
Neco Williams,Left-Back,21.0,8000000.0,Liverpool Fc,2122
Owen Beck,Left-Back,19.0,400000.0,Liverpool Fc,2122
James Norris,Left-Back,19.0,,Liverpool Fc,2122
Trent Alexander-Arnold,Right-Back,23.0,80000000.0,Liverpool Fc,2122
Conor Bradley,Right-Back,18.0,1000000.0,Liverpool Fc,2122
Isaac Mabaya,Right-Back,17.0,,Liverpool Fc,2122
Fabinho,Defensive Midfield,28.0,60000000.0,Liverpool Fc,2122
Jordan Henderson,Defensive Midfield,32.0,15000000.0,Liverpool Fc,2122
Tyler Morton,Defensive Midfield,19.0,3000000.0,Liverpool Fc,2122
Curtis Jones,Central Midfield,21.0,28000000.0,Liverpool Fc,2122
Naby Keïta,Central Midfield,27.0,25000000.0,Liverpool Fc,2122
Thiago Alcántara,Central Midfield,31.0,20000000.0,Liverpool Fc,2122
Alex Oxlade-Chamberlain,Central Midfield,28.0,16000000.0,Liverpool Fc,2122
James Milner,Central Midfield,36.0,2000000.0,Liverpool Fc,2122
Elijah Dixon-Bonner,Central Midfield,21.0,300000.0,Liverpool Fc,2122
James Balagizi,Central Midfield,18.0,,Liverpool Fc,2122
Harvey Elliott,Attacking Midfield,19.0,22000000.0,Liverpool Fc,2122
Ben Woodburn,Attacking Midfield,22.0,1200000.0,Liverpool Fc,2122
Max Woltman,Attacking Midfield,18.0,300000.0,Liverpool Fc,2122
Sadio Mané,Left Winger,30.0,70000000.0,Liverpool Fc,2122
Luis Díaz,Left Winger,25.0,65000000.0,Liverpool Fc,2122
Diogo Jota,Left Winger,25.0,60000000.0,Liverpool Fc,2122
Takumi Minamino,Left Winger,27.0,12000000.0,Liverpool Fc,2122
Mohamed Salah,Right Winger,30.0,90000000.0,Liverpool Fc,2122
Sheyi Ojo,Right Winger,25.0,2000000.0,Liverpool Fc,2122
Kaide Gordon,Right Winger,17.0,1500000.0,Liverpool Fc,2122
Harvey Blair,Right Winger,18.0,300000.0,Liverpool Fc,2122
Melkamu Frauendorf,Right Winger,18.0,,Liverpool Fc,2122
Roberto Firmino,Centre-Forward,30.0,32000000.0,Liverpool Fc,2122
Divock Origi,Centre-Forward,27.0,12000000.0,Liverpool Fc,2122
Ederson,Goalkeeper,28.0,45000000.0,Manchester City,2122
Zack Steffen,Goalkeeper,27.0,6000000.0,Manchester City,2122
Scott Carson,Goalkeeper,36.0,300000.0,Manchester City,2122
Cieran Slicker,Goalkeeper,19.0,,Manchester City,2122
Rúben Dias,Centre-Back,25.0,75000000.0,Manchester City,2122
Aymeric Laporte,Centre-Back,28.0,45000000.0,Manchester City,2122
John Stones,Centre-Back,28.0,28000000.0,Manchester City,2122
Nathan Aké,Centre-Back,27.0,25000000.0,Manchester City,2122
Philippe Sandler,Centre-Back,25.0,2000000.0,Manchester City,2122
CJ Egan-Riley,Centre-Back,19.0,800000.0,Manchester City,2122
Luke Mbete,Centre-Back,18.0,600000.0,Manchester City,2122
Finley Burns,Centre-Back,19.0,300000.0,Manchester City,2122
Oleksandr Zinchenko,Left-Back,25.0,25000000.0,Manchester City,2122
Josh Wilson-Esbrand,Left-Back,19.0,400000.0,Manchester City,2122
Benjamin Mendy,Left-Back,27.0,,Manchester City,2122
João Cancelo,Right-Back,28.0,65000000.0,Manchester City,2122
Kyle Walker,Right-Back,32.0,18000000.0,Manchester City,2122
Yan Couto,Right-Back,20.0,5000000.0,Manchester City,2122
Rodri,Defensive Midfield,26.0,80000000.0,Manchester City,2122
Roméo Lavia,Defensive Midfield,18.0,2000000.0,Manchester City,2122
Fernandinho,Defensive Midfield,37.0,1500000.0,Manchester City,2122
Claudio Gomes,Defensive Midfield,21.0,1000000.0,Manchester City,2122
İlkay Gündoğan,Central Midfield,31.0,25000000.0,Manchester City,2122
Tommy Doyle,Central Midfield,20.0,2500000.0,Manchester City,2122
Phil Foden,Attacking Midfield,22.0,90000000.0,Manchester City,2122
Kevin De Bruyne,Attacking Midfield,31.0,85000000.0,Manchester City,2122
Bernardo Silva,Attacking Midfield,27.0,80000000.0,Manchester City,2122
Cole Palmer,Attacking Midfield,20.0,6000000.0,Manchester City,2122
James McAtee,Attacking Midfield,19.0,3000000.0,Manchester City,2122
Ben Knight,Attacking Midfield,20.0,,Manchester City,2122
Jack Grealish,Left Winger,26.0,70000000.0,Manchester City,2122
Samuel Edozie,Left Winger,19.0,800000.0,Manchester City,2122
Raheem Sterling,Right Winger,27.0,70000000.0,Manchester City,2122
Riyad Mahrez,Right Winger,31.0,35000000.0,Manchester City,2122
Kayky,Right Winger,19.0,14000000.0,Manchester City,2122
Oscar Bobb,Right Winger,18.0,,Manchester City,2122
Gabriel Jesus,Centre-Forward,25.0,50000000.0,Manchester City,2122
Ferran Torres,Centre-Forward,22.0,45000000.0,Manchester City,2122
Liam Delap,Centre-Forward,19.0,1500000.0,Manchester City,2122
Dean Henderson,Goalkeeper,25.0,18000000.0,Manchester United,2122
David de Gea,Goalkeeper,31.0,15000000.0,Manchester United,2122
Tom Heaton,Goalkeeper,36.0,800000.0,Manchester United,2122
Matej Kovar,Goalkeeper,22.0,400000.0,Manchester United,2122
Lee Grant,Goalkeeper,39.0,250000.0,Manchester United,2122
Raphaël Varane,Centre-Back,29.0,48000000.0,Manchester United,2122
Harry Maguire,Centre-Back,29.0,38000000.0,Manchester United,2122
Victor Lindelöf,Centre-Back,27.0,22000000.0,Manchester United,2122
Eric Bailly,Centre-Back,28.0,6000000.0,Manchester United,2122
Phil Jones,Centre-Back,30.0,3000000.0,Manchester United,2122
Teden Mengi,Centre-Back,20.0,2000000.0,Manchester United,2122
Björn Hardley,Centre-Back,19.0,,Manchester United,2122
Luke Shaw,Left-Back,26.0,38000000.0,Manchester United,2122
Alex Telles,Left-Back,29.0,18000000.0,Manchester United,2122
Brandon Williams,Left-Back,21.0,12000000.0,Manchester United,2122
Álvaro Carreras,Left-Back,19.0,,Manchester United,2122
Aaron Wan-Bissaka,Right-Back,24.0,25000000.0,Manchester United,2122
Diogo Dalot,Right-Back,23.0,20000000.0,Manchester United,2122
James Garner,Defensive Midfield,21.0,7000000.0,Manchester United,2122
Nemanja Matić,Defensive Midfield,33.0,5000000.0,Manchester United,2122
Paul Pogba,Central Midfield,29.0,48000000.0,Manchester United,2122
Scott McTominay,Central Midfield,25.0,32000000.0,Manchester United,2122
Donny van de Beek,Central Midfield,25.0,25000000.0,Manchester United,2122
Fred,Central Midfield,29.0,20000000.0,Manchester United,2122
Andreas Pereira,Central Midfield,26.0,7500000.0,Manchester United,2122
Charlie Savage,Central Midfield,19.0,600000.0,Manchester United,2122
Zidane Iqbal,Central Midfield,19.0,600000.0,Manchester United,2122
Bruno Fernandes,Attacking Midfield,27.0,85000000.0,Manchester United,2122
Jesse Lingard,Attacking Midfield,29.0,18000000.0,Manchester United,2122
Hannibal,Attacking Midfield,19.0,6000000.0,Manchester United,2122
Tahith Chong,Attacking Midfield,22.0,3500000.0,Manchester United,2122
Juan Mata,Attacking Midfield,34.0,2500000.0,Manchester United,2122
Jadon Sancho,Left Winger,22.0,75000000.0,Manchester United,2122
Marcus Rashford,Left Winger,24.0,60000000.0,Manchester United,2122
Shola Shoretire,Left Winger,18.0,4000000.0,Manchester United,2122
Alejandro Garnacho,Left Winger,17.0,,Manchester United,2122
Anthony Elanga,Right Winger,20.0,20000000.0,Manchester United,2122
Daniel James,Right Winger,24.0,18000000.0,Manchester United,2122
Amad Diallo,Right Winger,19.0,15000000.0,Manchester United,2122
Mason Greenwood,Right Winger,20.0,,Manchester United,2122
Cristiano Ronaldo,Centre-Forward,37.0,30000000.0,Manchester United,2122
Anthony Martial,Centre-Forward,26.0,16000000.0,Manchester United,2122
Edinson Cavani,Centre-Forward,35.0,4000000.0,Manchester United,2122
Freddie Woodman,Goalkeeper,25.0,9000000.0,Newcastle United,2122
Martin Dúbravka,Goalkeeper,33.0,4000000.0,Newcastle United,2122
Karl Darlow,Goalkeeper,31.0,2500000.0,Newcastle United,2122
Mark Gillespie,Goalkeeper,30.0,300000.0,Newcastle United,2122
Dan Burn,Centre-Back,30.0,12000000.0,Newcastle United,2122
Jamaal Lascelles,Centre-Back,28.0,10000000.0,Newcastle United,2122
Fabian Schär,Centre-Back,30.0,7000000.0,Newcastle United,2122
Ciaran Clark,Centre-Back,32.0,1800000.0,Newcastle United,2122
Federico Fernández,Centre-Back,33.0,1500000.0,Newcastle United,2122
Matt Targett,Left-Back,26.0,17000000.0,Newcastle United,2122
Jamal Lewis,Left-Back,24.0,10000000.0,Newcastle United,2122
Paul Dummett,Left-Back,30.0,1500000.0,Newcastle United,2122
Kieran Trippier,Right-Back,31.0,15000000.0,Newcastle United,2122
Emil Krafth,Right-Back,27.0,5000000.0,Newcastle United,2122
Javier Manquillo,Right-Back,28.0,3000000.0,Newcastle United,2122
Isaac Hayden,Defensive Midfield,27.0,8000000.0,Newcastle United,2122
Bruno Guimarães,Central Midfield,24.0,40000000.0,Newcastle United,2122
Joe Willock,Central Midfield,22.0,22000000.0,Newcastle United,2122
Joelinton,Central Midfield,25.0,20000000.0,Newcastle United,2122
Sean Longstaff,Central Midfield,24.0,13000000.0,Newcastle United,2122
Jonjo Shelvey,Central Midfield,30.0,10000000.0,Newcastle United,2122
Jeff Hendrick,Central Midfield,30.0,5000000.0,Newcastle United,2122
Matty Longstaff,Central Midfield,22.0,1800000.0,Newcastle United,2122
Elliot Anderson,Central Midfield,19.0,200000.0,Newcastle United,2122
Lucas De Bolle,Central Midfield,19.0,,Newcastle United,2122
Matt Ritchie,Right Midfield,32.0,1800000.0,Newcastle United,2122
Joe White,Attacking Midfield,19.0,,Newcastle United,2122
Allan Saint-Maximin,Left Winger,25.0,32000000.0,Newcastle United,2122
Ryan Fraser,Left Winger,28.0,10000000.0,Newcastle United,2122
Miguel Almirón,Right Winger,28.0,16000000.0,Newcastle United,2122
Jacob Murphy,Right Winger,27.0,5000000.0,Newcastle United,2122
Callum Wilson,Centre-Forward,30.0,18000000.0,Newcastle United,2122
Chris Wood,Centre-Forward,30.0,10000000.0,Newcastle United,2122
Dwight Gayle,Centre-Forward,32.0,1500000.0,Newcastle United,2122
Angus Gunn,Goalkeeper,26.0,3000000.0,Norwich City,2122
Tim Krul,Goalkeeper,34.0,2000000.0,Norwich City,2122
Daniel Barden,Goalkeeper,21.0,250000.0,Norwich City,2122
Michael McGovern,Goalkeeper,37.0,250000.0,Norwich City,2122
Aston Oxborough,Goalkeeper,24.0,100000.0,Norwich City,2122
Jon McCracken,Goalkeeper,22.0,100000.0,Norwich City,2122
Ozan Kabak,Centre-Back,22.0,10000000.0,Norwich City,2122
Ben Gibson,Centre-Back,29.0,6000000.0,Norwich City,2122
Grant Hanley,Centre-Back,30.0,3500000.0,Norwich City,2122
Andrew Omobamidele,Centre-Back,20.0,1200000.0,Norwich City,2122
Christoph Zimmermann,Centre-Back,29.0,1000000.0,Norwich City,2122
Rocky Bushiri,Centre-Back,22.0,500000.0,Norwich City,2122
Akin Famewo,Centre-Back,23.0,250000.0,Norwich City,2122
Jonathan Tomkinson,Centre-Back,20.0,,Norwich City,2122
Brandon Williams,Left-Back,21.0,12000000.0,Norwich City,2122
Dimitrios Giannoulis,Left-Back,26.0,5000000.0,Norwich City,2122
Sam McCallum,Left-Back,21.0,3000000.0,Norwich City,2122
Sam Byram,Left-Back,28.0,2000000.0,Norwich City,2122
Bali Mumba,Left-Back,20.0,400000.0,Norwich City,2122
Max Aarons,Right-Back,22.0,22000000.0,Norwich City,2122
Billy Gilmour,Defensive Midfield,21.0,12000000.0,Norwich City,2122
Mathias Normann,Defensive Midfield,26.0,10000000.0,Norwich City,2122
Pierre Lees-Melou,Defensive Midfield,29.0,5000000.0,Norwich City,2122
Jacob Lungi Sørensen,Defensive Midfield,24.0,1500000.0,Norwich City,2122
Kenny McLean,Central Midfield,30.0,2500000.0,Norwich City,2122
Daniel Adshead,Central Midfield,20.0,250000.0,Norwich City,2122
Liam Gibbs,Central Midfield,19.0,,Norwich City,2122
Todd Cantwell,Attacking Midfield,24.0,18000000.0,Norwich City,2122
Kieran Dowell,Attacking Midfield,24.0,2500000.0,Norwich City,2122
Danel Sinani,Attacking Midfield,25.0,1500000.0,Norwich City,2122
Lukas Rupp,Attacking Midfield,31.0,1200000.0,Norwich City,2122
Christos Tzolis,Left Winger,20.0,8000000.0,Norwich City,2122
Przemysław Płacheta,Left Winger,24.0,1800000.0,Norwich City,2122
Onel Hernández,Left Winger,29.0,1500000.0,Norwich City,2122
Josh Martin,Left Winger,20.0,800000.0,Norwich City,2122
Jonathan Rowe,Left Winger,19.0,800000.0,Norwich City,2122
Milot Rashica,Right Winger,26.0,7000000.0,Norwich City,2122
Tony Springett,Right Winger,19.0,,Norwich City,2122
Abu Kamara,Right Winger,18.0,,Norwich City,2122
Josh Sargent,Centre-Forward,22.0,7000000.0,Norwich City,2122
Teemu Pukki,Centre-Forward,32.0,4000000.0,Norwich City,2122
Adam Idah,Centre-Forward,21.0,3000000.0,Norwich City,2122
Jordan Hugill,Centre-Forward,30.0,1800000.0,Norwich City,2122
Sebastian Soto,Centre-Forward,21.0,400000.0,Norwich City,2122
Thomas Dickson-Peters,Centre-Forward,19.0,100000.0,Norwich City,2122
Alex McCarthy,Goalkeeper,32.0,3000000.0,Southampton Fc,2122
Fraser Forster,Goalkeeper,34.0,2000000.0,Southampton Fc,2122
Willy Caballero,Goalkeeper,40.0,250000.0,Southampton Fc,2122
Harry Lewis,Goalkeeper,24.0,200000.0,Southampton Fc,2122
Jan Bednarek,Centre-Back,26.0,22000000.0,Southampton Fc,2122
Mohammed Salisu,Centre-Back,23.0,18000000.0,Southampton Fc,2122
Jack Stephens,Centre-Back,28.0,7000000.0,Southampton Fc,2122
Lyanco,Centre-Back,25.0,5000000.0,Southampton Fc,2122
Dynel Simeu,Centre-Back,20.0,1000000.0,Southampton Fc,2122
Romain Perraud,Left-Back,24.0,8000000.0,Southampton Fc,2122
Thierry Small,Left-Back,17.0,100000.0,Southampton Fc,2122
Tino Livramento,Right-Back,19.0,25000000.0,Southampton Fc,2122
Kyle Walker-Peters,Right-Back,25.0,22000000.0,Southampton Fc,2122
Yan Valery,Right-Back,23.0,2500000.0,Southampton Fc,2122
Ibrahima Diallo,Defensive Midfield,23.0,10000000.0,Southampton Fc,2122
Oriol Romeu,Defensive Midfield,30.0,5000000.0,Southampton Fc,2122
James Ward-Prowse,Central Midfield,27.0,32000000.0,Southampton Fc,2122
Stuart Armstrong,Central Midfield,30.0,6000000.0,Southampton Fc,2122
Will Smallbone,Central Midfield,22.0,2000000.0,Southampton Fc,2122
Kegs Chauke,Central Midfield,19.0,150000.0,Southampton Fc,2122
Moussa Djenepo,Left Winger,24.0,10000000.0,Southampton Fc,2122
Kazeem Olaigbe,Left Winger,19.0,,Southampton Fc,2122
Nathan Redmond,Right Winger,28.0,18000000.0,Southampton Fc,2122
Nathan Tella,Right Winger,22.0,1800000.0,Southampton Fc,2122
Theo Walcott,Right Winger,33.0,1800000.0,Southampton Fc,2122
Tyler Dibling,Right Winger,16.0,,Southampton Fc,2122
Mohamed Elyounoussi,Second Striker,27.0,12000000.0,Southampton Fc,2122
Armando Broja,Centre-Forward,20.0,22000000.0,Southampton Fc,2122
Ché Adams,Centre-Forward,25.0,18000000.0,Southampton Fc,2122
Adam Armstrong,Centre-Forward,25.0,15000000.0,Southampton Fc,2122
Michael Obafemi,Centre-Forward,21.0,2500000.0,Southampton Fc,2122
Dan Nlundulu,Centre-Forward,23.0,1200000.0,Southampton Fc,2122
Shane Long,Centre-Forward,35.0,800000.0,Southampton Fc,2122
Pierluigi Gollini,Goalkeeper,27.0,10000000.0,Tottenham Hotspur,2122
Hugo Lloris,Goalkeeper,35.0,7000000.0,Tottenham Hotspur,2122
Brandon Austin,Goalkeeper,23.0,300000.0,Tottenham Hotspur,2122
Cristian Romero,Centre-Back,24.0,48000000.0,Tottenham Hotspur,2122
Davinson Sánchez,Centre-Back,26.0,28000000.0,Tottenham Hotspur,2122
Eric Dier,Centre-Back,28.0,28000000.0,Tottenham Hotspur,2122
Ben Davies,Centre-Back,29.0,20000000.0,Tottenham Hotspur,2122
Japhet Tanganga,Centre-Back,23.0,12000000.0,Tottenham Hotspur,2122
Joe Rodon,Centre-Back,24.0,8000000.0,Tottenham Hotspur,2122
Cameron Carter-Vickers,Centre-Back,24.0,7000000.0,Tottenham Hotspur,2122
Maksim Paskotsi,Centre-Back,19.0,200000.0,Tottenham Hotspur,2122
Malachi Fagan-Walcott,Centre-Back,20.0,,Tottenham Hotspur,2122
Tobi Omole,Centre-Back,22.0,,Tottenham Hotspur,2122
Sergio Reguilón,Left-Back,25.0,25000000.0,Tottenham Hotspur,2122
Ryan Sessegnon,Left-Back,22.0,18000000.0,Tottenham Hotspur,2122
Emerson Royal,Right-Back,23.0,25000000.0,Tottenham Hotspur,2122
Matt Doherty,Right-Back,30.0,12000000.0,Tottenham Hotspur,2122
Marcel Lavinier,Right-Back,21.0,300000.0,Tottenham Hotspur,2122
Brooklyn Lyons-Foster,Right-Back,21.0,,Tottenham Hotspur,2122
Pierre-Emile Højbjerg,Defensive Midfield,26.0,40000000.0,Tottenham Hotspur,2122
Rodrigo Bentancur,Defensive Midfield,25.0,28000000.0,Tottenham Hotspur,2122
Oliver Skipp,Defensive Midfield,21.0,18000000.0,Tottenham Hotspur,2122
Harry Winks,Defensive Midfield,26.0,15000000.0,Tottenham Hotspur,2122
Harvey White,Defensive Midfield,20.0,600000.0,Tottenham Hotspur,2122
Kallum Cesay,Defensive Midfield,19.0,,Tottenham Hotspur,2122
Matthew Craig,Defensive Midfield,19.0,,Tottenham Hotspur,2122
Michael Craig,Defensive Midfield,19.0,,Tottenham Hotspur,2122
Jamie Bowden,Defensive Midfield,20.0,,Tottenham Hotspur,2122
Tanguy Ndombélé,Central Midfield,25.0,30000000.0,Tottenham Hotspur,2122
Moussa Sissoko,Central Midfield,32.0,4500000.0,Tottenham Hotspur,2122
Nile John,Central Midfield,19.0,400000.0,Tottenham Hotspur,2122
Dejan Kulusevski,Attacking Midfield,22.0,40000000.0,Tottenham Hotspur,2122
Giovani Lo Celso,Attacking Midfield,26.0,22000000.0,Tottenham Hotspur,2122
Dele Alli,Attacking Midfield,26.0,16000000.0,Tottenham Hotspur,2122
Alfie Devine,Attacking Midfield,17.0,900000.0,Tottenham Hotspur,2122
Heung-min Son,Left Winger,29.0,75000000.0,Tottenham Hotspur,2122
Bryan Gil,Left Winger,21.0,18000000.0,Tottenham Hotspur,2122
Steven Bergwijn,Left Winger,24.0,18000000.0,Tottenham Hotspur,2122
Jack Clarke,Left Winger,21.0,3500000.0,Tottenham Hotspur,2122
Romaine Mundle,Left Winger,19.0,,Tottenham Hotspur,2122
J'Neil Bennett,Left Winger,20.0,,Tottenham Hotspur,2122
Lucas Moura,Right Winger,29.0,20000000.0,Tottenham Hotspur,2122
Dilan Markanday,Right Winger,20.0,400000.0,Tottenham Hotspur,2122
Harry Kane,Centre-Forward,28.0,90000000.0,Tottenham Hotspur,2122
Dane Scarlett,Centre-Forward,18.0,250000.0,Tottenham Hotspur,2122
Daniel Bachmann,Goalkeeper,27.0,2500000.0,Watford Fc,2122
Pontus Dahlberg,Goalkeeper,23.0,1000000.0,Watford Fc,2122
Ben Foster,Goalkeeper,39.0,300000.0,Watford Fc,2122
Rob Elliot,Goalkeeper,36.0,200000.0,Watford Fc,2122
Vincent Angelini,Goalkeeper,18.0,,Watford Fc,2122
Samir Caetano,Centre-Back,27.0,5000000.0,Watford Fc,2122
William Troost-Ekong,Centre-Back,28.0,4000000.0,Watford Fc,2122
Adam Masina,Centre-Back,28.0,3000000.0,Watford Fc,2122
Christian Kabasele,Centre-Back,31.0,3000000.0,Watford Fc,2122
Nicolas N'Koulou,Centre-Back,32.0,2500000.0,Watford Fc,2122
Francisco Sierralta,Centre-Back,25.0,1500000.0,Watford Fc,2122
Craig Cathcart,Centre-Back,33.0,1200000.0,Watford Fc,2122
Mattie Pollock,Centre-Back,20.0,300000.0,Watford Fc,2122
Derek Agyakwa,Centre-Back,20.0,100000.0,Watford Fc,2122
Hassane Kamara,Left-Back,28.0,4000000.0,Watford Fc,2122
Ken Sema,Left-Back,28.0,2500000.0,Watford Fc,2122
Danny Rose,Left-Back,31.0,2200000.0,Watford Fc,2122
James Morris,Left-Back,20.0,,Watford Fc,2122
Jeremy Ngakia,Right-Back,21.0,3500000.0,Watford Fc,2122
Kiko Femenía,Right-Back,31.0,2500000.0,Watford Fc,2122
Peter Etebo,Defensive Midfield,26.0,3000000.0,Watford Fc,2122
Tom Dele-Bashiru,Defensive Midfield,22.0,2500000.0,Watford Fc,2122
Jaime Alvarado,Defensive Midfield,22.0,250000.0,Watford Fc,2122
Imrân Louza,Central Midfield,23.0,9000000.0,Watford Fc,2122
Moussa Sissoko,Central Midfield,32.0,4500000.0,Watford Fc,2122
Ozan Tufan,Central Midfield,27.0,3800000.0,Watford Fc,2122
Edo Kayembe,Central Midfield,24.0,3000000.0,Watford Fc,2122
Domingos Quina,Central Midfield,22.0,2200000.0,Watford Fc,2122
Tom Cleverley,Central Midfield,32.0,1800000.0,Watford Fc,2122
Juraj Kucka,Central Midfield,35.0,1800000.0,Watford Fc,2122
Dan Gosling,Central Midfield,32.0,1000000.0,Watford Fc,2122
Kamil Conteh,Central Midfield,19.0,,Watford Fc,2122
Kwadwo Baah,Left Winger,19.0,800000.0,Watford Fc,2122
Adrian Blake,Left Winger,16.0,,Watford Fc,2122
Ismaïla Sarr,Right Winger,24.0,27000000.0,Watford Fc,2122
Philip Zinckernagel,Right Winger,27.0,3000000.0,Watford Fc,2122
Samuel Kalu,Right Winger,24.0,3000000.0,Watford Fc,2122
Shaq Forde,Right Winger,18.0,,Watford Fc,2122
João Pedro,Centre-Forward,20.0,14000000.0,Watford Fc,2122
Emmanuel Dennis,Centre-Forward,24.0,14000000.0,Watford Fc,2122
Cucho Hernández,Centre-Forward,23.0,9000000.0,Watford Fc,2122
Joshua King,Centre-Forward,30.0,8000000.0,Watford Fc,2122
Andre Gray,Centre-Forward,31.0,2000000.0,Watford Fc,2122
Ashley Fletcher,Centre-Forward,26.0,2000000.0,Watford Fc,2122
Troy Deeney,Centre-Forward,34.0,1000000.0,Watford Fc,2122
Tiago Çukur,Centre-Forward,19.0,250000.0,Watford Fc,2122
Jack Grieves,Centre-Forward,17.0,,Watford Fc,2122
Alphonse Areola,Goalkeeper,29.0,8000000.0,West Ham United,2122
Lukasz Fabianski,Goalkeeper,37.0,1000000.0,West Ham United,2122
Darren Randolph,Goalkeeper,35.0,800000.0,West Ham United,2122
David Martin,Goalkeeper,36.0,250000.0,West Ham United,2122
Kurt Zouma,Centre-Back,27.0,28000000.0,West Ham United,2122
Issa Diop,Centre-Back,25.0,10000000.0,West Ham United,2122
Craig Dawson,Centre-Back,32.0,3000000.0,West Ham United,2122
Angelo Ogbonna,Centre-Back,34.0,1200000.0,West Ham United,2122
Aji Alese,Centre-Back,21.0,500000.0,West Ham United,2122
Jamal Baptiste,Centre-Back,18.0,200000.0,West Ham United,2122
Arthur Masuaku,Left-Back,28.0,5000000.0,West Ham United,2122
Aaron Cresswell,Left-Back,32.0,3000000.0,West Ham United,2122
Emmanuel Longelo,Left-Back,21.0,150000.0,West Ham United,2122
Vladimír Coufal,Right-Back,29.0,12000000.0,West Ham United,2122
Ben Johnson,Right-Back,22.0,9000000.0,West Ham United,2122
Ryan Fredericks,Right-Back,29.0,1500000.0,West Ham United,2122
Harrison Ashby,Right-Back,20.0,300000.0,West Ham United,2122
Tomáš Souček,Defensive Midfield,27.0,45000000.0,West Ham United,2122
Conor Coventry,Defensive Midfield,22.0,500000.0,West Ham United,2122
Keenan Appiah-Forson,Defensive Midfield,20.0,300000.0,West Ham United,2122
Freddie Potts,Defensive Midfield,18.0,250000.0,West Ham United,2122
Pierre Ekwah,Defensive Midfield,20.0,,West Ham United,2122
Ossama Ashley,Defensive Midfield,22.0,,West Ham United,2122
Declan Rice,Central Midfield,23.0,80000000.0,West Ham United,2122
Pablo Fornals,Central Midfield,26.0,22000000.0,West Ham United,2122
Alex Král,Central Midfield,24.0,7000000.0,West Ham United,2122
Mark Noble,Central Midfield,35.0,1000000.0,West Ham United,2122
Dan Chesters,Right Midfield,20.0,250000.0,West Ham United,2122
Nikola Vlašić,Attacking Midfield,24.0,22000000.0,West Ham United,2122
Manuel Lanzini,Attacking Midfield,29.0,12000000.0,West Ham United,2122
Kamarai Swyer,Attacking Midfield,19.0,,West Ham United,2122
Saïd Benrahma,Left Winger,26.0,25000000.0,West Ham United,2122
Armstrong Oko-Flex,Left Winger,20.0,,West Ham United,2122
Jarrod Bowen,Right Winger,25.0,42000000.0,West Ham United,2122
Andriy Yarmolenko,Right Winger,32.0,2500000.0,West Ham United,2122
Sonny Perkins,Right Winger,18.0,1200000.0,West Ham United,2122
Michail Antonio,Centre-Forward,32.0,10000000.0,West Ham United,2122
José Sá,Goalkeeper,29.0,18000000.0,Wolverhampton Wanderers,2122
Matija Sarkic,Goalkeeper,24.0,1800000.0,Wolverhampton Wanderers,2122
John Ruddy,Goalkeeper,35.0,300000.0,Wolverhampton Wanderers,2122
Louie Moulden,Goalkeeper,20.0,200000.0,Wolverhampton Wanderers,2122
Andreas Søndergaard,Goalkeeper,21.0,200000.0,Wolverhampton Wanderers,2122
James Storer,Goalkeeper,17.0,,Wolverhampton Wanderers,2122
Conor Coady,Centre-Back,29.0,25000000.0,Wolverhampton Wanderers,2122
Maximilian Kilman,Centre-Back,25.0,16000000.0,Wolverhampton Wanderers,2122
Romain Saïss,Centre-Back,32.0,8000000.0,Wolverhampton Wanderers,2122
Willy Boly,Centre-Back,31.0,6000000.0,Wolverhampton Wanderers,2122
Yerson Mosquera,Centre-Back,21.0,3000000.0,Wolverhampton Wanderers,2122
Toti,Centre-Back,23.0,1500000.0,Wolverhampton Wanderers,2122
Dion Sanderson,Centre-Back,22.0,600000.0,Wolverhampton Wanderers,2122
Christian Marques,Centre-Back,19.0,200000.0,Wolverhampton Wanderers,2122
Rayan Aït-Nouri,Left-Back,21.0,20000000.0,Wolverhampton Wanderers,2122
Ryan Giles,Left-Back,22.0,3000000.0,Wolverhampton Wanderers,2122
Marçal,Left-Back,33.0,1500000.0,Wolverhampton Wanderers,2122
Hugo Bueno,Left-Back,19.0,,Wolverhampton Wanderers,2122
Nélson Semedo,Right-Back,28.0,22000000.0,Wolverhampton Wanderers,2122
Jonny Otto,Right-Back,28.0,15000000.0,Wolverhampton Wanderers,2122
Ki-Jana Hoever,Right-Back,20.0,6000000.0,Wolverhampton Wanderers,2122
Dexter Lembikisa,Right-Back,18.0,,Wolverhampton Wanderers,2122
Rúben Neves,Defensive Midfield,25.0,40000000.0,Wolverhampton Wanderers,2122
Leander Dendoncker,Defensive Midfield,27.0,28000000.0,Wolverhampton Wanderers,2122
Bruno Jordão,Defensive Midfield,23.0,1600000.0,Wolverhampton Wanderers,2122
João Moutinho,Central Midfield,35.0,2500000.0,Wolverhampton Wanderers,2122
Luke Cundle,Central Midfield,20.0,800000.0,Wolverhampton Wanderers,2122
Connor Ronan,Central Midfield,24.0,750000.0,Wolverhampton Wanderers,2122
Francisco Trincão,Attacking Midfield,22.0,20000000.0,Wolverhampton Wanderers,2122
Morgan Gibbs-White,Attacking Midfield,22.0,11000000.0,Wolverhampton Wanderers,2122
Daniel Podence,Left Winger,26.0,20000000.0,Wolverhampton Wanderers,2122
Chiquinho,Left Winger,22.0,3000000.0,Wolverhampton Wanderers,2122
Chem Campbell,Left Winger,19.0,,Wolverhampton Wanderers,2122
Pedro Neto,Right Winger,22.0,32000000.0,Wolverhampton Wanderers,2122
Adama Traoré,Right Winger,26.0,20000000.0,Wolverhampton Wanderers,2122
Raúl Jiménez,Centre-Forward,31.0,18000000.0,Wolverhampton Wanderers,2122
Hee-chan Hwang,Centre-Forward,26.0,16000000.0,Wolverhampton Wanderers,2122
Fábio Silva,Centre-Forward,19.0,15000000.0,Wolverhampton Wanderers,2122
Aaron Ramsdale,Goalkeeper,24.0,28000000.0,Arsenal Fc,2122
Bernd Leno,Goalkeeper,30.0,9000000.0,Arsenal Fc,2122
Arthur Okonkwo,Goalkeeper,20.0,1500000.0,Arsenal Fc,2122
Karl Hein,Goalkeeper,20.0,800000.0,Arsenal Fc,2122
Gabriel,Centre-Back,24.0,38000000.0,Arsenal Fc,2122
Takehiro Tomiyasu,Centre-Back,23.0,25000000.0,Arsenal Fc,2122
Rob Holding,Centre-Back,26.0,10000000.0,Arsenal Fc,2122
Calum Chambers,Centre-Back,27.0,10000000.0,Arsenal Fc,2122
Pablo Marí,Centre-Back,28.0,5000000.0,Arsenal Fc,2122
Sead Kolasinac,Centre-Back,29.0,3000000.0,Arsenal Fc,2122
Alex Kirk,Centre-Back,19.0,,Arsenal Fc,2122
Zach Awe,Centre-Back,18.0,,Arsenal Fc,2122
Kieran Tierney,Left-Back,25.0,32000000.0,Arsenal Fc,2122
Nuno Tavares,Left-Back,22.0,15000000.0,Arsenal Fc,2122
Mazeed Ogungbo,Left-Back,19.0,,Arsenal Fc,2122
Ben White,Right-Back,24.0,40000000.0,Arsenal Fc,2122
Héctor Bellerín,Right-Back,27.0,20000000.0,Arsenal Fc,2122
Ainsley Maitland-Niles,Right-Back,24.0,10000000.0,Arsenal Fc,2122
Cédric Soares,Right-Back,30.0,6000000.0,Arsenal Fc,2122
Ryan Alebiosu,Right-Back,20.0,200000.0,Arsenal Fc,2122
Zak Swanson,Right-Back,21.0,150000.0,Arsenal Fc,2122
Thomas Partey,Defensive Midfield,29.0,38000000.0,Arsenal Fc,2122
Granit Xhaka,Defensive Midfield,29.0,20000000.0,Arsenal Fc,2122
Mohamed Elneny,Defensive Midfield,29.0,11000000.0,Arsenal Fc,2122
Albert Sambi Lokonga,Central Midfield,22.0,14000000.0,Arsenal Fc,2122
Charlie Patiño,Central Midfield,18.0,2000000.0,Arsenal Fc,2122
Miguel Azeez,Central Midfield,19.0,800000.0,Arsenal Fc,2122
Salah Oulad,Central Midfield,18.0,,Arsenal Fc,2122
Martin Ødegaard,Attacking Midfield,23.0,45000000.0,Arsenal Fc,2122
Emile Smith Rowe,Attacking Midfield,21.0,40000000.0,Arsenal Fc,2122
Omari Hutchinson,Attacking Midfield,18.0,,Arsenal Fc,2122
Gabriel Martinelli,Left Winger,21.0,40000000.0,Arsenal Fc,2122
Reiss Nelson,Left Winger,22.0,6500000.0,Arsenal Fc,2122
Marcelo Flores,Left Winger,18.0,1500000.0,Arsenal Fc,2122
Bukayo Saka,Right Winger,20.0,65000000.0,Arsenal Fc,2122
Nicolas Pépé,Right Winger,27.0,25000000.0,Arsenal Fc,2122
Eddie Nketiah,Centre-Forward,23.0,16000000.0,Arsenal Fc,2122
Pierre-Emerick Aubameyang,Centre-Forward,33.0,15000000.0,Arsenal Fc,2122
Alexandre Lacazette,Centre-Forward,31.0,15000000.0,Arsenal Fc,2122
Folarin Balogun,Centre-Forward,20.0,4000000.0,Arsenal Fc,2122
Mika Biereth,Centre-Forward,19.0,600000.0,Arsenal Fc,2122
Neto,Goalkeeper,33.0,2500000.0,Afc Bournemouth,2223
Mark Travers,Goalkeeper,24.0,2000000.0,Afc Bournemouth,2223
Darren Randolph,Goalkeeper,36.0,400000.0,Afc Bournemouth,2223
Will Dennis,Goalkeeper,22.0,150000.0,Afc Bournemouth,2223
Cameron Plain,Goalkeeper,21.0,100000.0,Afc Bournemouth,2223
Marcos Senesi,Centre-Back,26.0,22000000.0,Afc Bournemouth,2223
Ilya Zabarnyi,Centre-Back,20.0,20000000.0,Afc Bournemouth,2223
Lloyd Kelly,Centre-Back,24.0,18000000.0,Afc Bournemouth,2223
Chris Mepham,Centre-Back,25.0,8000000.0,Afc Bournemouth,2223
Jack Stephens,Centre-Back,29.0,3500000.0,Afc Bournemouth,2223
James Hill,Centre-Back,21.0,1000000.0,Afc Bournemouth,2223
Chris Francis,Centre-Back,20.0,,Afc Bournemouth,2223
Max Kinsey,Centre-Back,18.0,,Afc Bournemouth,2223
Owen Bevan,Centre-Back,19.0,,Afc Bournemouth,2223
Matías Viña,Left-Back,25.0,8000000.0,Afc Bournemouth,2223
Jordan Zemura,Left-Back,23.0,6000000.0,Afc Bournemouth,2223
Ben Greenwood,Left-Back,21.0,100000.0,Afc Bournemouth,2223
Jack Stacey,Right-Back,27.0,2000000.0,Afc Bournemouth,2223
Ryan Fredericks,Right-Back,30.0,1500000.0,Afc Bournemouth,2223
Adam Smith,Right-Back,32.0,1200000.0,Afc Bournemouth,2223
Brooklyn Genesini,Right-Back,21.0,50000.0,Afc Bournemouth,2223
Jefferson Lerma,Defensive Midfield,28.0,20000000.0,Afc Bournemouth,2223
Ben Pearson,Defensive Midfield,28.0,2200000.0,Afc Bournemouth,2223
Jack Wadham,Central Midfield,20.0,100000.0,Afc Bournemouth,2223
Philip Billing,Central Midfield,27.0,20000000.0,Afc Bournemouth,2223
Lewis Cook,Central Midfield,26.0,10000000.0,Afc Bournemouth,2223
Ryan Christie,Central Midfield,28.0,10000000.0,Afc Bournemouth,2223
Joe Rothwell,Central Midfield,28.0,4000000.0,Afc Bournemouth,2223
Gavin Kilkenny,Central Midfield,23.0,400000.0,Afc Bournemouth,2223
Ferdinand Okoh,Central Midfield,19.0,,Afc Bournemouth,2223
Marcus Tavernier,Attacking Midfield,24.0,17000000.0,Afc Bournemouth,2223
Emiliano Marcondes,Attacking Midfield,28.0,1500000.0,Afc Bournemouth,2223
Hamed Traoré,Left Winger,23.0,22000000.0,Afc Bournemouth,2223
Jaidon Anthony,Left Winger,23.0,9000000.0,Afc Bournemouth,2223
Siriki Dembélé,Left Winger,26.0,2000000.0,Afc Bournemouth,2223
Junior Stanislas,Left Winger,33.0,500000.0,Afc Bournemouth,2223
Dango Ouattara,Right Winger,21.0,25000000.0,Afc Bournemouth,2223
David Brooks,Right Winger,25.0,12000000.0,Afc Bournemouth,2223
Antoine Semenyo,Right Winger,23.0,9000000.0,Afc Bournemouth,2223
Dominic Sadi,Right Winger,19.0,100000.0,Afc Bournemouth,2223
Michael Dacosta,Right Winger,18.0,,Afc Bournemouth,2223
Dominic Solanke,Centre-Forward,25.0,20000000.0,Afc Bournemouth,2223
Kieffer Moore,Centre-Forward,30.0,4000000.0,Afc Bournemouth,2223
Jamal Lowe,Centre-Forward,28.0,1500000.0,Afc Bournemouth,2223
Christian Saydee,Centre-Forward,21.0,400000.0,Afc Bournemouth,2223
Euan Pollock,Centre-Forward,20.0,,Afc Bournemouth,2223
Daniel Adu-Adjei,Centre-Forward,18.0,,Afc Bournemouth,2223
Aaron Ramsdale,Goalkeeper,25.0,40000000.0,Arsenal Fc,2223
Matt Turner,Goalkeeper,29.0,8000000.0,Arsenal Fc,2223
Karl Hein,Goalkeeper,21.0,1500000.0,Arsenal Fc,2223
James Hillson,Goalkeeper,22.0,,Arsenal Fc,2223
William Saliba,Centre-Back,22.0,65000000.0,Arsenal Fc,2223
Gabriel,Centre-Back,25.0,55000000.0,Arsenal Fc,2223
Jakub Kiwior,Centre-Back,23.0,25000000.0,Arsenal Fc,2223
Takehiro Tomiyasu,Centre-Back,24.0,25000000.0,Arsenal Fc,2223
Auston Trusty,Centre-Back,24.0,10000000.0,Arsenal Fc,2223
Rob Holding,Centre-Back,27.0,8000000.0,Arsenal Fc,2223
Oleksandr Zinchenko,Left-Back,26.0,42000000.0,Arsenal Fc,2223
Kieran Tierney,Left-Back,26.0,25000000.0,Arsenal Fc,2223
Lino Sousa,Left-Back,18.0,500000.0,Arsenal Fc,2223
Ben White,Right-Back,25.0,55000000.0,Arsenal Fc,2223
Ainsley Maitland-Niles,Right-Back,25.0,8000000.0,Arsenal Fc,2223
Cédric Soares,Right-Back,31.0,3000000.0,Arsenal Fc,2223
Reuell Walters,Right-Back,18.0,,Arsenal Fc,2223
Thomas Partey,Defensive Midfield,30.0,35000000.0,Arsenal Fc,2223
Jorginho,Defensive Midfield,31.0,25000000.0,Arsenal Fc,2223
Granit Xhaka,Defensive Midfield,30.0,20000000.0,Arsenal Fc,2223
Mohamed Elneny,Defensive Midfield,30.0,6000000.0,Arsenal Fc,2223
Bradley Ibrahim,Defensive Midfield,18.0,400000.0,Arsenal Fc,2223
Albert Sambi Lokonga,Central Midfield,23.0,15000000.0,Arsenal Fc,2223
Matt Smith,Central Midfield,22.0,350000.0,Arsenal Fc,2223
Cătălin Cîrjan,Central Midfield,20.0,250000.0,Arsenal Fc,2223
Mauro Bandeira,Central Midfield,19.0,,Arsenal Fc,2223
Martin Ødegaard,Attacking Midfield,24.0,90000000.0,Arsenal Fc,2223
Emile Smith Rowe,Attacking Midfield,22.0,35000000.0,Arsenal Fc,2223
Fábio Vieira,Attacking Midfield,23.0,25000000.0,Arsenal Fc,2223
Ethan Nwaneri,Attacking Midfield,16.0,,Arsenal Fc,2223
Gabriel Martinelli,Left Winger,22.0,80000000.0,Arsenal Fc,2223
Leandro Trossard,Left Winger,28.0,35000000.0,Arsenal Fc,2223
Reiss Nelson,Left Winger,23.0,12000000.0,Arsenal Fc,2223
Charles Sagoe Jr,Left Winger,18.0,,Arsenal Fc,2223
Bukayo Saka,Right Winger,21.0,120000000.0,Arsenal Fc,2223
Nicolas Pépé,Right Winger,28.0,18000000.0,Arsenal Fc,2223
Marquinhos,Right Winger,20.0,12000000.0,Arsenal Fc,2223
Amario Cozier-Duberry,Right Winger,18.0,300000.0,Arsenal Fc,2223
Gabriel Jesus,Centre-Forward,26.0,75000000.0,Arsenal Fc,2223
Eddie Nketiah,Centre-Forward,24.0,25000000.0,Arsenal Fc,2223
Khayon Edwards,Centre-Forward,19.0,300000.0,Arsenal Fc,2223
Nathan Butler-Oyedeji,Centre-Forward,20.0,100000.0,Arsenal Fc,2223
Emiliano Martínez,Goalkeeper,30.0,28000000.0,Aston Villa,2223
Robin Olsen,Goalkeeper,33.0,1500000.0,Aston Villa,2223
Jed Steer,Goalkeeper,30.0,500000.0,Aston Villa,2223
Viljami Sinisalo,Goalkeeper,21.0,500000.0,Aston Villa,2223
Oliwier Zych,Goalkeeper,19.0,50000.0,Aston Villa,2223
Filip Marschall,Goalkeeper,20.0,,Aston Villa,2223
James Wright,Goalkeeper,18.0,,Aston Villa,2223
Ezri Konsa,Centre-Back,25.0,25000000.0,Aston Villa,2223
Tyrone Mings,Centre-Back,30.0,22000000.0,Aston Villa,2223
Diego Carlos,Centre-Back,30.0,20000000.0,Aston Villa,2223
Jan Bednarek,Centre-Back,27.0,14000000.0,Aston Villa,2223
Calum Chambers,Centre-Back,28.0,8000000.0,Aston Villa,2223
Kortney Hause,Centre-Back,27.0,2200000.0,Aston Villa,2223
Josh Feeney,Centre-Back,18.0,300000.0,Aston Villa,2223
Sil Swinkels,Centre-Back,19.0,150000.0,Aston Villa,2223
Álex Moreno,Left-Back,30.0,15000000.0,Aston Villa,2223
Lucas Digne,Left-Back,29.0,15000000.0,Aston Villa,2223
Ludwig Augustinsson,Left-Back,29.0,2500000.0,Aston Villa,2223
Sebastian Revan,Left-Back,19.0,,Aston Villa,2223
Travis Patterson,Left-Back,17.0,,Aston Villa,2223
Matty Cash,Right-Back,25.0,25000000.0,Aston Villa,2223
Ashley Young,Right-Back,37.0,600000.0,Aston Villa,2223
Boubacar Kamara,Defensive Midfield,23.0,30000000.0,Aston Villa,2223
Leander Dendoncker,Defensive Midfield,28.0,15000000.0,Aston Villa,2223
Marvelous Nakamba,Defensive Midfield,29.0,4000000.0,Aston Villa,2223
Lamare Bogarde,Defensive Midfield,19.0,450000.0,Aston Villa,2223
Jacob Ramsey,Central Midfield,22.0,42000000.0,Aston Villa,2223
Douglas Luiz,Central Midfield,25.0,40000000.0,Aston Villa,2223
John McGinn,Central Midfield,28.0,27000000.0,Aston Villa,2223
Morgan Sanson,Central Midfield,28.0,6000000.0,Aston Villa,2223
Tim Iroegbunam,Central Midfield,20.0,5000000.0,Aston Villa,2223
Philippe Coutinho,Attacking Midfield,31.0,10000000.0,Aston Villa,2223
Tommi O'Reilly,Attacking Midfield,19.0,,Aston Villa,2223
Emiliano Buendía,Left Winger,26.0,28000000.0,Aston Villa,2223
Jaden Philogene,Left Winger,21.0,2800000.0,Aston Villa,2223
Kadan Young,Left Winger,17.0,,Aston Villa,2223
Leon Bailey,Right Winger,25.0,28000000.0,Aston Villa,2223
Bertrand Traoré,Right Winger,27.0,12000000.0,Aston Villa,2223
Ollie Watkins,Centre-Forward,27.0,40000000.0,Aston Villa,2223
Danny Ings,Centre-Forward,30.0,12000000.0,Aston Villa,2223
Cameron Archer,Centre-Forward,21.0,12000000.0,Aston Villa,2223
Jhon Durán,Centre-Forward,19.0,12000000.0,Aston Villa,2223
Keinan Davis,Centre-Forward,25.0,3000000.0,Aston Villa,2223
David Raya,Goalkeeper,27.0,30000000.0,Brentford Fc,2223
Thomas Strakosha,Goalkeeper,28.0,3500000.0,Brentford Fc,2223
Matthew Cox,Goalkeeper,20.0,500000.0,Brentford Fc,2223
Ellery Balcombe,Goalkeeper,23.0,300000.0,Brentford Fc,2223
Kristoffer Ajer,Centre-Back,25.0,16000000.0,Brentford Fc,2223
Ethan Pinnock,Centre-Back,30.0,14000000.0,Brentford Fc,2223
Mads Bech Sørensen,Centre-Back,24.0,2500000.0,Brentford Fc,2223
Pontus Jansson,Centre-Back,32.0,2500000.0,Brentford Fc,2223
Ben Mee,Centre-Back,33.0,2000000.0,Brentford Fc,2223
Zanka,Centre-Back,33.0,1500000.0,Brentford Fc,2223
Charlie Goode,Centre-Back,27.0,600000.0,Brentford Fc,2223
Tristan Crama,Centre-Back,21.0,100000.0,Brentford Fc,2223
Rico Henry,Left-Back,25.0,28000000.0,Brentford Fc,2223
Aaron Hickey,Right-Back,21.0,25000000.0,Brentford Fc,2223
Mads Roerslev,Right-Back,24.0,6000000.0,Brentford Fc,2223
Fin Stevens,Right-Back,20.0,300000.0,Brentford Fc,2223
Vitaly Janelt,Defensive Midfield,25.0,20000000.0,Brentford Fc,2223
Christian Nørgaard,Defensive Midfield,29.0,16000000.0,Brentford Fc,2223
Mathias Jensen,Central Midfield,27.0,22000000.0,Brentford Fc,2223
Josh Dasilva,Central Midfield,24.0,16000000.0,Brentford Fc,2223
Frank Onyeka,Central Midfield,25.0,8000000.0,Brentford Fc,2223
Shandon Baptiste,Central Midfield,25.0,3000000.0,Brentford Fc,2223
Yegor Yarmolyuk,Central Midfield,19.0,400000.0,Brentford Fc,2223
Ryan Trevitt,Central Midfield,20.0,100000.0,Brentford Fc,2223
Keane Lewis-Potter,Left Midfield,22.0,12000000.0,Brentford Fc,2223
Mikkel Damsgaard,Attacking Midfield,22.0,13000000.0,Brentford Fc,2223
Saman Ghoddos,Attacking Midfield,29.0,2000000.0,Brentford Fc,2223
Alex Gilbert,Attacking Midfield,21.0,100000.0,Brentford Fc,2223
Kevin Schade,Left Winger,21.0,25000000.0,Brentford Fc,2223
Sergi Canós,Left Winger,26.0,9000000.0,Brentford Fc,2223
Tariqe Fosu,Left Winger,27.0,1800000.0,Brentford Fc,2223
Bryan Mbeumo,Right Winger,23.0,35000000.0,Brentford Fc,2223
Michael Olakigbe,Right Winger,19.0,,Brentford Fc,2223
Ivan Toney,Centre-Forward,27.0,35000000.0,Brentford Fc,2223
Yoane Wissa,Centre-Forward,26.0,18000000.0,Brentford Fc,2223
Halil Dervişoğlu,Centre-Forward,23.0,2000000.0,Brentford Fc,2223
Robert Sánchez,Goalkeeper,25.0,22000000.0,Brighton And Hove Albion,2223
Jason Steele,Goalkeeper,32.0,4000000.0,Brighton And Hove Albion,2223
Tom McGill,Goalkeeper,23.0,600000.0,Brighton And Hove Albion,2223
Levi Colwill,Centre-Back,20.0,30000000.0,Brighton And Hove Albion,2223
Adam Webster,Centre-Back,28.0,25000000.0,Brighton And Hove Albion,2223
Lewis Dunk,Centre-Back,31.0,16000000.0,Brighton And Hove Albion,2223
Jan Paul van Hecke,Centre-Back,23.0,5000000.0,Brighton And Hove Albion,2223
Ed Turns,Centre-Back,20.0,350000.0,Brighton And Hove Albion,2223
Antef Tsoungui,Centre-Back,20.0,250000.0,Brighton And Hove Albion,2223
Odeluga Offiah,Centre-Back,20.0,200000.0,Brighton And Hove Albion,2223
Pervis Estupiñán,Left-Back,25.0,32000000.0,Brighton And Hove Albion,2223
Haydon Roberts,Left-Back,21.0,700000.0,Brighton And Hove Albion,2223
James Furlong,Left-Back,21.0,275000.0,Brighton And Hove Albion,2223
Imari Samuels,Left-Back,20.0,150000.0,Brighton And Hove Albion,2223
Tariq Lamptey,Right-Back,22.0,12000000.0,Brighton And Hove Albion,2223
Joël Veltman,Right-Back,31.0,10000000.0,Brighton And Hove Albion,2223
Moisés Caicedo,Defensive Midfield,21.0,75000000.0,Brighton And Hove Albion,2223
Billy Gilmour,Defensive Midfield,22.0,12000000.0,Brighton And Hove Albion,2223
Jack Hinchy,Defensive Midfield,20.0,100000.0,Brighton And Hove Albion,2223
Jack Hinshelwood,Defensive Midfield,18.0,,Brighton And Hove Albion,2223
Alexis Mac Allister,Central Midfield,24.0,65000000.0,Brighton And Hove Albion,2223
Jakub Moder,Central Midfield,24.0,10000000.0,Brighton And Hove Albion,2223
Pascal Groß,Central Midfield,32.0,8000000.0,Brighton And Hove Albion,2223
Yasin Ayari,Central Midfield,19.0,6000000.0,Brighton And Hove Albion,2223
Steven Alzate,Central Midfield,24.0,4000000.0,Brighton And Hove Albion,2223
Taylor Richards,Central Midfield,22.0,400000.0,Brighton And Hove Albion,2223
Jack Spong,Central Midfield,21.0,150000.0,Brighton And Hove Albion,2223
Enock Mwepu,Central Midfield,25.0,,Brighton And Hove Albion,2223
Julio Enciso,Attacking Midfield,19.0,22000000.0,Brighton And Hove Albion,2223
Facundo Buonanotte,Attacking Midfield,18.0,12000000.0,Brighton And Hove Albion,2223
Adam Lallana,Attacking Midfield,35.0,1200000.0,Brighton And Hove Albion,2223
Andrew Moran,Attacking Midfield,19.0,300000.0,Brighton And Hove Albion,2223
Leandro Trossard,Left Winger,28.0,35000000.0,Brighton And Hove Albion,2223
Kaoru Mitoma,Left Winger,26.0,32000000.0,Brighton And Hove Albion,2223
Jeremy Sarmiento,Left Winger,21.0,5000000.0,Brighton And Hove Albion,2223
Cameron Peupion,Left Winger,20.0,125000.0,Brighton And Hove Albion,2223
Solly March,Right Winger,28.0,22000000.0,Brighton And Hove Albion,2223
Evan Ferguson,Centre-Forward,18.0,30000000.0,Brighton And Hove Albion,2223
Neal Maupay,Centre-Forward,26.0,10000000.0,Brighton And Hove Albion,2223
Deniz Undav,Centre-Forward,26.0,10000000.0,Brighton And Hove Albion,2223
Danny Welbeck,Centre-Forward,32.0,7000000.0,Brighton And Hove Albion,2223
Aaron Connolly,Centre-Forward,23.0,4000000.0,Brighton And Hove Albion,2223
Kepa Arrizabalaga,Goalkeeper,28.0,18000000.0,Chelsea Fc,2223
Edouard Mendy,Goalkeeper,31.0,12000000.0,Chelsea Fc,2223
Gabriel Slonina,Goalkeeper,19.0,9000000.0,Chelsea Fc,2223
Marcus Bettinelli,Goalkeeper,31.0,1500000.0,Chelsea Fc,2223
Lucas Bergström,Goalkeeper,20.0,250000.0,Chelsea Fc,2223
Ethan Wady,Goalkeeper,21.0,,Chelsea Fc,2223
Wesley Fofana,Centre-Back,22.0,55000000.0,Chelsea Fc,2223
Benoît Badiashile,Centre-Back,22.0,40000000.0,Chelsea Fc,2223
Trevoh Chalobah,Centre-Back,23.0,18000000.0,Chelsea Fc,2223
Kalidou Koulibaly,Centre-Back,32.0,15000000.0,Chelsea Fc,2223
César Azpilicueta,Centre-Back,33.0,5000000.0,Chelsea Fc,2223
Bashir Humphreys,Centre-Back,20.0,3000000.0,Chelsea Fc,2223
Thiago Silva,Centre-Back,38.0,2000000.0,Chelsea Fc,2223
Ben Chilwell,Left-Back,26.0,35000000.0,Chelsea Fc,2223
Marc Cucurella,Left-Back,24.0,35000000.0,Chelsea Fc,2223
Lewis Hall,Left-Back,18.0,10000000.0,Chelsea Fc,2223
Abdul Rahman Baba,Left-Back,28.0,1200000.0,Chelsea Fc,2223
Reece James,Right-Back,23.0,65000000.0,Chelsea Fc,2223
Alfie Gilchrist,Right-Back,19.0,,Chelsea Fc,2223
Jorginho,Defensive Midfield,31.0,25000000.0,Chelsea Fc,2223
Denis Zakaria,Defensive Midfield,26.0,18000000.0,Chelsea Fc,2223
N'Golo Kanté,Defensive Midfield,32.0,15000000.0,Chelsea Fc,2223
Billy Gilmour,Defensive Midfield,22.0,12000000.0,Chelsea Fc,2223
Ethan Ampadu,Defensive Midfield,22.0,9000000.0,Chelsea Fc,2223
Enzo Fernández,Central Midfield,22.0,80000000.0,Chelsea Fc,2223
Mateo Kovacic,Central Midfield,29.0,38000000.0,Chelsea Fc,2223
Conor Gallagher,Central Midfield,23.0,32000000.0,Chelsea Fc,2223
Ruben Loftus-Cheek,Central Midfield,27.0,25000000.0,Chelsea Fc,2223
Carney Chukwuemeka,Central Midfield,19.0,15000000.0,Chelsea Fc,2223
Harvey Vale,Right Midfield,19.0,2000000.0,Chelsea Fc,2223
Mason Mount,Attacking Midfield,24.0,60000000.0,Chelsea Fc,2223
Omari Hutchinson,Attacking Midfield,19.0,1000000.0,Chelsea Fc,2223
Mykhaylo Mudryk,Left Winger,22.0,50000000.0,Chelsea Fc,2223
Callum Hudson-Odoi,Left Winger,22.0,15000000.0,Chelsea Fc,2223
Raheem Sterling,Right Winger,28.0,55000000.0,Chelsea Fc,2223
Noni Madueke,Right Winger,21.0,30000000.0,Chelsea Fc,2223
Christian Pulisic,Right Winger,24.0,25000000.0,Chelsea Fc,2223
Hakim Ziyech,Right Winger,30.0,16000000.0,Chelsea Fc,2223
João Félix,Second Striker,23.0,50000000.0,Chelsea Fc,2223
Kai Havertz,Centre-Forward,24.0,55000000.0,Chelsea Fc,2223
Armando Broja,Centre-Forward,21.0,28000000.0,Chelsea Fc,2223
David Datro Fofana,Centre-Forward,20.0,10000000.0,Chelsea Fc,2223
Pierre-Emerick Aubameyang,Centre-Forward,34.0,4000000.0,Chelsea Fc,2223
Sam Johnstone,Goalkeeper,30.0,6000000.0,Crystal Palace,2223
Jack Butland,Goalkeeper,30.0,1500000.0,Crystal Palace,2223
Vicente Guaita,Goalkeeper,36.0,1000000.0,Crystal Palace,2223
Joe Whitworth,Goalkeeper,19.0,900000.0,Crystal Palace,2223
Remi Matthews,Goalkeeper,29.0,350000.0,Crystal Palace,2223
Owen Goodman,Goalkeeper,19.0,150000.0,Crystal Palace,2223
Marc Guéhi,Centre-Back,22.0,35000000.0,Crystal Palace,2223
Joachim Andersen,Centre-Back,27.0,30000000.0,Crystal Palace,2223
Chris Richards,Centre-Back,23.0,10000000.0,Crystal Palace,2223
Nathan Ferguson,Centre-Back,22.0,1200000.0,Crystal Palace,2223
James Tomkins,Centre-Back,34.0,800000.0,Crystal Palace,2223
Kofi Balmer,Centre-Back,22.0,200000.0,Crystal Palace,2223
Tyrick Mitchell,Left-Back,23.0,22000000.0,Crystal Palace,2223
Tayo Adaramola,Left-Back,19.0,1500000.0,Crystal Palace,2223
Nathaniel Clyne,Right-Back,32.0,2000000.0,Crystal Palace,2223
Joel Ward,Right-Back,33.0,1200000.0,Crystal Palace,2223
David Boateng,Right-Back,22.0,50000.0,Crystal Palace,2223
Cheick Doucouré,Defensive Midfield,23.0,35000000.0,Crystal Palace,2223
Jaïro Riedewald,Defensive Midfield,26.0,3000000.0,Crystal Palace,2223
Luka Milivojevic,Defensive Midfield,32.0,2000000.0,Crystal Palace,2223
Kaden Rodney,Defensive Midfield,18.0,250000.0,Crystal Palace,2223
David Ozoh,Defensive Midfield,18.0,,Crystal Palace,2223
Albert Sambi Lokonga,Central Midfield,23.0,15000000.0,Crystal Palace,2223
Naouirou Ahamada,Central Midfield,21.0,10000000.0,Crystal Palace,2223
Will Hughes,Central Midfield,28.0,5000000.0,Crystal Palace,2223
James McArthur,Central Midfield,35.0,400000.0,Crystal Palace,2223
Jack Wells-Morrison,Central Midfield,19.0,300000.0,Crystal Palace,2223
Killian Phillips,Central Midfield,21.0,150000.0,Crystal Palace,2223
Jeffrey Schlupp,Left Midfield,30.0,7000000.0,Crystal Palace,2223
Eberechi Eze,Attacking Midfield,25.0,40000000.0,Crystal Palace,2223
Wilfried Zaha,Left Winger,30.0,22000000.0,Crystal Palace,2223
John-Kymani Gordon,Left Winger,20.0,100000.0,Crystal Palace,2223
Adler Nascimento,Left Winger,18.0,,Crystal Palace,2223
Michael Olise,Right Winger,21.0,38000000.0,Crystal Palace,2223
Malcolm Ebiowei,Right Winger,19.0,3000000.0,Crystal Palace,2223
Odsonne Édouard,Centre-Forward,25.0,15000000.0,Crystal Palace,2223
Jean-Philippe Mateta,Centre-Forward,26.0,7000000.0,Crystal Palace,2223
Jordan Ayew,Centre-Forward,31.0,5000000.0,Crystal Palace,2223
Luke Plange,Centre-Forward,20.0,1000000.0,Crystal Palace,2223
Jordan Pickford,Goalkeeper,29.0,22000000.0,Everton Fc,2223
Asmir Begovic,Goalkeeper,36.0,800000.0,Everton Fc,2223
Eldin Jakupović,Goalkeeper,38.0,200000.0,Everton Fc,2223
Andy Lonergan,Goalkeeper,39.0,150000.0,Everton Fc,2223
James Tarkowski,Centre-Back,30.0,18000000.0,Everton Fc,2223
Ben Godfrey,Centre-Back,25.0,13000000.0,Everton Fc,2223
Conor Coady,Centre-Back,30.0,12000000.0,Everton Fc,2223
Michael Keane,Centre-Back,30.0,10000000.0,Everton Fc,2223
Yerry Mina,Centre-Back,28.0,10000000.0,Everton Fc,2223
Mason Holgate,Centre-Back,26.0,9000000.0,Everton Fc,2223
Jean-Philippe Gbamin,Centre-Back,27.0,4800000.0,Everton Fc,2223
Reece Welch,Centre-Back,19.0,500000.0,Everton Fc,2223
Vitaliy Mykolenko,Left-Back,24.0,25000000.0,Everton Fc,2223
Ishé Samuels-Smith,Left-Back,17.0,,Everton Fc,2223
Nathan Patterson,Right-Back,21.0,16000000.0,Everton Fc,2223
Séamus Coleman,Right-Back,34.0,1000000.0,Everton Fc,2223
Kyle John,Right-Back,22.0,150000.0,Everton Fc,2223
Amadou Onana,Defensive Midfield,21.0,45000000.0,Everton Fc,2223
James Garner,Defensive Midfield,22.0,14000000.0,Everton Fc,2223
Allan,Defensive Midfield,32.0,6000000.0,Everton Fc,2223
Idrissa Gueye,Defensive Midfield,33.0,5000000.0,Everton Fc,2223
André Gomes,Central Midfield,29.0,16000000.0,Everton Fc,2223
Tom Davies,Central Midfield,25.0,9000000.0,Everton Fc,2223
Lewis Warrington,Central Midfield,20.0,500000.0,Everton Fc,2223
Isaac Price,Central Midfield,19.0,400000.0,Everton Fc,2223
Rúben Vinagre,Left Midfield,24.0,4000000.0,Everton Fc,2223
Abdoulaye Doucouré,Attacking Midfield,30.0,12000000.0,Everton Fc,2223
Dele Alli,Attacking Midfield,27.0,8000000.0,Everton Fc,2223
Anthony Gordon,Left Winger,22.0,35000000.0,Everton Fc,2223
Alex Iwobi,Left Winger,27.0,28000000.0,Everton Fc,2223
Dwight McNeil,Left Winger,23.0,20000000.0,Everton Fc,2223
Demarai Gray,Left Winger,27.0,20000000.0,Everton Fc,2223
Andros Townsend,Right Winger,31.0,1500000.0,Everton Fc,2223
Stanley Mills,Right Winger,19.0,150000.0,Everton Fc,2223
Dominic Calvert-Lewin,Centre-Forward,26.0,25000000.0,Everton Fc,2223
Neal Maupay,Centre-Forward,26.0,10000000.0,Everton Fc,2223
Tom Cannon,Centre-Forward,20.0,5000000.0,Everton Fc,2223
Ellis Simms,Centre-Forward,22.0,4000000.0,Everton Fc,2223
Salomón Rondón,Centre-Forward,33.0,2000000.0,Everton Fc,2223
Sean McAllister,Centre-Forward,20.0,,Everton Fc,2223
Bernd Leno,Goalkeeper,31.0,12000000.0,Fulham Fc,2223
Paulo Gazzaniga,Goalkeeper,31.0,3000000.0,Fulham Fc,2223
Marek Rodák,Goalkeeper,26.0,3000000.0,Fulham Fc,2223
George Wickens,Goalkeeper,21.0,250000.0,Fulham Fc,2223
Issa Diop,Centre-Back,26.0,18000000.0,Fulham Fc,2223
Tosin Adarabioyo,Centre-Back,25.0,16000000.0,Fulham Fc,2223
Shane Duffy,Centre-Back,31.0,2000000.0,Fulham Fc,2223
Tim Ream,Centre-Back,35.0,1000000.0,Fulham Fc,2223
Connor McAvoy,Centre-Back,21.0,250000.0,Fulham Fc,2223
Charlie Robinson,Centre-Back,18.0,,Fulham Fc,2223
Antonee Robinson,Left-Back,25.0,15000000.0,Fulham Fc,2223
Layvin Kurzawa,Left-Back,30.0,3000000.0,Fulham Fc,2223
Joe Bryan,Left-Back,29.0,2200000.0,Fulham Fc,2223
Stefan Parkes,Left-Back,19.0,150000.0,Fulham Fc,2223
Kenny Tete,Right-Back,27.0,15000000.0,Fulham Fc,2223
Kevin Mbabu,Right-Back,28.0,3500000.0,Fulham Fc,2223
Cédric Soares,Right-Back,31.0,3000000.0,Fulham Fc,2223
Marlon Fossey,Right-Back,24.0,2500000.0,Fulham Fc,2223
Steven Sessegnon,Right-Back,23.0,800000.0,Fulham Fc,2223
Luciano D'Auria-Henry,Right-Back,20.0,150000.0,Fulham Fc,2223
João Palhinha,Defensive Midfield,27.0,40000000.0,Fulham Fc,2223
Nathaniel Chalobah,Defensive Midfield,28.0,1800000.0,Fulham Fc,2223
Adrion Pajaziti,Defensive Midfield,20.0,200000.0,Fulham Fc,2223
Harrison Reed,Central Midfield,28.0,18000000.0,Fulham Fc,2223
Andreas Pereira,Central Midfield,27.0,18000000.0,Fulham Fc,2223
Saša Lukić,Central Midfield,26.0,12000000.0,Fulham Fc,2223
Tom Cairney,Central Midfield,32.0,2000000.0,Fulham Fc,2223
Josh Onomah,Central Midfield,26.0,1500000.0,Fulham Fc,2223
Tyrese Francois,Central Midfield,22.0,500000.0,Fulham Fc,2223
Matt Dibley-Dias,Central Midfield,19.0,,Fulham Fc,2223
Bobby De Cordova-Reid,Attacking Midfield,30.0,7000000.0,Fulham Fc,2223
Luke Harris,Attacking Midfield,18.0,500000.0,Fulham Fc,2223
Kristian Sekularac,Attacking Midfield,19.0,150000.0,Fulham Fc,2223
Manor Solomon,Left Winger,23.0,18000000.0,Fulham Fc,2223
Willian,Left Winger,34.0,3000000.0,Fulham Fc,2223
Neeskens Kebano,Left Winger,31.0,2000000.0,Fulham Fc,2223
Ollie O'Neill,Left Winger,20.0,250000.0,Fulham Fc,2223
Martial Godo,Left Winger,20.0,100000.0,Fulham Fc,2223
Harry Wilson,Right Winger,26.0,16000000.0,Fulham Fc,2223
Daniel James,Right Winger,25.0,12000000.0,Fulham Fc,2223
Anthony Knockaert,Right Winger,31.0,900000.0,Fulham Fc,2223
Aleksandar Mitrović,Centre-Forward,28.0,28000000.0,Fulham Fc,2223
Carlos Vinícius,Centre-Forward,28.0,6000000.0,Fulham Fc,2223
Rodrigo Muniz,Centre-Forward,22.0,5000000.0,Fulham Fc,2223
Jay Stansfield,Centre-Forward,20.0,1200000.0,Fulham Fc,2223
Terry Ablade,Centre-Forward,21.0,200000.0,Fulham Fc,2223
Callum McFarlane,Centre-Forward,19.0,,Fulham Fc,2223
Illan Meslier,Goalkeeper,23.0,20000000.0,Leeds United,2223
Kristoffer Klaesson,Goalkeeper,22.0,1800000.0,Leeds United,2223
Joel Robles,Goalkeeper,33.0,1000000.0,Leeds United,2223
Dani van den Heuvel,Goalkeeper,20.0,,Leeds United,2223
Robin Koch,Centre-Back,26.0,18000000.0,Leeds United,2223
Pascal Struijk,Centre-Back,23.0,18000000.0,Leeds United,2223
Maximilian Wöber,Centre-Back,25.0,14000000.0,Leeds United,2223
Diego Llorente,Centre-Back,29.0,12000000.0,Leeds United,2223
Charlie Cresswell,Centre-Back,20.0,5000000.0,Leeds United,2223
Liam Cooper,Centre-Back,31.0,3000000.0,Leeds United,2223
Leo Hjelde,Centre-Back,19.0,1500000.0,Leeds United,2223
Diogo Monteiro,Centre-Back,18.0,500000.0,Leeds United,2223
Jeremiah Chilokoa-Mullen,Centre-Back,19.0,,Leeds United,2223
Kris Moore,Centre-Back,19.0,,Leeds United,2223
James Debayo,Centre-Back,17.0,,Leeds United,2223
Junior Firpo,Left-Back,26.0,10000000.0,Leeds United,2223
Rasmus Nissen Kristensen,Right-Back,25.0,13000000.0,Leeds United,2223
Cody Drameh,Right-Back,21.0,3500000.0,Leeds United,2223
Jamie Shackleton,Right-Back,23.0,2000000.0,Leeds United,2223
Luke Ayling,Right-Back,31.0,1800000.0,Leeds United,2223
Tyler Adams,Defensive Midfield,24.0,18000000.0,Leeds United,2223
Marc Roca,Defensive Midfield,26.0,10000000.0,Leeds United,2223
Mateusz Klich,Defensive Midfield,33.0,2000000.0,Leeds United,2223
Archie Gray,Defensive Midfield,17.0,200000.0,Leeds United,2223
Weston McKennie,Central Midfield,24.0,18000000.0,Leeds United,2223
Darko Gyabi,Central Midfield,19.0,3000000.0,Leeds United,2223
Adam Forshaw,Central Midfield,31.0,1200000.0,Leeds United,2223
Alfie McCalmont,Central Midfield,23.0,150000.0,Leeds United,2223
Charlie Allen,Central Midfield,19.0,,Leeds United,2223
Joe Snowdon,Right Midfield,19.0,,Leeds United,2223
Stuart Dallas,Left Midfield,32.0,1500000.0,Leeds United,2223
Brenden Aaronson,Attacking Midfield,22.0,25000000.0,Leeds United,2223
Sam Greenwood,Attacking Midfield,21.0,5000000.0,Leeds United,2223
Jack Harrison,Left Winger,26.0,22000000.0,Leeds United,2223
Luis Sinisterra,Left Winger,24.0,22000000.0,Leeds United,2223
Crysencio Summerville,Left Winger,21.0,15000000.0,Leeds United,2223
Amari Miller,Left Winger,20.0,,Leeds United,2223
Wilfried Gnonto,Right Winger,19.0,18000000.0,Leeds United,2223
Daniel James,Right Winger,25.0,12000000.0,Leeds United,2223
Sonny Perkins,Right Winger,19.0,1200000.0,Leeds United,2223
Ian Poveda,Right Winger,23.0,900000.0,Leeds United,2223
Tyler Roberts,Second Striker,24.0,3000000.0,Leeds United,2223
Georginio Rutter,Centre-Forward,21.0,18000000.0,Leeds United,2223
Patrick Bamford,Centre-Forward,29.0,9000000.0,Leeds United,2223
Joe Gelhardt,Centre-Forward,21.0,8000000.0,Leeds United,2223
Rodrigo,Centre-Forward,32.0,6000000.0,Leeds United,2223
Mateo Joseph,Centre-Forward,19.0,900000.0,Leeds United,2223
Danny Ward,Goalkeeper,30.0,6000000.0,Leicester City,2223
Daniel Iversen,Goalkeeper,25.0,5000000.0,Leicester City,2223
Alex Smithies,Goalkeeper,33.0,500000.0,Leicester City,2223
Wesley Fofana,Centre-Back,22.0,55000000.0,Leicester City,2223
Wout Faes,Centre-Back,25.0,20000000.0,Leicester City,2223
Çağlar Söyüncü,Centre-Back,27.0,15000000.0,Leicester City,2223
Harry Souttar,Centre-Back,24.0,15000000.0,Leicester City,2223
Daniel Amartey,Centre-Back,28.0,12000000.0,Leicester City,2223
Jannik Vestergaard,Centre-Back,30.0,4000000.0,Leicester City,2223
Jonny Evans,Centre-Back,35.0,2000000.0,Leicester City,2223
Lewis Brunt,Centre-Back,22.0,100000.0,Leicester City,2223
Victor Kristiansen,Left-Back,20.0,12000000.0,Leicester City,2223
Luke Thomas,Left-Back,22.0,12000000.0,Leicester City,2223
Ryan Bertrand,Left-Back,33.0,800000.0,Leicester City,2223
Timothy Castagne,Right-Back,27.0,25000000.0,Leicester City,2223
James Justin,Right-Back,25.0,20000000.0,Leicester City,2223
Ricardo Pereira,Right-Back,29.0,10000000.0,Leicester City,2223
Joe Wormleighton,Right-Back,19.0,,Leicester City,2223
Wilfred Ndidi,Defensive Midfield,26.0,25000000.0,Leicester City,2223
Boubakary Soumaré,Defensive Midfield,24.0,20000000.0,Leicester City,2223
Hamza Choudhury,Defensive Midfield,25.0,5000000.0,Leicester City,2223
Nampalys Mendy,Defensive Midfield,31.0,2500000.0,Leicester City,2223
Sammy Braybrooke,Defensive Midfield,19.0,250000.0,Leicester City,2223
Youri Tielemans,Central Midfield,26.0,25000000.0,Leicester City,2223
Kiernan Dewsbury-Hall,Central Midfield,24.0,25000000.0,Leicester City,2223
Dennis Praet,Central Midfield,29.0,7000000.0,Leicester City,2223
Marc Albrighton,Right Midfield,33.0,1000000.0,Leicester City,2223
Kasey McAteer,Right Midfield,21.0,250000.0,Leicester City,2223
James Maddison,Attacking Midfield,26.0,60000000.0,Leicester City,2223
Will Alves,Attacking Midfield,18.0,,Leicester City,2223
Harvey Barnes,Left Winger,25.0,35000000.0,Leicester City,2223
Tetê,Right Winger,23.0,25000000.0,Leicester City,2223
Wanya Marçal,Right Winger,20.0,,Leicester City,2223
Kelechi Iheanacho,Centre-Forward,26.0,18000000.0,Leicester City,2223
Patson Daka,Centre-Forward,24.0,18000000.0,Leicester City,2223
Ayoze Pérez,Centre-Forward,29.0,6000000.0,Leicester City,2223
Jamie Vardy,Centre-Forward,36.0,2500000.0,Leicester City,2223
George Hirst,Centre-Forward,24.0,800000.0,Leicester City,2223
Alisson,Goalkeeper,30.0,35000000.0,Liverpool Fc,2223
Caoimhín Kelleher,Goalkeeper,24.0,12000000.0,Liverpool Fc,2223
Adrián San Miguel,Goalkeeper,36.0,800000.0,Liverpool Fc,2223
Harvey Davies,Goalkeeper,19.0,300000.0,Liverpool Fc,2223
Ibrahima Konaté,Centre-Back,24.0,38000000.0,Liverpool Fc,2223
Virgil van Dijk,Centre-Back,31.0,35000000.0,Liverpool Fc,2223
Joe Gomez,Centre-Back,26.0,22000000.0,Liverpool Fc,2223
Joël Matip,Centre-Back,31.0,12000000.0,Liverpool Fc,2223
Sepp van den Berg,Centre-Back,21.0,5000000.0,Liverpool Fc,2223
Nat Phillips,Centre-Back,26.0,4000000.0,Liverpool Fc,2223
Rhys Williams,Centre-Back,22.0,2000000.0,Liverpool Fc,2223
Jarell Quansah,Centre-Back,20.0,400000.0,Liverpool Fc,2223
Luke Chambers,Centre-Back,19.0,300000.0,Liverpool Fc,2223
Andrew Robertson,Left-Back,29.0,40000000.0,Liverpool Fc,2223
Konstantinos Tsimikas,Left-Back,27.0,18000000.0,Liverpool Fc,2223
Trent Alexander-Arnold,Right-Back,24.0,65000000.0,Liverpool Fc,2223
Calvin Ramsay,Right-Back,19.0,5000000.0,Liverpool Fc,2223
Fabinho,Defensive Midfield,29.0,42000000.0,Liverpool Fc,2223
Stefan Bajcetic,Defensive Midfield,18.0,13000000.0,Liverpool Fc,2223
Jordan Henderson,Defensive Midfield,33.0,10000000.0,Liverpool Fc,2223
Curtis Jones,Central Midfield,22.0,22000000.0,Liverpool Fc,2223
Thiago Alcántara,Central Midfield,32.0,15000000.0,Liverpool Fc,2223
Arthur Melo,Central Midfield,26.0,15000000.0,Liverpool Fc,2223
Naby Keïta,Central Midfield,28.0,12000000.0,Liverpool Fc,2223
Alex Oxlade-Chamberlain,Central Midfield,29.0,7000000.0,Liverpool Fc,2223
James Milner,Central Midfield,37.0,1500000.0,Liverpool Fc,2223
Bobby Clark,Central Midfield,18.0,350000.0,Liverpool Fc,2223
Jake Cain,Central Midfield,21.0,200000.0,Liverpool Fc,2223
Harvey Elliott,Attacking Midfield,20.0,35000000.0,Liverpool Fc,2223
Fábio Carvalho,Attacking Midfield,20.0,16000000.0,Liverpool Fc,2223
Luis Díaz,Left Winger,26.0,75000000.0,Liverpool Fc,2223
Cody Gakpo,Left Winger,24.0,55000000.0,Liverpool Fc,2223
Diogo Jota,Left Winger,26.0,50000000.0,Liverpool Fc,2223
Mohamed Salah,Right Winger,31.0,65000000.0,Liverpool Fc,2223
Ben Gannon-Doak,Right Winger,17.0,,Liverpool Fc,2223
Melkamu Frauendorf,Right Winger,19.0,,Liverpool Fc,2223
Darwin Núñez,Centre-Forward,24.0,65000000.0,Liverpool Fc,2223
Roberto Firmino,Centre-Forward,31.0,18000000.0,Liverpool Fc,2223
Layton Stewart,Centre-Forward,20.0,,Liverpool Fc,2223
Ederson,Goalkeeper,29.0,40000000.0,Manchester City,2223
Stefan Ortega,Goalkeeper,30.0,9000000.0,Manchester City,2223
Zack Steffen,Goalkeeper,28.0,3500000.0,Manchester City,2223
Scott Carson,Goalkeeper,37.0,200000.0,Manchester City,2223
Rúben Dias,Centre-Back,26.0,80000000.0,Manchester City,2223
Nathan Aké,Centre-Back,28.0,42000000.0,Manchester City,2223
John Stones,Centre-Back,29.0,40000000.0,Manchester City,2223
Manuel Akanji,Centre-Back,27.0,38000000.0,Manchester City,2223
Aymeric Laporte,Centre-Back,29.0,25000000.0,Manchester City,2223
Luke Mbete,Centre-Back,19.0,2000000.0,Manchester City,2223
Sergio Gómez,Left-Back,22.0,13000000.0,Manchester City,2223
Josh Wilson-Esbrand,Left-Back,20.0,1500000.0,Manchester City,2223
Benjamin Mendy,Left-Back,28.0,,Manchester City,2223
Nico O'Reilly,Left-Back,18.0,,Manchester City,2223
João Cancelo,Right-Back,29.0,50000000.0,Manchester City,2223
Rico Lewis,Right-Back,18.0,20000000.0,Manchester City,2223
Kyle Walker,Right-Back,33.0,13000000.0,Manchester City,2223
Rodri,Defensive Midfield,27.0,90000000.0,Manchester City,2223
Kalvin Phillips,Defensive Midfield,27.0,32000000.0,Manchester City,2223
Máximo Perrone,Defensive Midfield,20.0,10000000.0,Manchester City,2223
Claudio Gomes,Defensive Midfield,22.0,1400000.0,Manchester City,2223
Shea Charles,Defensive Midfield,19.0,,Manchester City,2223
İlkay Gündoğan,Central Midfield,32.0,20000000.0,Manchester City,2223
Alex Robertson,Central Midfield,20.0,50000.0,Manchester City,2223
Phil Foden,Attacking Midfield,23.0,110000000.0,Manchester City,2223
Bernardo Silva,Attacking Midfield,28.0,80000000.0,Manchester City,2223
Kevin De Bruyne,Attacking Midfield,32.0,70000000.0,Manchester City,2223
Cole Palmer,Attacking Midfield,21.0,15000000.0,Manchester City,2223
Ben Knight,Attacking Midfield,21.0,300000.0,Manchester City,2223
Jack Grealish,Left Winger,27.0,75000000.0,Manchester City,2223
Riyad Mahrez,Right Winger,32.0,20000000.0,Manchester City,2223
Erling Haaland,Centre-Forward,22.0,180000000.0,Manchester City,2223
Julián Alvarez,Centre-Forward,23.0,60000000.0,Manchester City,2223
Liam Delap,Centre-Forward,20.0,5000000.0,Manchester City,2223
Dean Henderson,Goalkeeper,26.0,18000000.0,Manchester United,2223
David de Gea,Goalkeeper,32.0,13000000.0,Manchester United,2223
Matej Kovar,Goalkeeper,23.0,1800000.0,Manchester United,2223
Martin Dúbravka,Goalkeeper,34.0,1500000.0,Manchester United,2223
Jack Butland,Goalkeeper,30.0,1500000.0,Manchester United,2223
Tom Heaton,Goalkeeper,37.0,500000.0,Manchester United,2223
Nathan Bishop,Goalkeeper,23.0,300000.0,Manchester United,2223
Radek Vítek,Goalkeeper,19.0,150000.0,Manchester United,2223
Lisandro Martínez,Centre-Back,25.0,50000000.0,Manchester United,2223
Raphaël Varane,Centre-Back,30.0,35000000.0,Manchester United,2223
Harry Maguire,Centre-Back,30.0,20000000.0,Manchester United,2223
Victor Lindelöf,Centre-Back,28.0,18000000.0,Manchester United,2223
Axel Tuanzebe,Centre-Back,25.0,4500000.0,Manchester United,2223
Teden Mengi,Centre-Back,21.0,2000000.0,Manchester United,2223
Phil Jones,Centre-Back,31.0,1500000.0,Manchester United,2223
Rhys Bennett,Centre-Back,19.0,,Manchester United,2223
Tyler Fredricson,Centre-Back,18.0,,Manchester United,2223
Luke Shaw,Left-Back,27.0,42000000.0,Manchester United,2223
Tyrell Malacia,Left-Back,23.0,22000000.0,Manchester United,2223
Brandon Williams,Left-Back,22.0,7000000.0,Manchester United,2223
Álvaro Carreras,Left-Back,20.0,7000000.0,Manchester United,2223
Diogo Dalot,Right-Back,24.0,40000000.0,Manchester United,2223
Aaron Wan-Bissaka,Right-Back,25.0,25000000.0,Manchester United,2223
Marc Jurado,Right-Back,19.0,,Manchester United,2223
Casemiro,Defensive Midfield,31.0,40000000.0,Manchester United,2223
James Garner,Defensive Midfield,22.0,14000000.0,Manchester United,2223
Scott McTominay,Central Midfield,26.0,25000000.0,Manchester United,2223
Marcel Sabitzer,Central Midfield,29.0,20000000.0,Manchester United,2223
Fred,Central Midfield,30.0,20000000.0,Manchester United,2223
Donny van de Beek,Central Midfield,26.0,13000000.0,Manchester United,2223
Zidane Iqbal,Central Midfield,20.0,1000000.0,Manchester United,2223
Kobbie Mainoo,Central Midfield,18.0,800000.0,Manchester United,2223
Bruno Fernandes,Attacking Midfield,28.0,75000000.0,Manchester United,2223
Christian Eriksen,Attacking Midfield,31.0,22000000.0,Manchester United,2223
Hannibal,Attacking Midfield,20.0,8000000.0,Manchester United,2223
Marcus Rashford,Left Winger,25.0,80000000.0,Manchester United,2223
Jadon Sancho,Left Winger,23.0,45000000.0,Manchester United,2223
Alejandro Garnacho,Left Winger,18.0,25000000.0,Manchester United,2223
Shola Shoretire,Left Winger,19.0,4000000.0,Manchester United,2223
Antony,Right Winger,23.0,60000000.0,Manchester United,2223
Amad Diallo,Right Winger,20.0,18000000.0,Manchester United,2223
Anthony Elanga,Right Winger,21.0,18000000.0,Manchester United,2223
Facundo Pellistri,Right Winger,21.0,6000000.0,Manchester United,2223
Mason Greenwood,Right Winger,21.0,,Manchester United,2223
Cristiano Ronaldo,Centre-Forward,38.0,15000000.0,Manchester United,2223
Anthony Martial,Centre-Forward,27.0,15000000.0,Manchester United,2223
Wout Weghorst,Centre-Forward,30.0,12000000.0,Manchester United,2223
Charlie McNeill,Centre-Forward,19.0,200000.0,Manchester United,2223
Nick Pope,Goalkeeper,31.0,20000000.0,Newcastle United,2223
Martin Dúbravka,Goalkeeper,34.0,1500000.0,Newcastle United,2223
Loris Karius,Goalkeeper,30.0,1200000.0,Newcastle United,2223
Karl Darlow,Goalkeeper,32.0,1000000.0,Newcastle United,2223
Mark Gillespie,Goalkeeper,31.0,300000.0,Newcastle United,2223
Sven Botman,Centre-Back,23.0,45000000.0,Newcastle United,2223
Fabian Schär,Centre-Back,31.0,10000000.0,Newcastle United,2223
Dan Burn,Centre-Back,31.0,10000000.0,Newcastle United,2223
Jamaal Lascelles,Centre-Back,29.0,4500000.0,Newcastle United,2223
Federico Fernández,Centre-Back,34.0,700000.0,Newcastle United,2223
Ciaran Clark,Centre-Back,33.0,600000.0,Newcastle United,2223
Kell Watts,Centre-Back,23.0,300000.0,Newcastle United,2223
Matt Targett,Left-Back,27.0,13000000.0,Newcastle United,2223
Jamal Lewis,Left-Back,25.0,6000000.0,Newcastle United,2223
Paul Dummett,Left-Back,31.0,1000000.0,Newcastle United,2223
Kieran Trippier,Right-Back,32.0,11000000.0,Newcastle United,2223
Emil Krafth,Right-Back,28.0,3000000.0,Newcastle United,2223
Javier Manquillo,Right-Back,29.0,2500000.0,Newcastle United,2223
Harrison Ashby,Right-Back,21.0,1000000.0,Newcastle United,2223
Isaac Hayden,Defensive Midfield,28.0,3500000.0,Newcastle United,2223
Bruno Guimarães,Central Midfield,25.0,70000000.0,Newcastle United,2223
Joelinton,Central Midfield,26.0,42000000.0,Newcastle United,2223
Joe Willock,Central Midfield,23.0,38000000.0,Newcastle United,2223
Sean Longstaff,Central Midfield,25.0,25000000.0,Newcastle United,2223
Elliot Anderson,Central Midfield,20.0,8000000.0,Newcastle United,2223
Jonjo Shelvey,Central Midfield,31.0,5000000.0,Newcastle United,2223
Jeff Hendrick,Central Midfield,31.0,1500000.0,Newcastle United,2223
Matty Longstaff,Central Midfield,23.0,1000000.0,Newcastle United,2223
Lewis Miley,Central Midfield,17.0,,Newcastle United,2223
Matt Ritchie,Right Midfield,33.0,1000000.0,Newcastle United,2223
Anthony Gordon,Left Winger,22.0,35000000.0,Newcastle United,2223
Allan Saint-Maximin,Left Winger,26.0,32000000.0,Newcastle United,2223
Ryan Fraser,Left Winger,29.0,6000000.0,Newcastle United,2223
Miguel Almirón,Right Winger,29.0,32000000.0,Newcastle United,2223
Jacob Murphy,Right Winger,28.0,15000000.0,Newcastle United,2223
Alexander Isak,Centre-Forward,23.0,70000000.0,Newcastle United,2223
Callum Wilson,Centre-Forward,31.0,16000000.0,Newcastle United,2223
Chris Wood,Centre-Forward,31.0,8000000.0,Newcastle United,2223
Dean Henderson,Goalkeeper,26.0,18000000.0,Nottingham Forest,2223
Keylor Navas,Goalkeeper,36.0,4000000.0,Nottingham Forest,2223
Wayne Hennessey,Goalkeeper,36.0,400000.0,Nottingham Forest,2223
Jordan Smith,Goalkeeper,28.0,250000.0,Nottingham Forest,2223
Adnan Kanuric,Goalkeeper,22.0,150000.0,Nottingham Forest,2223
George Shelvey,Goalkeeper,22.0,,Nottingham Forest,2223
Moussa Niakhaté,Centre-Back,27.0,18000000.0,Nottingham Forest,2223
Loïc Badé,Centre-Back,23.0,12000000.0,Nottingham Forest,2223
Joe Worrall,Centre-Back,26.0,12000000.0,Nottingham Forest,2223
Scott McKenna,Centre-Back,26.0,10000000.0,Nottingham Forest,2223
Giulian Biancone,Centre-Back,23.0,6000000.0,Nottingham Forest,2223
Jonathan Panzo,Centre-Back,22.0,3000000.0,Nottingham Forest,2223
Willy Boly,Centre-Back,32.0,2500000.0,Nottingham Forest,2223
Loïc Mbe Soh,Centre-Back,22.0,2000000.0,Nottingham Forest,2223
Felipe,Centre-Back,34.0,2000000.0,Nottingham Forest,2223
Steve Cook,Centre-Back,32.0,1800000.0,Nottingham Forest,2223
Aaron Donnelly,Centre-Back,20.0,400000.0,Nottingham Forest,2223
Zach Abbott,Centre-Back,17.0,250000.0,Nottingham Forest,2223
Neco Williams,Left-Back,22.0,20000000.0,Nottingham Forest,2223
Renan Lodi,Left-Back,25.0,20000000.0,Nottingham Forest,2223
Omar Richards,Left-Back,25.0,5000000.0,Nottingham Forest,2223
Harry Toffolo,Left-Back,27.0,3500000.0,Nottingham Forest,2223
Serge Aurier,Right-Back,30.0,8000000.0,Nottingham Forest,2223
Orel Mangala,Defensive Midfield,25.0,16000000.0,Nottingham Forest,2223
Cheikhou Kouyaté,Defensive Midfield,33.0,2000000.0,Nottingham Forest,2223
Jack Colback,Defensive Midfield,33.0,600000.0,Nottingham Forest,2223
Danilo,Central Midfield,22.0,28000000.0,Nottingham Forest,2223
Ryan Yates,Central Midfield,25.0,11000000.0,Nottingham Forest,2223
Lewis O'Brien,Central Midfield,24.0,8000000.0,Nottingham Forest,2223
Remo Freuler,Central Midfield,31.0,8000000.0,Nottingham Forest,2223
Jonjo Shelvey,Central Midfield,31.0,5000000.0,Nottingham Forest,2223
Cafú,Central Midfield,30.0,600000.0,Nottingham Forest,2223
Harry Arter,Central Midfield,33.0,400000.0,Nottingham Forest,2223
Oliver Hammond,Central Midfield,20.0,250000.0,Nottingham Forest,2223
Billy Fewster,Central Midfield,19.0,,Nottingham Forest,2223
Alex Gibson-Hammond,Right Midfield,20.0,150000.0,Nottingham Forest,2223
Morgan Gibbs-White,Attacking Midfield,23.0,40000000.0,Nottingham Forest,2223
Gustavo Scarpa,Attacking Midfield,29.0,10000000.0,Nottingham Forest,2223
Jesse Lingard,Attacking Midfield,30.0,8000000.0,Nottingham Forest,2223
Alex Mighten,Left Winger,21.0,600000.0,Nottingham Forest,2223
Brennan Johnson,Right Winger,22.0,38000000.0,Nottingham Forest,2223
Josh Bowler,Right Winger,24.0,1800000.0,Nottingham Forest,2223
Taiwo Awoniyi,Centre-Forward,25.0,25000000.0,Nottingham Forest,2223
Emmanuel Dennis,Centre-Forward,25.0,8000000.0,Nottingham Forest,2223
Chris Wood,Centre-Forward,31.0,8000000.0,Nottingham Forest,2223
Sam Surridge,Centre-Forward,24.0,5000000.0,Nottingham Forest,2223
André Ayew,Centre-Forward,33.0,1800000.0,Nottingham Forest,2223
Dale Taylor,Centre-Forward,19.0,500000.0,Nottingham Forest,2223
Lyle Taylor,Centre-Forward,33.0,300000.0,Nottingham Forest,2223
Esapa Osong,Centre-Forward,18.0,,Nottingham Forest,2223
Gavin Bazunu,Goalkeeper,21.0,15000000.0,Southampton Fc,2223
Alex McCarthy,Goalkeeper,33.0,1200000.0,Southampton Fc,2223
Willy Caballero,Goalkeeper,41.0,150000.0,Southampton Fc,2223
Armel Bella-Kotchap,Centre-Back,21.0,20000000.0,Southampton Fc,2223
Mohammed Salisu,Centre-Back,24.0,18000000.0,Southampton Fc,2223
Jan Bednarek,Centre-Back,27.0,14000000.0,Southampton Fc,2223
Duje Caleta-Car,Centre-Back,26.0,11000000.0,Southampton Fc,2223
Lyanco,Centre-Back,26.0,3500000.0,Southampton Fc,2223
Jack Stephens,Centre-Back,29.0,3500000.0,Southampton Fc,2223
Dynel Simeu,Centre-Back,21.0,800000.0,Southampton Fc,2223
Nico Lawrence,Centre-Back,19.0,,Southampton Fc,2223
Romain Perraud,Left-Back,25.0,12000000.0,Southampton Fc,2223
Juan Larios,Left-Back,19.0,7000000.0,Southampton Fc,2223
Kyle Walker-Peters,Right-Back,26.0,25000000.0,Southampton Fc,2223
Tino Livramento,Right-Back,20.0,25000000.0,Southampton Fc,2223
Ainsley Maitland-Niles,Right-Back,25.0,8000000.0,Southampton Fc,2223
Yan Valery,Right-Back,24.0,2000000.0,Southampton Fc,2223
James Bree,Right-Back,25.0,2000000.0,Southampton Fc,2223
Lewis Payne,Right-Back,19.0,200000.0,Southampton Fc,2223
Roméo Lavia,Defensive Midfield,19.0,32000000.0,Southampton Fc,2223
Ibrahima Diallo,Defensive Midfield,24.0,7000000.0,Southampton Fc,2223
Oriol Romeu,Defensive Midfield,31.0,5000000.0,Southampton Fc,2223
James Ward-Prowse,Central Midfield,28.0,38000000.0,Southampton Fc,2223
Carlos Alcaraz,Central Midfield,20.0,15000000.0,Southampton Fc,2223
Joe Aribo,Central Midfield,26.0,11000000.0,Southampton Fc,2223
Stuart Armstrong,Central Midfield,31.0,4500000.0,Southampton Fc,2223
Will Smallbone,Central Midfield,23.0,3500000.0,Southampton Fc,2223
Ryan Finnigan,Central Midfield,19.0,250000.0,Southampton Fc,2223
Diamond Edwards,Attacking Midfield,19.0,150000.0,Southampton Fc,2223
Kamari Doyle,Attacking Midfield,17.0,,Southampton Fc,2223
Kamaldeen Sulemana,Left Winger,21.0,22000000.0,Southampton Fc,2223
Moussa Djenepo,Left Winger,25.0,8000000.0,Southampton Fc,2223
Samuel Edozie,Left Winger,20.0,8000000.0,Southampton Fc,2223
Mislav Orsic,Left Winger,30.0,5000000.0,Southampton Fc,2223
Nathan Tella,Right Winger,23.0,18000000.0,Southampton Fc,2223
Nathan Redmond,Right Winger,29.0,10000000.0,Southampton Fc,2223
Theo Walcott,Right Winger,34.0,1000000.0,Southampton Fc,2223
Samuel Amo-Ameyaw,Right Winger,16.0,,Southampton Fc,2223
Mohamed Elyounoussi,Second Striker,28.0,9000000.0,Southampton Fc,2223
Ché Adams,Centre-Forward,26.0,20000000.0,Southampton Fc,2223
Paul Onuachu,Centre-Forward,29.0,13000000.0,Southampton Fc,2223
Adam Armstrong,Centre-Forward,26.0,10000000.0,Southampton Fc,2223
Sékou Mara,Centre-Forward,20.0,10000000.0,Southampton Fc,2223
Dan Nlundulu,Centre-Forward,24.0,900000.0,Southampton Fc,2223
Dom Ballard,Centre-Forward,18.0,300000.0,Southampton Fc,2223
Jimmy-Jay Morgan,Centre-Forward,17.0,,Southampton Fc,2223
Hugo Lloris,Goalkeeper,36.0,3000000.0,Tottenham Hotspur,2223
Fraser Forster,Goalkeeper,35.0,1500000.0,Tottenham Hotspur,2223
Alfie Whiteman,Goalkeeper,24.0,500000.0,Tottenham Hotspur,2223
Brandon Austin,Goalkeeper,24.0,300000.0,Tottenham Hotspur,2223
Cristian Romero,Centre-Back,25.0,60000000.0,Tottenham Hotspur,2223
Eric Dier,Centre-Back,29.0,18000000.0,Tottenham Hotspur,2223
Davinson Sánchez,Centre-Back,27.0,15000000.0,Tottenham Hotspur,2223
Ben Davies,Centre-Back,30.0,15000000.0,Tottenham Hotspur,2223
Clément Lenglet,Centre-Back,28.0,10000000.0,Tottenham Hotspur,2223
Japhet Tanganga,Centre-Back,24.0,7000000.0,Tottenham Hotspur,2223
Ryan Sessegnon,Left-Back,23.0,18000000.0,Tottenham Hotspur,2223
Djed Spence,Left-Back,22.0,10000000.0,Tottenham Hotspur,2223
Pedro Porro,Right-Back,23.0,40000000.0,Tottenham Hotspur,2223
Emerson Royal,Right-Back,24.0,20000000.0,Tottenham Hotspur,2223
Matt Doherty,Right-Back,31.0,5000000.0,Tottenham Hotspur,2223
Pierre-Emile Højbjerg,Defensive Midfield,27.0,45000000.0,Tottenham Hotspur,2223
Rodrigo Bentancur,Defensive Midfield,26.0,40000000.0,Tottenham Hotspur,2223
Yves Bissouma,Defensive Midfield,26.0,18000000.0,Tottenham Hotspur,2223
Oliver Skipp,Defensive Midfield,22.0,15000000.0,Tottenham Hotspur,2223
Harvey White,Defensive Midfield,21.0,600000.0,Tottenham Hotspur,2223
Matthew Craig,Defensive Midfield,20.0,,Tottenham Hotspur,2223
George Abbott,Defensive Midfield,17.0,,Tottenham Hotspur,2223
Pape Matar Sarr,Central Midfield,20.0,15000000.0,Tottenham Hotspur,2223
Dejan Kulusevski,Attacking Midfield,23.0,50000000.0,Tottenham Hotspur,2223
Alfie Devine,Attacking Midfield,18.0,900000.0,Tottenham Hotspur,2223
Heung-min Son,Left Winger,30.0,50000000.0,Tottenham Hotspur,2223
Arnaut Danjuma,Left Winger,26.0,25000000.0,Tottenham Hotspur,2223
Bryan Gil,Left Winger,22.0,15000000.0,Tottenham Hotspur,2223
Ivan Perišić,Left Winger,34.0,7000000.0,Tottenham Hotspur,2223
Romaine Mundle,Left Winger,20.0,300000.0,Tottenham Hotspur,2223
Yago Santiago,Left Winger,20.0,,Tottenham Hotspur,2223
Lucas Moura,Right Winger,30.0,6000000.0,Tottenham Hotspur,2223
Harry Kane,Centre-Forward,29.0,90000000.0,Tottenham Hotspur,2223
Richarlison,Centre-Forward,26.0,48000000.0,Tottenham Hotspur,2223
Alphonse Areola,Goalkeeper,30.0,8000000.0,West Ham United,2223
Lukasz Fabianski,Goalkeeper,38.0,900000.0,West Ham United,2223
Darren Randolph,Goalkeeper,36.0,400000.0,West Ham United,2223
Nathan Trott,Goalkeeper,24.0,400000.0,West Ham United,2223
Krisztián Hegyi,Goalkeeper,20.0,250000.0,West Ham United,2223
Joseph Anang,Goalkeeper,23.0,100000.0,West Ham United,2223
Nayef Aguerd,Centre-Back,27.0,35000000.0,West Ham United,2223
Kurt Zouma,Centre-Back,28.0,22000000.0,West Ham United,2223
Thilo Kehrer,Centre-Back,26.0,18000000.0,West Ham United,2223
Craig Dawson,Centre-Back,33.0,2000000.0,West Ham United,2223
Angelo Ogbonna,Centre-Back,35.0,900000.0,West Ham United,2223
Jamal Baptiste,Centre-Back,19.0,250000.0,West Ham United,2223
Levi Laing,Centre-Back,20.0,,West Ham United,2223
Michael Forbes,Centre-Back,19.0,,West Ham United,2223
Kaelan Casey,Centre-Back,18.0,,West Ham United,2223
Emerson,Left-Back,28.0,12000000.0,West Ham United,2223
Aaron Cresswell,Left-Back,33.0,1200000.0,West Ham United,2223
Oliver Scarles,Left-Back,17.0,200000.0,West Ham United,2223
Regan Clayton,Left-Back,18.0,,West Ham United,2223
Ben Johnson,Right-Back,23.0,10000000.0,West Ham United,2223
Vladimír Coufal,Right-Back,30.0,9000000.0,West Ham United,2223
Harrison Ashby,Right-Back,21.0,1000000.0,West Ham United,2223
Tomáš Souček,Defensive Midfield,28.0,35000000.0,West Ham United,2223
Flynn Downes,Defensive Midfield,24.0,9000000.0,West Ham United,2223
Conor Coventry,Defensive Midfield,23.0,1800000.0,West Ham United,2223
Pierre Ekwah,Defensive Midfield,21.0,500000.0,West Ham United,2223
Keenan Appiah-Forson,Defensive Midfield,21.0,300000.0,West Ham United,2223
Freddie Potts,Defensive Midfield,19.0,250000.0,West Ham United,2223
Declan Rice,Central Midfield,24.0,90000000.0,West Ham United,2223
Pablo Fornals,Central Midfield,27.0,22000000.0,West Ham United,2223
Lewis Orford,Central Midfield,17.0,,West Ham United,2223
Dan Chesters,Right Midfield,21.0,250000.0,West Ham United,2223
Lucas Paquetá,Attacking Midfield,25.0,45000000.0,West Ham United,2223
Nikola Vlašić,Attacking Midfield,25.0,17000000.0,West Ham United,2223
Manuel Lanzini,Attacking Midfield,30.0,6000000.0,West Ham United,2223
Kamarai Swyer,Attacking Midfield,20.0,150000.0,West Ham United,2223
Saïd Benrahma,Left Winger,27.0,25000000.0,West Ham United,2223
Maxwel Cornet,Left Winger,26.0,12000000.0,West Ham United,2223
Armstrong Oko-Flex,Left Winger,21.0,500000.0,West Ham United,2223
Jarrod Bowen,Right Winger,26.0,38000000.0,West Ham United,2223
Gianluca Scamacca,Centre-Forward,24.0,22000000.0,West Ham United,2223
Danny Ings,Centre-Forward,30.0,12000000.0,West Ham United,2223
Michail Antonio,Centre-Forward,33.0,7000000.0,West Ham United,2223
Divin Mubama,Centre-Forward,18.0,250000.0,West Ham United,2223
José Sá,Goalkeeper,30.0,18000000.0,Wolverhampton Wanderers,2223
Matija Sarkic,Goalkeeper,26.0,2000000.0,Wolverhampton Wanderers,2223
Daniel Bentley,Goalkeeper,29.0,2000000.0,Wolverhampton Wanderers,2223
Louie Moulden,Goalkeeper,21.0,200000.0,Wolverhampton Wanderers,2223
Jackson Smith,Goalkeeper,21.0,150000.0,Wolverhampton Wanderers,2223
Maximilian Kilman,Centre-Back,26.0,30000000.0,Wolverhampton Wanderers,2223
Nathan Collins,Centre-Back,22.0,22000000.0,Wolverhampton Wanderers,2223
Conor Coady,Centre-Back,30.0,12000000.0,Wolverhampton Wanderers,2223
Toti,Centre-Back,24.0,6000000.0,Wolverhampton Wanderers,2223
Yerson Mosquera,Centre-Back,22.0,3000000.0,Wolverhampton Wanderers,2223
Willy Boly,Centre-Back,32.0,2500000.0,Wolverhampton Wanderers,2223
Craig Dawson,Centre-Back,33.0,2000000.0,Wolverhampton Wanderers,2223
Rayan Aït-Nouri,Left-Back,22.0,22000000.0,Wolverhampton Wanderers,2223
Hugo Bueno,Left-Back,20.0,6000000.0,Wolverhampton Wanderers,2223
Matheus Nunes,Right-Back,24.0,45000000.0,Wolverhampton Wanderers,2223
Nélson Semedo,Right-Back,29.0,15000000.0,Wolverhampton Wanderers,2223
Jonny Otto,Right-Back,29.0,13000000.0,Wolverhampton Wanderers,2223
Ki-Jana Hoever,Right-Back,21.0,3500000.0,Wolverhampton Wanderers,2223
Dexter Lembikisa,Right-Back,19.0,,Wolverhampton Wanderers,2223
Rúben Neves,Defensive Midfield,26.0,40000000.0,Wolverhampton Wanderers,2223
Leander Dendoncker,Defensive Midfield,28.0,15000000.0,Wolverhampton Wanderers,2223
Mario Lemina,Defensive Midfield,29.0,10000000.0,Wolverhampton Wanderers,2223
Boubacar Traoré,Defensive Midfield,21.0,5000000.0,Wolverhampton Wanderers,2223
Joe Hodge,Defensive Midfield,20.0,2000000.0,Wolverhampton Wanderers,2223
Harvey Griffiths,Defensive Midfield,19.0,,Wolverhampton Wanderers,2223
João Gomes,Central Midfield,22.0,18000000.0,Wolverhampton Wanderers,2223
Luke Cundle,Central Midfield,21.0,3000000.0,Wolverhampton Wanderers,2223
João Moutinho,Central Midfield,36.0,1500000.0,Wolverhampton Wanderers,2223
Connor Ronan,Central Midfield,25.0,800000.0,Wolverhampton Wanderers,2223
Morgan Gibbs-White,Attacking Midfield,23.0,40000000.0,Wolverhampton Wanderers,2223
Pablo Sarabia,Attacking Midfield,31.0,14000000.0,Wolverhampton Wanderers,2223
Gonçalo Guedes,Left Winger,26.0,23000000.0,Wolverhampton Wanderers,2223
Daniel Podence,Left Winger,27.0,20000000.0,Wolverhampton Wanderers,2223
Chiquinho,Left Winger,23.0,2000000.0,Wolverhampton Wanderers,2223
Chem Campbell,Left Winger,20.0,1000000.0,Wolverhampton Wanderers,2223
Pedro Neto,Right Winger,23.0,28000000.0,Wolverhampton Wanderers,2223
Adama Traoré,Right Winger,27.0,10000000.0,Wolverhampton Wanderers,2223
Matheus Cunha,Centre-Forward,24.0,25000000.0,Wolverhampton Wanderers,2223
Sasa Kalajdzic,Centre-Forward,25.0,15000000.0,Wolverhampton Wanderers,2223
Hee-chan Hwang,Centre-Forward,27.0,12000000.0,Wolverhampton Wanderers,2223
Raúl Jiménez,Centre-Forward,32.0,6000000.0,Wolverhampton Wanderers,2223
Diego Costa,Centre-Forward,34.0,2000000.0,Wolverhampton Wanderers,2223
Nathan Fraser,Centre-Forward,18.0,,Wolverhampton Wanderers,2223
Mark Travers,Goalkeeper,25.0,3500000.0,Afc Bournemouth,2324
Ionuț Radu,Goalkeeper,27.0,3000000.0,Afc Bournemouth,2324
Neto,Goalkeeper,34.0,2500000.0,Afc Bournemouth,2324
Will Dennis,Goalkeeper,23.0,350000.0,Afc Bournemouth,2324
Darren Randolph,Goalkeeper,37.0,300000.0,Afc Bournemouth,2324
Cameron Plain,Goalkeeper,22.0,100000.0,Afc Bournemouth,2324
Callan McKenna,Goalkeeper,17.0,100000.0,Afc Bournemouth,2324
Ilya Zabarnyi,Centre-Back,21.0,32000000.0,Afc Bournemouth,2324
Marcos Senesi,Centre-Back,27.0,22000000.0,Afc Bournemouth,2324
Lloyd Kelly,Centre-Back,25.0,18000000.0,Afc Bournemouth,2324
Chris Mepham,Centre-Back,26.0,6000000.0,Afc Bournemouth,2324
James Hill,Centre-Back,22.0,2000000.0,Afc Bournemouth,2324
Max Kinsey,Centre-Back,19.0,,Afc Bournemouth,2324
Milos Kerkez,Left-Back,20.0,20000000.0,Afc Bournemouth,2324
Ben Greenwood,Left-Back,22.0,,Afc Bournemouth,2324
Max Aarons,Right-Back,24.0,16000000.0,Afc Bournemouth,2324
Ryan Fredericks,Right-Back,31.0,1000000.0,Afc Bournemouth,2324
Adam Smith,Right-Back,33.0,1000000.0,Afc Bournemouth,2324
Tyler Adams,Defensive Midfield,25.0,15000000.0,Afc Bournemouth,2324
Philip Billing,Central Midfield,28.0,22000000.0,Afc Bournemouth,2324
Alex Scott,Central Midfield,20.0,20000000.0,Afc Bournemouth,2324
Lewis Cook,Central Midfield,27.0,12000000.0,Afc Bournemouth,2324
Ryan Christie,Central Midfield,29.0,12000000.0,Afc Bournemouth,2324
Joe Rothwell,Central Midfield,29.0,2500000.0,Afc Bournemouth,2324
Gavin Kilkenny,Central Midfield,24.0,300000.0,Afc Bournemouth,2324
Marcus Tavernier,Attacking Midfield,25.0,20000000.0,Afc Bournemouth,2324
Romain Faivre,Attacking Midfield,25.0,15000000.0,Afc Bournemouth,2324
Justin Kluivert,Attacking Midfield,25.0,14000000.0,Afc Bournemouth,2324
Emiliano Marcondes,Attacking Midfield,29.0,1500000.0,Afc Bournemouth,2324
Luis Sinisterra,Left Winger,25.0,17000000.0,Afc Bournemouth,2324
Hamed Traoré,Left Winger,24.0,17000000.0,Afc Bournemouth,2324
Jaidon Anthony,Left Winger,24.0,6000000.0,Afc Bournemouth,2324
Dango Ouattara,Right Winger,22.0,20000000.0,Afc Bournemouth,2324
Antoine Semenyo,Right Winger,24.0,10000000.0,Afc Bournemouth,2324
David Brooks,Right Winger,26.0,8000000.0,Afc Bournemouth,2324
Dominic Sadi,Right Winger,20.0,100000.0,Afc Bournemouth,2324
Michael Dacosta,Right Winger,19.0,,Afc Bournemouth,2324
Dominic Solanke,Centre-Forward,26.0,40000000.0,Afc Bournemouth,2324
Enes Ünal,Centre-Forward,27.0,18000000.0,Afc Bournemouth,2324
Kieffer Moore,Centre-Forward,31.0,2000000.0,Afc Bournemouth,2324
Jamal Lowe,Centre-Forward,29.0,1500000.0,Afc Bournemouth,2324
Daniel Adu-Adjei,Centre-Forward,19.0,,Afc Bournemouth,2324
David Raya,Goalkeeper,28.0,35000000.0,Arsenal Fc,2324
Aaron Ramsdale,Goalkeeper,26.0,25000000.0,Arsenal Fc,2324
Matt Turner,Goalkeeper,30.0,7000000.0,Arsenal Fc,2324
Karl Hein,Goalkeeper,22.0,2000000.0,Arsenal Fc,2324
Arthur Okonkwo,Goalkeeper,22.0,1800000.0,Arsenal Fc,2324
William Saliba,Centre-Back,23.0,80000000.0,Arsenal Fc,2324
Gabriel,Centre-Back,26.0,70000000.0,Arsenal Fc,2324
Takehiro Tomiyasu,Centre-Back,25.0,35000000.0,Arsenal Fc,2324
Jakub Kiwior,Centre-Back,24.0,30000000.0,Arsenal Fc,2324
Rob Holding,Centre-Back,28.0,5000000.0,Arsenal Fc,2324
Ayden Heaven,Centre-Back,17.0,300000.0,Arsenal Fc,2324
Oleksandr Zinchenko,Left-Back,27.0,38000000.0,Arsenal Fc,2324
Kieran Tierney,Left-Back,27.0,12000000.0,Arsenal Fc,2324
Lino Sousa,Left-Back,19.0,2000000.0,Arsenal Fc,2324
Myles Lewis-Skelly,Left-Back,17.0,2000000.0,Arsenal Fc,2324
Ben White,Right-Back,26.0,55000000.0,Arsenal Fc,2324
Jurriën Timber,Right-Back,23.0,38000000.0,Arsenal Fc,2324
Reuell Walters,Right-Back,19.0,4000000.0,Arsenal Fc,2324
Cédric Soares,Right-Back,32.0,2000000.0,Arsenal Fc,2324
James Sweet,Right-Back,20.0,250000.0,Arsenal Fc,2324
Thomas Partey,Defensive Midfield,31.0,18000000.0,Arsenal Fc,2324
Jorginho,Defensive Midfield,32.0,12000000.0,Arsenal Fc,2324
Mohamed Elneny,Defensive Midfield,31.0,3500000.0,Arsenal Fc,2324
Bradley Ibrahim,Defensive Midfield,19.0,400000.0,Arsenal Fc,2324
Declan Rice,Central Midfield,25.0,120000000.0,Arsenal Fc,2324
Albert Sambi Lokonga,Central Midfield,24.0,15000000.0,Arsenal Fc,2324
Mauro Bandeira,Central Midfield,20.0,200000.0,Arsenal Fc,2324
Martin Ødegaard,Attacking Midfield,25.0,110000000.0,Arsenal Fc,2324
Emile Smith Rowe,Attacking Midfield,23.0,22000000.0,Arsenal Fc,2324
Fábio Vieira,Attacking Midfield,24.0,22000000.0,Arsenal Fc,2324
Ethan Nwaneri,Attacking Midfield,17.0,8000000.0,Arsenal Fc,2324
Gabriel Martinelli,Left Winger,23.0,70000000.0,Arsenal Fc,2324
Leandro Trossard,Left Winger,29.0,35000000.0,Arsenal Fc,2324
Reiss Nelson,Left Winger,24.0,15000000.0,Arsenal Fc,2324
Charles Sagoe Jr,Left Winger,19.0,600000.0,Arsenal Fc,2324
Bukayo Saka,Right Winger,22.0,140000000.0,Arsenal Fc,2324
Amario Cozier-Duberry,Right Winger,19.0,2000000.0,Arsenal Fc,2324
Kai Havertz,Centre-Forward,25.0,70000000.0,Arsenal Fc,2324
Gabriel Jesus,Centre-Forward,27.0,65000000.0,Arsenal Fc,2324
Eddie Nketiah,Centre-Forward,25.0,30000000.0,Arsenal Fc,2324
Emiliano Martínez,Goalkeeper,31.0,28000000.0,Aston Villa,2324
Joe Gauci,Goalkeeper,23.0,1500000.0,Aston Villa,2324
Robin Olsen,Goalkeeper,34.0,1500000.0,Aston Villa,2324
Filip Marschall,Goalkeeper,21.0,800000.0,Aston Villa,2324
Oliwier Zych,Goalkeeper,20.0,800000.0,Aston Villa,2324
James Wright,Goalkeeper,19.0,200000.0,Aston Villa,2324
Sam Proctor,Goalkeeper,17.0,,Aston Villa,2324
Lander Emery,Goalkeeper,21.0,,Aston Villa,2324
Pau Torres,Centre-Back,27.0,45000000.0,Aston Villa,2324
Ezri Konsa,Centre-Back,26.0,35000000.0,Aston Villa,2324
Diego Carlos,Centre-Back,31.0,16000000.0,Aston Villa,2324
Tyrone Mings,Centre-Back,31.0,13000000.0,Aston Villa,2324
Clément Lenglet,Centre-Back,29.0,10000000.0,Aston Villa,2324
Calum Chambers,Centre-Back,29.0,4000000.0,Aston Villa,2324
Kortney Hause,Centre-Back,28.0,2000000.0,Aston Villa,2324
Josh Feeney,Centre-Back,19.0,500000.0,Aston Villa,2324
Álex Moreno,Left-Back,31.0,13000000.0,Aston Villa,2324
Lucas Digne,Left-Back,30.0,12000000.0,Aston Villa,2324
Lino Sousa,Left-Back,19.0,2000000.0,Aston Villa,2324
Sebastian Revan,Left-Back,20.0,350000.0,Aston Villa,2324
Finley Munroe,Left-Back,19.0,100000.0,Aston Villa,2324
Travis Patterson,Left-Back,18.0,,Aston Villa,2324
Matty Cash,Right-Back,26.0,28000000.0,Aston Villa,2324
Kaine Kesler-Hayden,Right-Back,21.0,2200000.0,Aston Villa,2324
Boubacar Kamara,Defensive Midfield,24.0,38000000.0,Aston Villa,2324
Leander Dendoncker,Defensive Midfield,29.0,7000000.0,Aston Villa,2324
Douglas Luiz,Central Midfield,26.0,70000000.0,Aston Villa,2324
Jacob Ramsey,Central Midfield,23.0,35000000.0,Aston Villa,2324
John McGinn,Central Midfield,29.0,30000000.0,Aston Villa,2324
Youri Tielemans,Central Midfield,27.0,25000000.0,Aston Villa,2324
Tim Iroegbunam,Central Midfield,21.0,4000000.0,Aston Villa,2324
Morgan Rogers,Attacking Midfield,21.0,15000000.0,Aston Villa,2324
Philippe Coutinho,Attacking Midfield,32.0,7500000.0,Aston Villa,2324
Omari Kellyman,Attacking Midfield,18.0,1000000.0,Aston Villa,2324
Tommi O'Reilly,Attacking Midfield,20.0,200000.0,Aston Villa,2324
Emiliano Buendía,Left Winger,27.0,22000000.0,Aston Villa,2324
Jaden Philogene,Left Winger,22.0,15000000.0,Aston Villa,2324
Kadan Young,Left Winger,18.0,,Aston Villa,2324
Moussa Diaby,Right Winger,24.0,55000000.0,Aston Villa,2324
Leon Bailey,Right Winger,26.0,42000000.0,Aston Villa,2324
Bertrand Traoré,Right Winger,28.0,9000000.0,Aston Villa,2324
Nicolò Zaniolo,Second Striker,24.0,20000000.0,Aston Villa,2324
Ollie Watkins,Centre-Forward,28.0,65000000.0,Aston Villa,2324
Jhon Durán,Centre-Forward,20.0,20000000.0,Aston Villa,2324
Cameron Archer,Centre-Forward,22.0,13000000.0,Aston Villa,2324
Mark Flekken,Goalkeeper,31.0,12000000.0,Brentford Fc,2324
Thomas Strakosha,Goalkeeper,29.0,3000000.0,Brentford Fc,2324
Hákon Valdimarsson,Goalkeeper,22.0,2500000.0,Brentford Fc,2324
Matthew Cox,Goalkeeper,21.0,800000.0,Brentford Fc,2324
Ellery Balcombe,Goalkeeper,24.0,300000.0,Brentford Fc,2324
Vincent Angelini,Goalkeeper,20.0,100000.0,Brentford Fc,2324
Nathan Collins,Centre-Back,23.0,25000000.0,Brentford Fc,2324
Kristoffer Ajer,Centre-Back,26.0,15000000.0,Brentford Fc,2324
Ethan Pinnock,Centre-Back,31.0,12000000.0,Brentford Fc,2324
Zanka,Centre-Back,34.0,1000000.0,Brentford Fc,2324
Ben Mee,Centre-Back,34.0,1000000.0,Brentford Fc,2324
Ji-soo Kim,Centre-Back,19.0,600000.0,Brentford Fc,2324
Charlie Goode,Centre-Back,28.0,500000.0,Brentford Fc,2324
Benjamin Fredrick,Centre-Back,19.0,150000.0,Brentford Fc,2324
Benjamin Arthur,Centre-Back,18.0,,Brentford Fc,2324
Rico Henry,Left-Back,26.0,20000000.0,Brentford Fc,2324
Sergio Reguilón,Left-Back,27.0,12000000.0,Brentford Fc,2324
Val Adedokun,Left-Back,21.0,150000.0,Brentford Fc,2324
Aaron Hickey,Right-Back,22.0,28000000.0,Brentford Fc,2324
Mads Roerslev,Right-Back,25.0,10000000.0,Brentford Fc,2324
Fin Stevens,Right-Back,21.0,450000.0,Brentford Fc,2324
Vitaly Janelt,Defensive Midfield,26.0,22000000.0,Brentford Fc,2324
Christian Nørgaard,Defensive Midfield,30.0,18000000.0,Brentford Fc,2324
Yunus Konak,Defensive Midfield,18.0,3500000.0,Brentford Fc,2324
Mathias Jensen,Central Midfield,28.0,28000000.0,Brentford Fc,2324
Josh Dasilva,Central Midfield,25.0,10000000.0,Brentford Fc,2324
Yegor Yarmolyuk,Central Midfield,20.0,10000000.0,Brentford Fc,2324
Frank Onyeka,Central Midfield,26.0,9000000.0,Brentford Fc,2324
Shandon Baptiste,Central Midfield,26.0,2500000.0,Brentford Fc,2324
Paris Maghoma,Central Midfield,23.0,350000.0,Brentford Fc,2324
Ethan Brierley,Central Midfield,20.0,300000.0,Brentford Fc,2324
Ryan Trevitt,Central Midfield,21.0,275000.0,Brentford Fc,2324
Keane Lewis-Potter,Left Midfield,23.0,15000000.0,Brentford Fc,2324
Mikkel Damsgaard,Attacking Midfield,23.0,10000000.0,Brentford Fc,2324
Saman Ghoddos,Attacking Midfield,30.0,2000000.0,Brentford Fc,2324
Myles Peart-Harris,Attacking Midfield,21.0,700000.0,Brentford Fc,2324
Kevin Schade,Left Winger,22.0,22000000.0,Brentford Fc,2324
Bryan Mbeumo,Right Winger,24.0,40000000.0,Brentford Fc,2324
Michael Olakigbe,Right Winger,20.0,600000.0,Brentford Fc,2324
Ivan Toney,Centre-Forward,28.0,50000000.0,Brentford Fc,2324
Yoane Wissa,Centre-Forward,27.0,28000000.0,Brentford Fc,2324
Neal Maupay,Centre-Forward,27.0,12000000.0,Brentford Fc,2324
Bart Verbruggen,Goalkeeper,21.0,18000000.0,Brighton And Hove Albion,2324
Jason Steele,Goalkeeper,33.0,3500000.0,Brighton And Hove Albion,2324
Carl Rushworth,Goalkeeper,22.0,3000000.0,Brighton And Hove Albion,2324
Tom McGill,Goalkeeper,24.0,600000.0,Brighton And Hove Albion,2324
Adam Webster,Centre-Back,29.0,20000000.0,Brighton And Hove Albion,2324
Jan Paul van Hecke,Centre-Back,24.0,18000000.0,Brighton And Hove Albion,2324
Igor Julio,Centre-Back,26.0,17000000.0,Brighton And Hove Albion,2324
Lewis Dunk,Centre-Back,32.0,12000000.0,Brighton And Hove Albion,2324
Ed Turns,Centre-Back,21.0,400000.0,Brighton And Hove Albion,2324
Odeluga Offiah,Centre-Back,21.0,300000.0,Brighton And Hove Albion,2324
Ben Jackson,Centre-Back,20.0,200000.0,Brighton And Hove Albion,2324
Leigh Kavanagh,Centre-Back,20.0,200000.0,Brighton And Hove Albion,2324
Noel Atom,Centre-Back,19.0,,Brighton And Hove Albion,2324
Pervis Estupiñán,Left-Back,26.0,30000000.0,Brighton And Hove Albion,2324
Imari Samuels,Left-Back,21.0,100000.0,Brighton And Hove Albion,2324
Tariq Lamptey,Right-Back,23.0,12000000.0,Brighton And Hove Albion,2324
Joël Veltman,Right-Back,32.0,10000000.0,Brighton And Hove Albion,2324
Carlos Baleba,Defensive Midfield,20.0,22000000.0,Brighton And Hove Albion,2324
Billy Gilmour,Defensive Midfield,23.0,18000000.0,Brighton And Hove Albion,2324
Jack Hinshelwood,Defensive Midfield,19.0,16000000.0,Brighton And Hove Albion,2324
Jack Hinchy,Defensive Midfield,21.0,150000.0,Brighton And Hove Albion,2324
Valentín Barco,Central Midfield,19.0,13000000.0,Brighton And Hove Albion,2324
Jakub Moder,Central Midfield,25.0,10000000.0,Brighton And Hove Albion,2324
Pascal Groß,Central Midfield,33.0,8000000.0,Brighton And Hove Albion,2324
Mahmoud Dahoud,Central Midfield,28.0,6000000.0,Brighton And Hove Albion,2324
Yasin Ayari,Central Midfield,20.0,4500000.0,Brighton And Hove Albion,2324
Steven Alzate,Central Midfield,25.0,4000000.0,Brighton And Hove Albion,2324
James Milner,Central Midfield,38.0,1000000.0,Brighton And Hove Albion,2324
Marc Leonard,Central Midfield,22.0,450000.0,Brighton And Hove Albion,2324
Jensen Weir,Central Midfield,22.0,300000.0,Brighton And Hove Albion,2324
Samy Chouchane,Central Midfield,20.0,250000.0,Brighton And Hove Albion,2324
Julio Enciso,Attacking Midfield,20.0,22000000.0,Brighton And Hove Albion,2324
Facundo Buonanotte,Attacking Midfield,19.0,18000000.0,Brighton And Hove Albion,2324
Andrew Moran,Attacking Midfield,20.0,3000000.0,Brighton And Hove Albion,2324
Adam Lallana,Attacking Midfield,36.0,1000000.0,Brighton And Hove Albion,2324
Kaoru Mitoma,Left Winger,27.0,45000000.0,Brighton And Hove Albion,2324
Simon Adingra,Left Winger,22.0,30000000.0,Brighton And Hove Albion,2324
Ansu Fati,Left Winger,21.0,25000000.0,Brighton And Hove Albion,2324
Abdallah Sima,Left Winger,23.0,7500000.0,Brighton And Hove Albion,2324
Jeremy Sarmiento,Left Winger,22.0,4500000.0,Brighton And Hove Albion,2324
Luca Barrington,Left Winger,19.0,150000.0,Brighton And Hove Albion,2324
Cameron Peupion,Left Winger,21.0,100000.0,Brighton And Hove Albion,2324
Solly March,Right Winger,29.0,18000000.0,Brighton And Hove Albion,2324
Benicio Baker,Right Winger,20.0,400000.0,Brighton And Hove Albion,2324
Evan Ferguson,Centre-Forward,19.0,50000000.0,Brighton And Hove Albion,2324
João Pedro,Centre-Forward,22.0,45000000.0,Brighton And Hove Albion,2324
Danny Welbeck,Centre-Forward,33.0,5000000.0,Brighton And Hove Albion,2324
Joshua Duffus,Centre-Forward,19.0,500000.0,Brighton And Hove Albion,2324
Mark O'Mahony,Centre-Forward,19.0,300000.0,Brighton And Hove Albion,2324
James Trafford,Goalkeeper,21.0,18000000.0,Burnley Fc,2324
Arijanet Murić,Goalkeeper,25.0,7000000.0,Burnley Fc,2324
Lawrence Vigouroux,Goalkeeper,30.0,300000.0,Burnley Fc,2324
Denis Franchi,Goalkeeper,21.0,250000.0,Burnley Fc,2324
Jordan Beyer,Centre-Back,24.0,13000000.0,Burnley Fc,2324
Ameen Al-Dakhil,Centre-Back,22.0,12000000.0,Burnley Fc,2324
Dara O'Shea,Centre-Back,25.0,7000000.0,Burnley Fc,2324
Hjalmar Ekdal,Centre-Back,25.0,7000000.0,Burnley Fc,2324
Maxime Estève,Centre-Back,22.0,7000000.0,Burnley Fc,2324
Hannes Delcroix,Centre-Back,25.0,4000000.0,Burnley Fc,2324
Luke McNally,Centre-Back,24.0,3800000.0,Burnley Fc,2324
CJ Egan-Riley,Centre-Back,21.0,1500000.0,Burnley Fc,2324
Charlie Taylor,Left-Back,30.0,3000000.0,Burnley Fc,2324
Lorenz Assignon,Right-Back,24.0,10000000.0,Burnley Fc,2324
Connor Roberts,Right-Back,28.0,7000000.0,Burnley Fc,2324
Vitinho,Right-Back,24.0,5000000.0,Burnley Fc,2324
Sander Berge,Defensive Midfield,26.0,20000000.0,Burnley Fc,2324
Jack Cork,Defensive Midfield,35.0,800000.0,Burnley Fc,2324
Josh Brownhill,Central Midfield,28.0,15000000.0,Burnley Fc,2324
Josh Cullen,Central Midfield,28.0,10000000.0,Burnley Fc,2324
Han-Noah Massengo,Central Midfield,22.0,4000000.0,Burnley Fc,2324
Aaron Ramsey,Attacking Midfield,21.0,15000000.0,Burnley Fc,2324
Mike Tresor,Attacking Midfield,25.0,12000000.0,Burnley Fc,2324
Scott Twine,Attacking Midfield,24.0,3000000.0,Burnley Fc,2324
Wilson Odobert,Left Winger,19.0,10000000.0,Burnley Fc,2324
Anass Zaroury,Left Winger,23.0,9000000.0,Burnley Fc,2324
Jacob Bruun Larsen,Left Winger,25.0,8000000.0,Burnley Fc,2324
Darko Churlinov,Left Winger,23.0,1500000.0,Burnley Fc,2324
Dara Costelloe,Left Winger,21.0,325000.0,Burnley Fc,2324
Luca Koleosho,Right Winger,19.0,7000000.0,Burnley Fc,2324
Manuel Benson,Right Winger,27.0,5000000.0,Burnley Fc,2324
Nathan Redmond,Right Winger,30.0,5000000.0,Burnley Fc,2324
Jóhann Berg Gudmundsson,Right Winger,33.0,1000000.0,Burnley Fc,2324
Enock Agyei,Right Winger,19.0,800000.0,Burnley Fc,2324
Lyle Foster,Centre-Forward,23.0,13000000.0,Burnley Fc,2324
David Datro Fofana,Centre-Forward,21.0,12000000.0,Burnley Fc,2324
Zeki Amdouni,Centre-Forward,23.0,12000000.0,Burnley Fc,2324
Michael Obafemi,Centre-Forward,23.0,2200000.0,Burnley Fc,2324
Jay Rodríguez,Centre-Forward,34.0,1000000.0,Burnley Fc,2324
Robert Sánchez,Goalkeeper,26.0,20000000.0,Chelsea Fc,2324
Djordje Petrovic,Goalkeeper,24.0,20000000.0,Chelsea Fc,2324
Marcus Bettinelli,Goalkeeper,32.0,1000000.0,Chelsea Fc,2324
Lucas Bergström,Goalkeeper,21.0,700000.0,Chelsea Fc,2324
Teddy Sharman-Lowe,Goalkeeper,21.0,300000.0,Chelsea Fc,2324
Eddie Beach,Goalkeeper,20.0,250000.0,Chelsea Fc,2324
Max Merrick,Goalkeeper,18.0,,Chelsea Fc,2324
Ted Curd,Goalkeeper,18.0,,Chelsea Fc,2324
Levi Colwill,Centre-Back,21.0,50000000.0,Chelsea Fc,2324
Axel Disasi,Centre-Back,26.0,40000000.0,Chelsea Fc,2324
Benoît Badiashile,Centre-Back,23.0,30000000.0,Chelsea Fc,2324
Wesley Fofana,Centre-Back,23.0,25000000.0,Chelsea Fc,2324
Trevoh Chalobah,Centre-Back,24.0,13000000.0,Chelsea Fc,2324
Bashir Humphreys,Centre-Back,21.0,4800000.0,Chelsea Fc,2324
Malang Sarr,Centre-Back,25.0,4000000.0,Chelsea Fc,2324
Thiago Silva,Centre-Back,39.0,1000000.0,Chelsea Fc,2324
Josh Brooking,Centre-Back,21.0,500000.0,Chelsea Fc,2324
Harrison Murray-Campbell,Centre-Back,17.0,250000.0,Chelsea Fc,2324
Billy Gee,Centre-Back,18.0,,Chelsea Fc,2324
Ian Maatsen,Left-Back,22.0,40000000.0,Chelsea Fc,2324
Ben Chilwell,Left-Back,27.0,28000000.0,Chelsea Fc,2324
Marc Cucurella,Left-Back,25.0,25000000.0,Chelsea Fc,2324
Ishé Samuels-Smith,Left-Back,18.0,500000.0,Chelsea Fc,2324
Zak Sturge,Left-Back,20.0,250000.0,Chelsea Fc,2324
Dylan Williams,Left-Back,20.0,200000.0,Chelsea Fc,2324
Reece James,Right-Back,24.0,40000000.0,Chelsea Fc,2324
Malo Gusto,Right-Back,21.0,35000000.0,Chelsea Fc,2324
Alfie Gilchrist,Right-Back,20.0,5000000.0,Chelsea Fc,2324
Josh Acheampong,Right-Back,18.0,300000.0,Chelsea Fc,2324
Moisés Caicedo,Defensive Midfield,22.0,75000000.0,Chelsea Fc,2324
Roméo Lavia,Defensive Midfield,20.0,35000000.0,Chelsea Fc,2324
Lesley Ugochukwu,Defensive Midfield,20.0,25000000.0,Chelsea Fc,2324
Ollie Harrison,Defensive Midfield,16.0,,Chelsea Fc,2324
Enzo Fernández,Central Midfield,23.0,75000000.0,Chelsea Fc,2324
Conor Gallagher,Central Midfield,24.0,50000000.0,Chelsea Fc,2324
Andrey Santos,Central Midfield,20.0,15000000.0,Chelsea Fc,2324
Carney Chukwuemeka,Central Midfield,20.0,15000000.0,Chelsea Fc,2324
Cesare Casadei,Central Midfield,21.0,10000000.0,Chelsea Fc,2324
Alex Matos,Central Midfield,19.0,1200000.0,Chelsea Fc,2324
Michael Golding,Central Midfield,18.0,300000.0,Chelsea Fc,2324
Jimi Tauriainen,Central Midfield,20.0,200000.0,Chelsea Fc,2324
Kiano Dyer,Central Midfield,17.0,,Chelsea Fc,2324
Diego Moreira,Left Midfield,19.0,3000000.0,Chelsea Fc,2324
Cole Palmer,Attacking Midfield,22.0,80000000.0,Chelsea Fc,2324
Leo Castledine,Attacking Midfield,18.0,900000.0,Chelsea Fc,2324
Mykhaylo Mudryk,Left Winger,23.0,35000000.0,Chelsea Fc,2324
Tyrique George,Left Winger,18.0,,Chelsea Fc,2324
Raheem Sterling,Right Winger,29.0,35000000.0,Chelsea Fc,2324
Noni Madueke,Right Winger,22.0,28000000.0,Chelsea Fc,2324
Christopher Nkunku,Centre-Forward,26.0,65000000.0,Chelsea Fc,2324
Nicolas Jackson,Centre-Forward,23.0,35000000.0,Chelsea Fc,2324
Armando Broja,Centre-Forward,22.0,22000000.0,Chelsea Fc,2324
David Datro Fofana,Centre-Forward,21.0,12000000.0,Chelsea Fc,2324
Deivid Washington,Centre-Forward,19.0,9000000.0,Chelsea Fc,2324
Mason Burstow,Centre-Forward,20.0,1800000.0,Chelsea Fc,2324
Ronnie Stutter,Centre-Forward,19.0,200000.0,Chelsea Fc,2324
Dean Henderson,Goalkeeper,27.0,12000000.0,Crystal Palace,2324
Sam Johnstone,Goalkeeper,31.0,10000000.0,Crystal Palace,2324
Joe Whitworth,Goalkeeper,20.0,1000000.0,Crystal Palace,2324
Remi Matthews,Goalkeeper,30.0,500000.0,Crystal Palace,2324
Marc Guéhi,Centre-Back,23.0,38000000.0,Crystal Palace,2324
Joachim Andersen,Centre-Back,28.0,35000000.0,Crystal Palace,2324
Chris Richards,Centre-Back,24.0,12000000.0,Crystal Palace,2324
Rob Holding,Centre-Back,28.0,5000000.0,Crystal Palace,2324
Nathan Ferguson,Centre-Back,23.0,1000000.0,Crystal Palace,2324
James Tomkins,Centre-Back,35.0,700000.0,Crystal Palace,2324
Seán Grehan,Centre-Back,20.0,150000.0,Crystal Palace,2324
Tyrick Mitchell,Left-Back,24.0,25000000.0,Crystal Palace,2324
Tayo Adaramola,Left-Back,20.0,800000.0,Crystal Palace,2324
Daniel Muñoz,Right-Back,28.0,18000000.0,Crystal Palace,2324
Nathaniel Clyne,Right-Back,33.0,1500000.0,Crystal Palace,2324
Joel Ward,Right-Back,34.0,1000000.0,Crystal Palace,2324
Cheick Doucouré,Defensive Midfield,24.0,35000000.0,Crystal Palace,2324
Adam Wharton,Defensive Midfield,20.0,30000000.0,Crystal Palace,2324
Jefferson Lerma,Defensive Midfield,29.0,20000000.0,Crystal Palace,2324
Jaïro Riedewald,Defensive Midfield,27.0,3000000.0,Crystal Palace,2324
David Ozoh,Defensive Midfield,19.0,700000.0,Crystal Palace,2324
Kaden Rodney,Defensive Midfield,19.0,200000.0,Crystal Palace,2324
Will Hughes,Central Midfield,29.0,9000000.0,Crystal Palace,2324
Naouirou Ahamada,Central Midfield,22.0,8000000.0,Crystal Palace,2324
Jack Wells-Morrison,Central Midfield,20.0,200000.0,Crystal Palace,2324
Jeffrey Schlupp,Left Midfield,31.0,7000000.0,Crystal Palace,2324
Eberechi Eze,Attacking Midfield,26.0,55000000.0,Crystal Palace,2324
Matheus França,Attacking Midfield,20.0,15000000.0,Crystal Palace,2324
Jadan Raymond,Attacking Midfield,20.0,,Crystal Palace,2324
John-Kymani Gordon,Left Winger,21.0,200000.0,Crystal Palace,2324
Michael Olise,Right Winger,22.0,55000000.0,Crystal Palace,2324
Jesurun Rak-Sakyi,Right Winger,21.0,2000000.0,Crystal Palace,2324
Malcolm Ebiowei,Right Winger,20.0,1500000.0,Crystal Palace,2324
Franco Umeh,Right Winger,19.0,75000.0,Crystal Palace,2324
Roshaun Mathurin,Right Winger,20.0,,Crystal Palace,2324
Jean-Philippe Mateta,Centre-Forward,27.0,20000000.0,Crystal Palace,2324
Odsonne Édouard,Centre-Forward,26.0,18000000.0,Crystal Palace,2324
Jordan Ayew,Centre-Forward,32.0,4000000.0,Crystal Palace,2324
Luke Plange,Centre-Forward,21.0,800000.0,Crystal Palace,2324
Ademola Ola-Adebomi,Centre-Forward,20.0,250000.0,Crystal Palace,2324
Jordan Pickford,Goalkeeper,30.0,22000000.0,Everton Fc,2324
João Virgínia,Goalkeeper,24.0,800000.0,Everton Fc,2324
Andy Lonergan,Goalkeeper,40.0,100000.0,Everton Fc,2324
Billy Crellin,Goalkeeper,24.0,,Everton Fc,2324
Jarrad Branthwaite,Centre-Back,22.0,42000000.0,Everton Fc,2324
James Tarkowski,Centre-Back,31.0,13000000.0,Everton Fc,2324
Ben Godfrey,Centre-Back,26.0,10000000.0,Everton Fc,2324
Michael Keane,Centre-Back,31.0,6000000.0,Everton Fc,2324
Mason Holgate,Centre-Back,27.0,5000000.0,Everton Fc,2324
Elijah Campbell,Centre-Back,19.0,,Everton Fc,2324
Vitaliy Mykolenko,Left-Back,25.0,28000000.0,Everton Fc,2324
Mackenzie Hunt,Left-Back,22.0,200000.0,Everton Fc,2324
Nathan Patterson,Right-Back,22.0,15000000.0,Everton Fc,2324
Ashley Young,Right-Back,38.0,500000.0,Everton Fc,2324
Séamus Coleman,Right-Back,35.0,500000.0,Everton Fc,2324
Amadou Onana,Defensive Midfield,22.0,50000000.0,Everton Fc,2324
James Garner,Defensive Midfield,23.0,22000000.0,Everton Fc,2324
Idrissa Gueye,Defensive Midfield,34.0,3000000.0,Everton Fc,2324
André Gomes,Central Midfield,30.0,10000000.0,Everton Fc,2324
Lewis Warrington,Central Midfield,21.0,500000.0,Everton Fc,2324
Tyler Onyango,Central Midfield,21.0,500000.0,Everton Fc,2324
Jenson Metcalfe,Central Midfield,19.0,150000.0,Everton Fc,2324
Abdoulaye Doucouré,Attacking Midfield,31.0,10000000.0,Everton Fc,2324
Dele Alli,Attacking Midfield,28.0,5000000.0,Everton Fc,2324
Alex Iwobi,Left Winger,28.0,25000000.0,Everton Fc,2324
Dwight McNeil,Left Winger,24.0,22000000.0,Everton Fc,2324
Jack Harrison,Left Winger,27.0,18000000.0,Everton Fc,2324
Arnaut Danjuma,Left Winger,27.0,13000000.0,Everton Fc,2324
Lewis Dobbin,Left Winger,21.0,2500000.0,Everton Fc,2324
Dominic Calvert-Lewin,Centre-Forward,27.0,22000000.0,Everton Fc,2324
Beto,Centre-Forward,26.0,20000000.0,Everton Fc,2324
Neal Maupay,Centre-Forward,27.0,12000000.0,Everton Fc,2324
Youssef Chermiti,Centre-Forward,20.0,9000000.0,Everton Fc,2324
Tom Cannon,Centre-Forward,21.0,4000000.0,Everton Fc,2324
Bernd Leno,Goalkeeper,32.0,13000000.0,Fulham Fc,2324
Marek Rodák,Goalkeeper,27.0,3000000.0,Fulham Fc,2324
Steven Benda,Goalkeeper,25.0,1000000.0,Fulham Fc,2324
Tosin Adarabioyo,Centre-Back,26.0,20000000.0,Fulham Fc,2324
Issa Diop,Centre-Back,27.0,20000000.0,Fulham Fc,2324
Calvin Bassey,Centre-Back,24.0,16000000.0,Fulham Fc,2324
Tim Ream,Centre-Back,36.0,800000.0,Fulham Fc,2324
Luc De Fougerolles,Centre-Back,18.0,300000.0,Fulham Fc,2324
Antonee Robinson,Left-Back,26.0,25000000.0,Fulham Fc,2324
Fodé Ballo-Touré,Left-Back,27.0,3000000.0,Fulham Fc,2324
Timothy Castagne,Right-Back,28.0,17000000.0,Fulham Fc,2324
Kenny Tete,Right-Back,28.0,15000000.0,Fulham Fc,2324
Kevin Mbabu,Right-Back,29.0,4000000.0,Fulham Fc,2324
Devan Tanton,Right-Back,20.0,250000.0,Fulham Fc,2324
João Palhinha,Defensive Midfield,28.0,55000000.0,Fulham Fc,2324
Andreas Pereira,Central Midfield,28.0,20000000.0,Fulham Fc,2324
Harrison Reed,Central Midfield,29.0,15000000.0,Fulham Fc,2324
Saša Lukić,Central Midfield,27.0,10000000.0,Fulham Fc,2324
Tom Cairney,Central Midfield,33.0,2000000.0,Fulham Fc,2324
Tyrese Francois,Central Midfield,23.0,600000.0,Fulham Fc,2324
Matt Dibley-Dias,Central Midfield,20.0,500000.0,Fulham Fc,2324
Bobby De Cordova-Reid,Attacking Midfield,31.0,5000000.0,Fulham Fc,2324
Luke Harris,Attacking Midfield,19.0,1000000.0,Fulham Fc,2324
Kristian Sekularac,Attacking Midfield,20.0,200000.0,Fulham Fc,2324
Josh King,Attacking Midfield,17.0,200000.0,Fulham Fc,2324
Alex Iwobi,Left Winger,28.0,25000000.0,Fulham Fc,2324
Willian,Left Winger,35.0,3000000.0,Fulham Fc,2324
Harry Wilson,Right Winger,27.0,17000000.0,Fulham Fc,2324
Adama Traoré,Right Winger,28.0,9000000.0,Fulham Fc,2324
Aleksandar Mitrović,Centre-Forward,29.0,28000000.0,Fulham Fc,2324
Armando Broja,Centre-Forward,22.0,22000000.0,Fulham Fc,2324
Rodrigo Muniz,Centre-Forward,23.0,20000000.0,Fulham Fc,2324
Raúl Jiménez,Centre-Forward,33.0,5000000.0,Fulham Fc,2324
Carlos Vinícius,Centre-Forward,29.0,4000000.0,Fulham Fc,2324
Jay Stansfield,Centre-Forward,21.0,3500000.0,Fulham Fc,2324
Alisson,Goalkeeper,31.0,28000000.0,Liverpool Fc,2324
Caoimhín Kelleher,Goalkeeper,25.0,20000000.0,Liverpool Fc,2324
Vitezslav Jaros,Goalkeeper,22.0,5000000.0,Liverpool Fc,2324
Adrián San Miguel,Goalkeeper,37.0,600000.0,Liverpool Fc,2324
Marcelo Pitaluga,Goalkeeper,21.0,300000.0,Liverpool Fc,2324
Fabian Mrozek,Goalkeeper,20.0,200000.0,Liverpool Fc,2324
Ibrahima Konaté,Centre-Back,25.0,45000000.0,Liverpool Fc,2324
Virgil van Dijk,Centre-Back,32.0,30000000.0,Liverpool Fc,2324
Joe Gomez,Centre-Back,27.0,28000000.0,Liverpool Fc,2324
Jarell Quansah,Centre-Back,21.0,22000000.0,Liverpool Fc,2324
Joël Matip,Centre-Back,32.0,8000000.0,Liverpool Fc,2324
Nat Phillips,Centre-Back,27.0,3500000.0,Liverpool Fc,2324
Rhys Williams,Centre-Back,23.0,1800000.0,Liverpool Fc,2324
Luke Chambers,Centre-Back,20.0,1500000.0,Liverpool Fc,2324
Amara Nallo,Centre-Back,17.0,,Liverpool Fc,2324
Andrew Robertson,Left-Back,30.0,30000000.0,Liverpool Fc,2324
Konstantinos Tsimikas,Left-Back,28.0,22000000.0,Liverpool Fc,2324
Owen Beck,Left-Back,21.0,1250000.0,Liverpool Fc,2324
Calum Scanlon,Left-Back,19.0,700000.0,Liverpool Fc,2324
Trent Alexander-Arnold,Right-Back,25.0,70000000.0,Liverpool Fc,2324
Conor Bradley,Right-Back,20.0,15000000.0,Liverpool Fc,2324
Calvin Ramsay,Right-Back,20.0,4000000.0,Liverpool Fc,2324
Ryan Gravenberch,Defensive Midfield,22.0,35000000.0,Liverpool Fc,2324
Wataru Endo,Defensive Midfield,31.0,13000000.0,Liverpool Fc,2324
Stefan Bajcetic,Defensive Midfield,19.0,11000000.0,Liverpool Fc,2324
James McConnell,Defensive Midfield,19.0,500000.0,Liverpool Fc,2324
Alexis Mac Allister,Central Midfield,25.0,75000000.0,Liverpool Fc,2324
Curtis Jones,Central Midfield,23.0,35000000.0,Liverpool Fc,2324
Thiago Alcántara,Central Midfield,33.0,10000000.0,Liverpool Fc,2324
Bobby Clark,Central Midfield,19.0,1000000.0,Liverpool Fc,2324
Trey Nyoni,Central Midfield,17.0,500000.0,Liverpool Fc,2324
Tom Hill,Central Midfield,21.0,300000.0,Liverpool Fc,2324
Dominik Szoboszlai,Attacking Midfield,23.0,75000000.0,Liverpool Fc,2324
Harvey Elliott,Attacking Midfield,21.0,35000000.0,Liverpool Fc,2324
Fábio Carvalho,Attacking Midfield,21.0,14000000.0,Liverpool Fc,2324
Mateusz Musiałowski,Attacking Midfield,20.0,300000.0,Liverpool Fc,2324
Luis Díaz,Left Winger,27.0,75000000.0,Liverpool Fc,2324
Cody Gakpo,Left Winger,25.0,50000000.0,Liverpool Fc,2324
Diogo Jota,Left Winger,27.0,50000000.0,Liverpool Fc,2324
Lewis Koumas,Left Winger,18.0,1000000.0,Liverpool Fc,2324
Mohamed Salah,Right Winger,32.0,55000000.0,Liverpool Fc,2324
Ben Gannon-Doak,Right Winger,18.0,10000000.0,Liverpool Fc,2324
Kaide Gordon,Right Winger,19.0,1200000.0,Liverpool Fc,2324
Darwin Núñez,Centre-Forward,25.0,70000000.0,Liverpool Fc,2324
Jayden Danns,Centre-Forward,18.0,1000000.0,Liverpool Fc,2324
Thomas Kaminski,Goalkeeper,31.0,3000000.0,Luton Town,2324
Tim Krul,Goalkeeper,36.0,500000.0,Luton Town,2324
Jack Walton,Goalkeeper,26.0,400000.0,Luton Town,2324
James Shea,Goalkeeper,33.0,200000.0,Luton Town,2324
Teden Mengi,Centre-Back,22.0,12000000.0,Luton Town,2324
Tom Holmes,Centre-Back,24.0,3500000.0,Luton Town,2324
Gabriel Osho,Centre-Back,25.0,3000000.0,Luton Town,2324
Mads Andersen,Centre-Back,26.0,3000000.0,Luton Town,2324
Tom Lockyer,Centre-Back,29.0,2500000.0,Luton Town,2324
Amari'i Bell,Centre-Back,30.0,2500000.0,Luton Town,2324
Reece Burke,Centre-Back,27.0,1800000.0,Luton Town,2324
Dan Potts,Centre-Back,30.0,900000.0,Luton Town,2324
Aidan Francis-Clarke,Centre-Back,19.0,,Luton Town,2324
Christian Chigozie,Centre-Back,16.0,,Luton Town,2324
Ryan Giles,Left-Back,24.0,4500000.0,Luton Town,2324
Joe Johnson,Left-Back,18.0,100000.0,Luton Town,2324
Issa Kaboré,Right-Back,23.0,10000000.0,Luton Town,2324
Daiki Hashioka,Right-Back,25.0,2000000.0,Luton Town,2324
Marvelous Nakamba,Defensive Midfield,30.0,5000000.0,Luton Town,2324
Pelly Ruddock Mpanzu,Defensive Midfield,30.0,1500000.0,Luton Town,2324
Dominic Martins,Defensive Midfield,18.0,,Luton Town,2324
Albert Sambi Lokonga,Central Midfield,24.0,15000000.0,Luton Town,2324
Ross Barkley,Central Midfield,30.0,8000000.0,Luton Town,2324
Allan Campbell,Central Midfield,25.0,2000000.0,Luton Town,2324
Luke Berry,Central Midfield,31.0,400000.0,Luton Town,2324
Louie Watson,Central Midfield,23.0,250000.0,Luton Town,2324
Axel Piesold,Central Midfield,19.0,150000.0,Luton Town,2324
Jake Burger,Central Midfield,19.0,,Luton Town,2324
Jayden Luker,Central Midfield,19.0,,Luton Town,2324
Fred Onyedinma,Right Midfield,27.0,500000.0,Luton Town,2324
Alfie Doughty,Left Midfield,24.0,10000000.0,Luton Town,2324
Tahith Chong,Attacking Midfield,24.0,6000000.0,Luton Town,2324
Jordan Clark,Attacking Midfield,30.0,1000000.0,Luton Town,2324
Elliot Thorpe,Attacking Midfield,23.0,200000.0,Luton Town,2324
Zack Nelson,Attacking Midfield,19.0,100000.0,Luton Town,2324
Dion Pereira,Left Winger,25.0,175000.0,Luton Town,2324
Chiedozie Ogbene,Right Winger,27.0,8000000.0,Luton Town,2324
Andros Townsend,Right Winger,32.0,1800000.0,Luton Town,2324
John McAtee,Second Striker,24.0,300000.0,Luton Town,2324
Carlton Morris,Centre-Forward,28.0,13000000.0,Luton Town,2324
Elijah Adebayo,Centre-Forward,26.0,12000000.0,Luton Town,2324
Jacob Brown,Centre-Forward,26.0,4000000.0,Luton Town,2324
Cauley Woodrow,Centre-Forward,29.0,1000000.0,Luton Town,2324
Joe Taylor,Centre-Forward,21.0,350000.0,Luton Town,2324
Admiral Muskwe,Centre-Forward,25.0,275000.0,Luton Town,2324
Taylan Harris,Centre-Forward,18.0,,Luton Town,2324
Ederson,Goalkeeper,30.0,35000000.0,Manchester City,2324
Stefan Ortega,Goalkeeper,31.0,9000000.0,Manchester City,2324
Zack Steffen,Goalkeeper,29.0,2000000.0,Manchester City,2324
True Grant,Goalkeeper,18.0,500000.0,Manchester City,2324
Scott Carson,Goalkeeper,38.0,200000.0,Manchester City,2324
Rúben Dias,Centre-Back,27.0,80000000.0,Manchester City,2324
Josko Gvardiol,Centre-Back,22.0,75000000.0,Manchester City,2324
Manuel Akanji,Centre-Back,28.0,45000000.0,Manchester City,2324
Nathan Aké,Centre-Back,29.0,40000000.0,Manchester City,2324
John Stones,Centre-Back,30.0,38000000.0,Manchester City,2324
Taylor Harwood-Bellis,Centre-Back,22.0,22000000.0,Manchester City,2324
Aymeric Laporte,Centre-Back,30.0,20000000.0,Manchester City,2324
Max Alleyne,Centre-Back,18.0,500000.0,Manchester City,2324
Sergio Gómez,Left-Back,23.0,10000000.0,Manchester City,2324
Josh Wilson-Esbrand,Left-Back,21.0,4000000.0,Manchester City,2324
Matheus Nunes,Right-Back,25.0,50000000.0,Manchester City,2324
Rico Lewis,Right-Back,19.0,38000000.0,Manchester City,2324
Kyle Walker,Right-Back,34.0,13000000.0,Manchester City,2324
Issa Kaboré,Right-Back,23.0,10000000.0,Manchester City,2324
Rodri,Defensive Midfield,28.0,120000000.0,Manchester City,2324
Kalvin Phillips,Defensive Midfield,28.0,25000000.0,Manchester City,2324
Máximo Perrone,Defensive Midfield,21.0,9000000.0,Manchester City,2324
Mahamadou Susoho,Defensive Midfield,19.0,1500000.0,Manchester City,2324
Jacob Wright,Defensive Midfield,18.0,800000.0,Manchester City,2324
Mateo Kovacic,Central Midfield,30.0,30000000.0,Manchester City,2324
Phil Foden,Attacking Midfield,24.0,150000000.0,Manchester City,2324
Cole Palmer,Attacking Midfield,22.0,80000000.0,Manchester City,2324
Bernardo Silva,Attacking Midfield,29.0,70000000.0,Manchester City,2324
Kevin De Bruyne,Attacking Midfield,33.0,50000000.0,Manchester City,2324
James McAtee,Attacking Midfield,21.0,12000000.0,Manchester City,2324
Jérémy Doku,Left Winger,22.0,65000000.0,Manchester City,2324
Jack Grealish,Left Winger,28.0,60000000.0,Manchester City,2324
Micah Hamilton,Left Winger,20.0,2000000.0,Manchester City,2324
Oscar Bobb,Right Winger,20.0,25000000.0,Manchester City,2324
Erling Haaland,Centre-Forward,23.0,180000000.0,Manchester City,2324
Julián Alvarez,Centre-Forward,24.0,90000000.0,Manchester City,2324
André Onana,Goalkeeper,28.0,35000000.0,Manchester United,2324
Dean Henderson,Goalkeeper,27.0,12000000.0,Manchester United,2324
Altay Bayındır,Goalkeeper,26.0,10000000.0,Manchester United,2324
Radek Vítek,Goalkeeper,20.0,300000.0,Manchester United,2324
Tom Heaton,Goalkeeper,38.0,250000.0,Manchester United,2324
Dermot Mee,Goalkeeper,21.0,,Manchester United,2324
Lisandro Martínez,Centre-Back,26.0,45000000.0,Manchester United,2324
Raphaël Varane,Centre-Back,31.0,20000000.0,Manchester United,2324
Harry Maguire,Centre-Back,31.0,18000000.0,Manchester United,2324
Victor Lindelöf,Centre-Back,29.0,15000000.0,Manchester United,2324
Willy Kambwala,Centre-Back,19.0,5000000.0,Manchester United,2324
Jonny Evans,Centre-Back,36.0,2000000.0,Manchester United,2324
Rhys Bennett,Centre-Back,20.0,,Manchester United,2324
Louis Jackson,Centre-Back,18.0,,Manchester United,2324
Luke Shaw,Left-Back,28.0,32000000.0,Manchester United,2324
Tyrell Malacia,Left-Back,24.0,18000000.0,Manchester United,2324
Sergio Reguilón,Left-Back,27.0,12000000.0,Manchester United,2324
Álvaro Carreras,Left-Back,21.0,7000000.0,Manchester United,2324
Brandon Williams,Left-Back,23.0,2500000.0,Manchester United,2324
Harry Amass,Left-Back,17.0,,Manchester United,2324
Diogo Dalot,Right-Back,25.0,35000000.0,Manchester United,2324
Aaron Wan-Bissaka,Right-Back,26.0,20000000.0,Manchester United,2324
Habeeb Ogunneye,Right-Back,18.0,,Manchester United,2324
Sofyan Amrabat,Defensive Midfield,27.0,22000000.0,Manchester United,2324
Casemiro,Defensive Midfield,32.0,20000000.0,Manchester United,2324
Toby Collyer,Defensive Midfield,20.0,200000.0,Manchester United,2324
Kobbie Mainoo,Central Midfield,19.0,50000000.0,Manchester United,2324
Scott McTominay,Central Midfield,27.0,32000000.0,Manchester United,2324
Donny van de Beek,Central Midfield,27.0,5000000.0,Manchester United,2324
Dan Gore,Central Midfield,19.0,900000.0,Manchester United,2324
Bruno Fernandes,Attacking Midfield,29.0,70000000.0,Manchester United,2324
Mason Mount,Attacking Midfield,25.0,35000000.0,Manchester United,2324
Hannibal,Attacking Midfield,21.0,9000000.0,Manchester United,2324
Christian Eriksen,Attacking Midfield,32.0,8000000.0,Manchester United,2324
Marcus Rashford,Left Winger,26.0,60000000.0,Manchester United,2324
Alejandro Garnacho,Left Winger,19.0,45000000.0,Manchester United,2324
Jadon Sancho,Left Winger,24.0,30000000.0,Manchester United,2324
Shola Shoretire,Left Winger,20.0,4000000.0,Manchester United,2324
Antony,Right Winger,24.0,25000000.0,Manchester United,2324
Amad Diallo,Right Winger,21.0,18000000.0,Manchester United,2324
Facundo Pellistri,Right Winger,22.0,8000000.0,Manchester United,2324
Omari Forson,Right Winger,19.0,2000000.0,Manchester United,2324
Rasmus Højlund,Centre-Forward,21.0,65000000.0,Manchester United,2324
Anthony Martial,Centre-Forward,28.0,10000000.0,Manchester United,2324
Joe Hugill,Centre-Forward,20.0,200000.0,Manchester United,2324
Ethan Wheatley,Centre-Forward,18.0,,Manchester United,2324
Nick Pope,Goalkeeper,32.0,16000000.0,Newcastle United,2324
Martin Dúbravka,Goalkeeper,35.0,1000000.0,Newcastle United,2324
Loris Karius,Goalkeeper,31.0,1000000.0,Newcastle United,2324
Mark Gillespie,Goalkeeper,32.0,300000.0,Newcastle United,2324
Adam Harrison,Goalkeeper,17.0,,Newcastle United,2324
Aidan Harris,Goalkeeper,17.0,,Newcastle United,2324
Sven Botman,Centre-Back,24.0,45000000.0,Newcastle United,2324
Fabian Schär,Centre-Back,32.0,10000000.0,Newcastle United,2324
Dan Burn,Centre-Back,32.0,8000000.0,Newcastle United,2324
Jamaal Lascelles,Centre-Back,30.0,7000000.0,Newcastle United,2324
Kell Watts,Centre-Back,24.0,250000.0,Newcastle United,2324
Lewis Hall,Left-Back,19.0,18000000.0,Newcastle United,2324
Matt Targett,Left-Back,28.0,10000000.0,Newcastle United,2324
Jamal Lewis,Left-Back,26.0,3500000.0,Newcastle United,2324
Paul Dummett,Left-Back,32.0,900000.0,Newcastle United,2324
Alex Murphy,Left-Back,20.0,250000.0,Newcastle United,2324
Tino Livramento,Right-Back,21.0,35000000.0,Newcastle United,2324
Kieran Trippier,Right-Back,33.0,10000000.0,Newcastle United,2324
Emil Krafth,Right-Back,29.0,2500000.0,Newcastle United,2324
Javier Manquillo,Right-Back,30.0,1800000.0,Newcastle United,2324
Harrison Ashby,Right-Back,22.0,1200000.0,Newcastle United,2324
Sandro Tonali,Defensive Midfield,24.0,38000000.0,Newcastle United,2324
Isaac Hayden,Defensive Midfield,29.0,1800000.0,Newcastle United,2324
Bruno Guimarães,Central Midfield,26.0,85000000.0,Newcastle United,2324
Joelinton,Central Midfield,27.0,40000000.0,Newcastle United,2324
Joe Willock,Central Midfield,24.0,30000000.0,Newcastle United,2324
Sean Longstaff,Central Midfield,26.0,25000000.0,Newcastle United,2324
Lewis Miley,Central Midfield,18.0,22000000.0,Newcastle United,2324
Elliot Anderson,Central Midfield,21.0,15000000.0,Newcastle United,2324
Jeff Hendrick,Central Midfield,32.0,500000.0,Newcastle United,2324
Lucas De Bolle,Central Midfield,21.0,150000.0,Newcastle United,2324
Travis Hernes,Central Midfield,18.0,150000.0,Newcastle United,2324
James Huntley,Central Midfield,20.0,,Newcastle United,2324
Matt Ritchie,Right Midfield,34.0,1000000.0,Newcastle United,2324
Joe White,Attacking Midfield,21.0,300000.0,Newcastle United,2324
Anthony Gordon,Left Winger,23.0,60000000.0,Newcastle United,2324
Harvey Barnes,Left Winger,26.0,35000000.0,Newcastle United,2324
Ryan Fraser,Left Winger,30.0,3000000.0,Newcastle United,2324
Amadou Diallo,Left Winger,21.0,400000.0,Newcastle United,2324
Miguel Almirón,Right Winger,30.0,20000000.0,Newcastle United,2324
Jacob Murphy,Right Winger,29.0,15000000.0,Newcastle United,2324
Alexander Isak,Centre-Forward,24.0,75000000.0,Newcastle United,2324
Callum Wilson,Centre-Forward,32.0,13000000.0,Newcastle United,2324
Ben Parkinson,Centre-Forward,19.0,250000.0,Newcastle United,2324
Michael Ndiweni,Centre-Forward,20.0,,Newcastle United,2324
Matt Turner,Goalkeeper,30.0,7000000.0,Nottingham Forest,2324
Odysseas Vlachodimos,Goalkeeper,30.0,7000000.0,Nottingham Forest,2324
Matz Sels,Goalkeeper,32.0,7000000.0,Nottingham Forest,2324
Ethan Horvath,Goalkeeper,29.0,1800000.0,Nottingham Forest,2324
Wayne Hennessey,Goalkeeper,37.0,250000.0,Nottingham Forest,2324
Murillo,Centre-Back,21.0,35000000.0,Nottingham Forest,2324
Moussa Niakhaté,Centre-Back,28.0,16000000.0,Nottingham Forest,2324
Andrew Omobamidele,Centre-Back,22.0,11000000.0,Nottingham Forest,2324
Scott McKenna,Centre-Back,27.0,9000000.0,Nottingham Forest,2324
Joe Worrall,Centre-Back,27.0,7500000.0,Nottingham Forest,2324
Willy Boly,Centre-Back,33.0,2500000.0,Nottingham Forest,2324
Felipe,Centre-Back,35.0,1500000.0,Nottingham Forest,2324
Zach Abbott,Centre-Back,18.0,300000.0,Nottingham Forest,2324
Neco Williams,Left-Back,23.0,17000000.0,Nottingham Forest,2324
Nuno Tavares,Left-Back,24.0,15000000.0,Nottingham Forest,2324
Harry Toffolo,Left-Back,28.0,5000000.0,Nottingham Forest,2324
Ola Aina,Right-Back,27.0,12000000.0,Nottingham Forest,2324
Gonzalo Montiel,Right-Back,27.0,10000000.0,Nottingham Forest,2324
Serge Aurier,Right-Back,31.0,3700000.0,Nottingham Forest,2324
Ibrahim Sangaré,Defensive Midfield,26.0,30000000.0,Nottingham Forest,2324
Orel Mangala,Defensive Midfield,26.0,20000000.0,Nottingham Forest,2324
Cheikhou Kouyaté,Defensive Midfield,34.0,1000000.0,Nottingham Forest,2324
Jamie McDonnell,Defensive Midfield,20.0,200000.0,Nottingham Forest,2324
Danilo,Central Midfield,23.0,28000000.0,Nottingham Forest,2324
Nicolás Domínguez,Central Midfield,26.0,17000000.0,Nottingham Forest,2324
Andrey Santos,Central Midfield,20.0,15000000.0,Nottingham Forest,2324
Ryan Yates,Central Midfield,26.0,12000000.0,Nottingham Forest,2324
Remo Freuler,Central Midfield,32.0,6500000.0,Nottingham Forest,2324
Lewis O'Brien,Central Midfield,25.0,5000000.0,Nottingham Forest,2324
Harry Arter,Central Midfield,34.0,400000.0,Nottingham Forest,2324
Brandon Aguilera,Central Midfield,21.0,300000.0,Nottingham Forest,2324
Morgan Gibbs-White,Attacking Midfield,24.0,40000000.0,Nottingham Forest,2324
Giovanni Reyna,Attacking Midfield,21.0,18000000.0,Nottingham Forest,2324
Ui-jo Hwang,Attacking Midfield,31.0,1800000.0,Nottingham Forest,2324
Callum Hudson-Odoi,Left Winger,23.0,18000000.0,Nottingham Forest,2324
Alex Mighten,Left Winger,22.0,600000.0,Nottingham Forest,2324
Brennan Johnson,Right Winger,23.0,48000000.0,Nottingham Forest,2324
Anthony Elanga,Right Winger,22.0,22000000.0,Nottingham Forest,2324
Josh Bowler,Right Winger,25.0,1500000.0,Nottingham Forest,2324
Taiwo Awoniyi,Centre-Forward,26.0,28000000.0,Nottingham Forest,2324
Chris Wood,Centre-Forward,32.0,7000000.0,Nottingham Forest,2324
Divock Origi,Centre-Forward,29.0,5000000.0,Nottingham Forest,2324
Emmanuel Dennis,Centre-Forward,26.0,4200000.0,Nottingham Forest,2324
Rodrigo Ribeiro,Centre-Forward,19.0,3000000.0,Nottingham Forest,2324
Joe Gardner,Centre-Forward,19.0,150000.0,Nottingham Forest,2324
Esapa Osong,Centre-Forward,19.0,150000.0,Nottingham Forest,2324
Ivo Grbic,Goalkeeper,28.0,3500000.0,Sheffield United,2324
Wes Foderingham,Goalkeeper,33.0,900000.0,Sheffield United,2324
Adam Davies,Goalkeeper,31.0,500000.0,Sheffield United,2324
Jordan Amissah,Goalkeeper,22.0,250000.0,Sheffield United,2324
Anel Ahmedhodzic,Centre-Back,25.0,18000000.0,Sheffield United,2324
Auston Trusty,Centre-Back,25.0,7000000.0,Sheffield United,2324
Mason Holgate,Centre-Back,27.0,5000000.0,Sheffield United,2324
John Egan,Centre-Back,31.0,4000000.0,Sheffield United,2324
Jack Robinson,Centre-Back,30.0,1000000.0,Sheffield United,2324
Chris Basham,Centre-Back,35.0,300000.0,Sheffield United,2324
Evan Easton,Centre-Back,19.0,,Sheffield United,2324
Dovydas Sasnauskas,Centre-Back,17.0,,Sheffield United,2324
Luke Thomas,Left-Back,23.0,6000000.0,Sheffield United,2324
Yasser Larouci,Left-Back,23.0,3000000.0,Sheffield United,2324
Max Lowe,Left-Back,27.0,2500000.0,Sheffield United,2324
Rhys Norrington-Davies,Left-Back,25.0,2500000.0,Sheffield United,2324
Jili Buyabu,Left-Back,20.0,200000.0,Sheffield United,2324
Jayden Bogle,Right-Back,23.0,3800000.0,Sheffield United,2324
George Baldock,Right-Back,31.0,2500000.0,Sheffield United,2324
Femi Seriki,Right-Back,22.0,300000.0,Sheffield United,2324
Sam Curtis,Right-Back,18.0,150000.0,Sheffield United,2324
Vini Souza,Defensive Midfield,25.0,12000000.0,Sheffield United,2324
Gustavo Hamer,Central Midfield,27.0,15000000.0,Sheffield United,2324
Tom Davies,Central Midfield,26.0,5000000.0,Sheffield United,2324
Andre Brooks,Central Midfield,20.0,2500000.0,Sheffield United,2324
Oliver Norwood,Central Midfield,33.0,1000000.0,Sheffield United,2324
Ismaila Coulibaly,Central Midfield,23.0,1000000.0,Sheffield United,2324
Ben Osborn,Central Midfield,29.0,1000000.0,Sheffield United,2324
John Fleck,Central Midfield,32.0,900000.0,Sheffield United,2324
Oliver Arblaster,Central Midfield,20.0,450000.0,Sheffield United,2324
Sydie Peck,Central Midfield,19.0,200000.0,Sheffield United,2324
Billy Blacker,Central Midfield,18.0,100000.0,Sheffield United,2324
Owen Hampson,Central Midfield,19.0,,Sheffield United,2324
James McAtee,Attacking Midfield,21.0,12000000.0,Sheffield United,2324
Anis Ben Slimane,Attacking Midfield,23.0,2500000.0,Sheffield United,2324
Bénie Traoré,Left Winger,21.0,4000000.0,Sheffield United,2324
Louie Marsh,Second Striker,19.0,100000.0,Sheffield United,2324
Cameron Archer,Centre-Forward,22.0,13000000.0,Sheffield United,2324
Ben Brereton Díaz,Centre-Forward,25.0,8000000.0,Sheffield United,2324
Oli McBurnie,Centre-Forward,28.0,4500000.0,Sheffield United,2324
Rhian Brewster,Centre-Forward,24.0,3000000.0,Sheffield United,2324
William Osula,Centre-Forward,20.0,3000000.0,Sheffield United,2324
Daniel Jebbison,Centre-Forward,20.0,1000000.0,Sheffield United,2324
Antwoine Hackford,Centre-Forward,20.0,500000.0,Sheffield United,2324
Ryan Oné,Centre-Forward,18.0,200000.0,Sheffield United,2324
Guglielmo Vicario,Goalkeeper,27.0,35000000.0,Tottenham Hotspur,2324
Hugo Lloris,Goalkeeper,37.0,1200000.0,Tottenham Hotspur,2324
Fraser Forster,Goalkeeper,36.0,1200000.0,Tottenham Hotspur,2324
Brandon Austin,Goalkeeper,25.0,600000.0,Tottenham Hotspur,2324
Alfie Whiteman,Goalkeeper,25.0,500000.0,Tottenham Hotspur,2324
Cristian Romero,Centre-Back,26.0,60000000.0,Tottenham Hotspur,2324
Micky van de Ven,Centre-Back,23.0,55000000.0,Tottenham Hotspur,2324
Radu Drăgușin,Centre-Back,22.0,25000000.0,Tottenham Hotspur,2324
Davinson Sánchez,Centre-Back,28.0,17000000.0,Tottenham Hotspur,2324
Eric Dier,Centre-Back,30.0,12000000.0,Tottenham Hotspur,2324
Ben Davies,Centre-Back,31.0,10000000.0,Tottenham Hotspur,2324
Joe Rodon,Centre-Back,26.0,8000000.0,Tottenham Hotspur,2324
Ashley Phillips,Centre-Back,19.0,2200000.0,Tottenham Hotspur,2324
Japhet Tanganga,Centre-Back,25.0,1800000.0,Tottenham Hotspur,2324
Alfie Dorrington,Centre-Back,19.0,500000.0,Tottenham Hotspur,2324
Destiny Udogie,Left-Back,21.0,45000000.0,Tottenham Hotspur,2324
Sergio Reguilón,Left-Back,27.0,12000000.0,Tottenham Hotspur,2324
Ryan Sessegnon,Left-Back,24.0,10000000.0,Tottenham Hotspur,2324
Pedro Porro,Right-Back,24.0,45000000.0,Tottenham Hotspur,2324
Emerson Royal,Right-Back,25.0,18000000.0,Tottenham Hotspur,2324
Yves Bissouma,Defensive Midfield,27.0,35000000.0,Tottenham Hotspur,2324
Rodrigo Bentancur,Defensive Midfield,27.0,35000000.0,Tottenham Hotspur,2324
Pierre-Emile Højbjerg,Defensive Midfield,28.0,18000000.0,Tottenham Hotspur,2324
Oliver Skipp,Defensive Midfield,23.0,15000000.0,Tottenham Hotspur,2324
Pape Matar Sarr,Central Midfield,21.0,45000000.0,Tottenham Hotspur,2324
Tyrese Hall,Central Midfield,18.0,,Tottenham Hotspur,2324
James Maddison,Attacking Midfield,27.0,70000000.0,Tottenham Hotspur,2324
Dejan Kulusevski,Attacking Midfield,24.0,55000000.0,Tottenham Hotspur,2324
Giovani Lo Celso,Attacking Midfield,28.0,16000000.0,Tottenham Hotspur,2324
Jamie Donley,Attacking Midfield,19.0,1500000.0,Tottenham Hotspur,2324
Heung-min Son,Left Winger,31.0,45000000.0,Tottenham Hotspur,2324
Bryan Gil,Left Winger,23.0,14000000.0,Tottenham Hotspur,2324
Manor Solomon,Left Winger,24.0,13000000.0,Tottenham Hotspur,2324
Ivan Perišić,Left Winger,35.0,2000000.0,Tottenham Hotspur,2324
Yago Santiago,Left Winger,21.0,200000.0,Tottenham Hotspur,2324
Mikey Moore,Left Winger,16.0,,Tottenham Hotspur,2324
Brennan Johnson,Right Winger,23.0,48000000.0,Tottenham Hotspur,2324
Richarlison,Centre-Forward,27.0,38000000.0,Tottenham Hotspur,2324
Timo Werner,Centre-Forward,28.0,17000000.0,Tottenham Hotspur,2324
Alejo Veliz,Centre-Forward,20.0,9000000.0,Tottenham Hotspur,2324
Dane Scarlett,Centre-Forward,20.0,1800000.0,Tottenham Hotspur,2324
Alphonse Areola,Goalkeeper,31.0,10000000.0,West Ham United,2324
Lukasz Fabianski,Goalkeeper,39.0,700000.0,West Ham United,2324
Joseph Anang,Goalkeeper,24.0,300000.0,West Ham United,2324
Jacob Knightbridge,Goalkeeper,20.0,,West Ham United,2324
Nayef Aguerd,Centre-Back,28.0,35000000.0,West Ham United,2324
Kurt Zouma,Centre-Back,29.0,25000000.0,West Ham United,2324
Konstantinos Mavropanos,Centre-Back,26.0,20000000.0,West Ham United,2324
Thilo Kehrer,Centre-Back,27.0,10000000.0,West Ham United,2324
Kaelan Casey,Centre-Back,19.0,1000000.0,West Ham United,2324
Angelo Ogbonna,Centre-Back,36.0,700000.0,West Ham United,2324
Levi Laing,Centre-Back,21.0,150000.0,West Ham United,2324
Emerson,Left-Back,29.0,12000000.0,West Ham United,2324
Aaron Cresswell,Left-Back,34.0,900000.0,West Ham United,2324
Oliver Scarles,Left-Back,18.0,400000.0,West Ham United,2324
Ben Johnson,Right-Back,24.0,8000000.0,West Ham United,2324
Vladimír Coufal,Right-Back,31.0,8000000.0,West Ham United,2324
Edson Álvarez,Defensive Midfield,26.0,35000000.0,West Ham United,2324
Tomáš Souček,Defensive Midfield,29.0,30000000.0,West Ham United,2324
Kalvin Phillips,Defensive Midfield,28.0,25000000.0,West Ham United,2324
Flynn Downes,Defensive Midfield,25.0,9000000.0,West Ham United,2324
Conor Coventry,Defensive Midfield,24.0,1500000.0,West Ham United,2324
James Ward-Prowse,Central Midfield,29.0,30000000.0,West Ham United,2324
Pablo Fornals,Central Midfield,28.0,14000000.0,West Ham United,2324
Lewis Orford,Central Midfield,18.0,400000.0,West Ham United,2324
Dan Chesters,Right Midfield,22.0,200000.0,West Ham United,2324
Lucas Paquetá,Attacking Midfield,26.0,65000000.0,West Ham United,2324
George Earthy,Attacking Midfield,19.0,1000000.0,West Ham United,2324
Kamarai Swyer,Attacking Midfield,21.0,250000.0,West Ham United,2324
Saïd Benrahma,Left Winger,28.0,20000000.0,West Ham United,2324
Maxwel Cornet,Left Winger,27.0,9000000.0,West Ham United,2324
Mohammed Kudus,Right Winger,23.0,50000000.0,West Ham United,2324
Jarrod Bowen,Right Winger,27.0,50000000.0,West Ham United,2324
Danny Ings,Centre-Forward,31.0,8000000.0,West Ham United,2324
Michail Antonio,Centre-Forward,34.0,4000000.0,West Ham United,2324
Callum Marshall,Centre-Forward,19.0,2000000.0,West Ham United,2324
Divin Mubama,Centre-Forward,19.0,1000000.0,West Ham United,2324
José Sá,Goalkeeper,31.0,14000000.0,Wolverhampton Wanderers,2324
Daniel Bentley,Goalkeeper,30.0,2000000.0,Wolverhampton Wanderers,2324
Tom King,Goalkeeper,29.0,200000.0,Wolverhampton Wanderers,2324
Louie Moulden,Goalkeeper,22.0,175000.0,Wolverhampton Wanderers,2324
Maximilian Kilman,Centre-Back,27.0,32000000.0,Wolverhampton Wanderers,2324
Toti,Centre-Back,25.0,20000000.0,Wolverhampton Wanderers,2324
Santiago Bueno,Centre-Back,25.0,8000000.0,Wolverhampton Wanderers,2324
Yerson Mosquera,Centre-Back,23.0,6000000.0,Wolverhampton Wanderers,2324
Craig Dawson,Centre-Back,34.0,2000000.0,Wolverhampton Wanderers,2324
Justin Hubner,Centre-Back,20.0,350000.0,Wolverhampton Wanderers,2324
Alfie Pond,Centre-Back,20.0,250000.0,Wolverhampton Wanderers,2324
Temple Ojinnaka,Centre-Back,19.0,,Wolverhampton Wanderers,2324
Rayan Aït-Nouri,Left-Back,23.0,35000000.0,Wolverhampton Wanderers,2324
Hugo Bueno,Left-Back,21.0,6000000.0,Wolverhampton Wanderers,2324
Aaron Keto-Diyawa,Left-Back,20.0,,Wolverhampton Wanderers,2324
Matheus Nunes,Right-Back,25.0,50000000.0,Wolverhampton Wanderers,2324
Nélson Semedo,Right-Back,30.0,12000000.0,Wolverhampton Wanderers,2324
Jonny Otto,Right-Back,30.0,5000000.0,Wolverhampton Wanderers,2324
Ki-Jana Hoever,Right-Back,22.0,4500000.0,Wolverhampton Wanderers,2324
Matt Doherty,Right-Back,32.0,3000000.0,Wolverhampton Wanderers,2324
Wesley Okoduwa,Right-Back,16.0,,Wolverhampton Wanderers,2324
Mario Lemina,Defensive Midfield,30.0,10000000.0,Wolverhampton Wanderers,2324
Boubacar Traoré,Defensive Midfield,22.0,6000000.0,Wolverhampton Wanderers,2324
Joe Hodge,Defensive Midfield,21.0,1500000.0,Wolverhampton Wanderers,2324
Bruno Jordão,Defensive Midfield,25.0,700000.0,Wolverhampton Wanderers,2324
Harvey Griffiths,Defensive Midfield,20.0,150000.0,Wolverhampton Wanderers,2324
João Gomes,Central Midfield,23.0,35000000.0,Wolverhampton Wanderers,2324
Jean-Ricner Bellegarde,Central Midfield,26.0,15000000.0,Wolverhampton Wanderers,2324
Tommy Doyle,Central Midfield,22.0,10000000.0,Wolverhampton Wanderers,2324
Luke Cundle,Central Midfield,22.0,5000000.0,Wolverhampton Wanderers,2324
Matthew Whittingham,Central Midfield,19.0,,Wolverhampton Wanderers,2324
Pablo Sarabia,Attacking Midfield,32.0,10000000.0,Wolverhampton Wanderers,2324
Tawanda Chirewa,Attacking Midfield,20.0,500000.0,Wolverhampton Wanderers,2324
Noha Lemina,Attacking Midfield,19.0,500000.0,Wolverhampton Wanderers,2324
Ty Barnett,Attacking Midfield,18.0,,Wolverhampton Wanderers,2324
Owen Hesketh,Attacking Midfield,21.0,,Wolverhampton Wanderers,2324
Enso González,Left Winger,19.0,4000000.0,Wolverhampton Wanderers,2324
Chem Campbell,Left Winger,21.0,900000.0,Wolverhampton Wanderers,2324
Emilio Ballard-Matthews,Left Winger,15.0,,Wolverhampton Wanderers,2324
Pedro Neto,Right Winger,24.0,55000000.0,Wolverhampton Wanderers,2324
Matheus Cunha,Centre-Forward,25.0,45000000.0,Wolverhampton Wanderers,2324
Hee-chan Hwang,Centre-Forward,28.0,25000000.0,Wolverhampton Wanderers,2324
Fábio Silva,Centre-Forward,21.0,11000000.0,Wolverhampton Wanderers,2324
Sasa Kalajdzic,Centre-Forward,26.0,5000000.0,Wolverhampton Wanderers,2324
Nathan Fraser,Centre-Forward,19.0,1000000.0,Wolverhampton Wanderers,2324
Leon Chiwome,Centre-Forward,18.0,1000000.0,Wolverhampton Wanderers,2324
Fletcher Holman,Centre-Forward,19.0,,Wolverhampton Wanderers,2324
Kepa Arrizabalaga,Goalkeeper,30.0,10000000.0,Afc Bournemouth,2425
Mark Travers,Goalkeeper,26.0,4000000.0,Afc Bournemouth,2425
Neto,Goalkeeper,35.0,1500000.0,Afc Bournemouth,2425
Callan McKenna,Goalkeeper,18.0,600000.0,Afc Bournemouth,2425
Will Dennis,Goalkeeper,24.0,350000.0,Afc Bournemouth,2425
Dean Huijsen,Centre-Back,20.0,60000000.0,Afc Bournemouth,2425
Ilya Zabarnyi,Centre-Back,22.0,42000000.0,Afc Bournemouth,2425
Marcos Senesi,Centre-Back,28.0,22000000.0,Afc Bournemouth,2425
Chris Mepham,Centre-Back,27.0,6000000.0,Afc Bournemouth,2425
James Hill,Centre-Back,23.0,3000000.0,Afc Bournemouth,2425
Matai Akinmboni,Centre-Back,18.0,1000000.0,Afc Bournemouth,2425
Max Kinsey,Centre-Back,20.0,,Afc Bournemouth,2425
Milos Kerkez,Left-Back,21.0,45000000.0,Afc Bournemouth,2425
Julio Soler,Left-Back,20.0,8000000.0,Afc Bournemouth,2425
Archie Harris,Left-Back,20.0,100000.0,Afc Bournemouth,2425
Julián Araujo,Right-Back,23.0,10000000.0,Afc Bournemouth,2425
Max Aarons,Right-Back,25.0,6000000.0,Afc Bournemouth,2425
Adam Smith,Right-Back,34.0,750000.0,Afc Bournemouth,2425
Tyler Adams,Defensive Midfield,26.0,18000000.0,Afc Bournemouth,2425
Ben Winterburn,Defensive Midfield,20.0,500000.0,Afc Bournemouth,2425
Alex Scott,Central Midfield,21.0,20000000.0,Afc Bournemouth,2425
Lewis Cook,Central Midfield,28.0,15000000.0,Afc Bournemouth,2425
Philip Billing,Central Midfield,29.0,10000000.0,Afc Bournemouth,2425
Ryan Christie,Central Midfield,30.0,10000000.0,Afc Bournemouth,2425
Zain Silcott-Duberry,Left Midfield,19.0,200000.0,Afc Bournemouth,2425
Justin Kluivert,Attacking Midfield,26.0,35000000.0,Afc Bournemouth,2425
Marcus Tavernier,Attacking Midfield,26.0,18000000.0,Afc Bournemouth,2425
Hamed Traoré,Left Winger,25.0,20000000.0,Afc Bournemouth,2425
Luis Sinisterra,Left Winger,26.0,15000000.0,Afc Bournemouth,2425
Jaidon Anthony,Left Winger,25.0,9000000.0,Afc Bournemouth,2425
Antoine Semenyo,Right Winger,25.0,40000000.0,Afc Bournemouth,2425
Dango Ouattara,Right Winger,23.0,28000000.0,Afc Bournemouth,2425
David Brooks,Right Winger,27.0,10000000.0,Afc Bournemouth,2425
Dominic Sadi,Right Winger,21.0,150000.0,Afc Bournemouth,2425
Evanilson,Centre-Forward,25.0,35000000.0,Afc Bournemouth,2425
Enes Ünal,Centre-Forward,28.0,10000000.0,Afc Bournemouth,2425
Daniel Jebbison,Centre-Forward,21.0,4000000.0,Afc Bournemouth,2425
Remy Rees-Dottin,Centre-Forward,19.0,300000.0,Afc Bournemouth,2425
Daniel Adu-Adjei,Centre-Forward,20.0,150000.0,Afc Bournemouth,2425
David Raya,Goalkeeper,29.0,40000000.0,Arsenal Fc,2425
Aaron Ramsdale,Goalkeeper,27.0,16000000.0,Arsenal Fc,2425
Neto,Goalkeeper,35.0,1500000.0,Arsenal Fc,2425
Jack Porter,Goalkeeper,16.0,400000.0,Arsenal Fc,2425
Alexéi Rojas,Goalkeeper,19.0,250000.0,Arsenal Fc,2425
Tommy Setford,Goalkeeper,19.0,,Arsenal Fc,2425
William Saliba,Centre-Back,24.0,80000000.0,Arsenal Fc,2425
Gabriel,Centre-Back,27.0,75000000.0,Arsenal Fc,2425
Jakub Kiwior,Centre-Back,25.0,28000000.0,Arsenal Fc,2425
Takehiro Tomiyasu,Centre-Back,26.0,18000000.0,Arsenal Fc,2425
Ayden Heaven,Centre-Back,18.0,5000000.0,Arsenal Fc,2425
Zane Monlouis,Centre-Back,21.0,400000.0,Arsenal Fc,2425
Maldini Kacurri,Centre-Back,19.0,300000.0,Arsenal Fc,2425
Brayden Clarke,Centre-Back,17.0,,Arsenal Fc,2425
Myles Lewis-Skelly,Left-Back,18.0,45000000.0,Arsenal Fc,2425
Riccardo Calafiori,Left-Back,23.0,35000000.0,Arsenal Fc,2425
Oleksandr Zinchenko,Left-Back,28.0,20000000.0,Arsenal Fc,2425
Kieran Tierney,Left-Back,28.0,9000000.0,Arsenal Fc,2425
Jurriën Timber,Right-Back,24.0,55000000.0,Arsenal Fc,2425
Ben White,Right-Back,27.0,45000000.0,Arsenal Fc,2425
Josh Robinson,Right-Back,20.0,,Arsenal Fc,2425
Josh Nichols,Right-Back,18.0,,Arsenal Fc,2425
Thomas Partey,Defensive Midfield,32.0,14000000.0,Arsenal Fc,2425
Jorginho,Defensive Midfield,33.0,6000000.0,Arsenal Fc,2425
Jack Henry-Francis,Defensive Midfield,21.0,200000.0,Arsenal Fc,2425
Declan Rice,Central Midfield,26.0,120000000.0,Arsenal Fc,2425
Mikel Merino,Central Midfield,29.0,35000000.0,Arsenal Fc,2425
Salah Oulad,Central Midfield,21.0,400000.0,Arsenal Fc,2425
Jimi Gower,Central Midfield,20.0,,Arsenal Fc,2425
Michał Rosiak,Right Midfield,19.0,,Arsenal Fc,2425
Martin Ødegaard,Attacking Midfield,26.0,85000000.0,Arsenal Fc,2425
Ethan Nwaneri,Attacking Midfield,18.0,55000000.0,Arsenal Fc,2425
Gabriel Martinelli,Left Winger,24.0,55000000.0,Arsenal Fc,2425
Leandro Trossard,Left Winger,30.0,22000000.0,Arsenal Fc,2425
Reiss Nelson,Left Winger,25.0,16000000.0,Arsenal Fc,2425
Bukayo Saka,Right Winger,23.0,150000000.0,Arsenal Fc,2425
Raheem Sterling,Right Winger,30.0,10000000.0,Arsenal Fc,2425
Ismeal Kabia,Right Winger,19.0,,Arsenal Fc,2425
Kai Havertz,Centre-Forward,26.0,65000000.0,Arsenal Fc,2425
Gabriel Jesus,Centre-Forward,28.0,32000000.0,Arsenal Fc,2425
Eddie Nketiah,Centre-Forward,26.0,18000000.0,Arsenal Fc,2425
Nathan Butler-Oyedeji,Centre-Forward,22.0,1000000.0,Arsenal Fc,2425
Emiliano Martínez,Goalkeeper,32.0,20000000.0,Aston Villa,2425
Joe Gauci,Goalkeeper,24.0,1500000.0,Aston Villa,2425
Robin Olsen,Goalkeeper,35.0,1000000.0,Aston Villa,2425
Oliwier Zych,Goalkeeper,21.0,800000.0,Aston Villa,2425
Sam Proctor,Goalkeeper,18.0,,Aston Villa,2425
Ezri Konsa,Centre-Back,27.0,35000000.0,Aston Villa,2425
Pau Torres,Centre-Back,28.0,32000000.0,Aston Villa,2425
Axel Disasi,Centre-Back,27.0,22000000.0,Aston Villa,2425
Diego Carlos,Centre-Back,32.0,9500000.0,Aston Villa,2425
Tyrone Mings,Centre-Back,32.0,5000000.0,Aston Villa,2425
Kortney Hause,Centre-Back,29.0,1000000.0,Aston Villa,2425
Sil Swinkels,Centre-Back,21.0,150000.0,Aston Villa,2425
Ian Maatsen,Left-Back,23.0,28000000.0,Aston Villa,2425
Lucas Digne,Left-Back,31.0,10000000.0,Aston Villa,2425
Travis Patterson,Left-Back,19.0,,Aston Villa,2425
Matty Cash,Right-Back,27.0,25000000.0,Aston Villa,2425
Kosta Nedeljkovic,Right-Back,19.0,10000000.0,Aston Villa,2425
Andrés García,Right-Back,22.0,7000000.0,Aston Villa,2425
Triston Rowe,Right-Back,18.0,,Aston Villa,2425
Amadou Onana,Defensive Midfield,23.0,50000000.0,Aston Villa,2425
Boubacar Kamara,Defensive Midfield,25.0,40000000.0,Aston Villa,2425
Lamare Bogarde,Defensive Midfield,21.0,6000000.0,Aston Villa,2425
Youri Tielemans,Central Midfield,28.0,38000000.0,Aston Villa,2425
Jacob Ramsey,Central Midfield,24.0,32000000.0,Aston Villa,2425
John McGinn,Central Midfield,30.0,16000000.0,Aston Villa,2425
Ross Barkley,Central Midfield,31.0,6000000.0,Aston Villa,2425
Aidan Borland,Central Midfield,18.0,,Aston Villa,2425
Morgan Rogers,Attacking Midfield,22.0,55000000.0,Aston Villa,2425
Marco Asensio,Attacking Midfield,29.0,20000000.0,Aston Villa,2425
Jamaldeen Jimoh-Aloba,Attacking Midfield,18.0,300000.0,Aston Villa,2425
Marcus Rashford,Left Winger,27.0,50000000.0,Aston Villa,2425
Jaden Philogene,Left Winger,23.0,16000000.0,Aston Villa,2425
Emiliano Buendía,Left Winger,28.0,15000000.0,Aston Villa,2425
Kadan Young,Left Winger,19.0,300000.0,Aston Villa,2425
Ben Broggio,Left Winger,18.0,,Aston Villa,2425
Leon Bailey,Right Winger,27.0,28000000.0,Aston Villa,2425
Bradley Burrowes,Right Winger,17.0,,Aston Villa,2425
Ollie Watkins,Centre-Forward,29.0,40000000.0,Aston Villa,2425
Jhon Durán,Centre-Forward,21.0,35000000.0,Aston Villa,2425
Donyell Malen,Centre-Forward,26.0,25000000.0,Aston Villa,2425
Kobei Moore,Centre-Forward,20.0,,Aston Villa,2425
Mark Flekken,Goalkeeper,32.0,10000000.0,Brentford Fc,2425
Hákon Valdimarsson,Goalkeeper,23.0,2500000.0,Brentford Fc,2425
Matthew Cox,Goalkeeper,22.0,800000.0,Brentford Fc,2425
Ben Winterbottom,Goalkeeper,23.0,,Brentford Fc,2425
Julian Eyestone,Goalkeeper,19.0,,Brentford Fc,2425
Nathan Collins,Centre-Back,24.0,28000000.0,Brentford Fc,2425
Sepp van den Berg,Centre-Back,23.0,22000000.0,Brentford Fc,2425
Kristoffer Ajer,Centre-Back,27.0,18000000.0,Brentford Fc,2425
Ethan Pinnock,Centre-Back,32.0,7000000.0,Brentford Fc,2425
Ben Mee,Centre-Back,35.0,700000.0,Brentford Fc,2425
Ji-soo Kim,Centre-Back,20.0,600000.0,Brentford Fc,2425
Benjamin Fredrick,Centre-Back,20.0,150000.0,Brentford Fc,2425
Benjamin Arthur,Centre-Back,19.0,,Brentford Fc,2425
Rico Henry,Left-Back,27.0,15000000.0,Brentford Fc,2425
Jayden Meghoma,Left-Back,19.0,500000.0,Brentford Fc,2425
Michael Kayode,Right-Back,20.0,18000000.0,Brentford Fc,2425
Aaron Hickey,Right-Back,23.0,10000000.0,Brentford Fc,2425
Mads Roerslev,Right-Back,26.0,6000000.0,Brentford Fc,2425
Vitaly Janelt,Defensive Midfield,27.0,20000000.0,Brentford Fc,2425
Christian Nørgaard,Defensive Midfield,31.0,11000000.0,Brentford Fc,2425
Yunus Konak,Defensive Midfield,19.0,4500000.0,Brentford Fc,2425
Yegor Yarmolyuk,Central Midfield,21.0,15000000.0,Brentford Fc,2425
Mathias Jensen,Central Midfield,29.0,14000000.0,Brentford Fc,2425
Frank Onyeka,Central Midfield,27.0,7000000.0,Brentford Fc,2425
Josh Dasilva,Central Midfield,26.0,5000000.0,Brentford Fc,2425
Paris Maghoma,Central Midfield,24.0,800000.0,Brentford Fc,2425
Ryan Trevitt,Central Midfield,22.0,275000.0,Brentford Fc,2425
Keane Lewis-Potter,Left Midfield,24.0,23000000.0,Brentford Fc,2425
Mikkel Damsgaard,Attacking Midfield,24.0,28000000.0,Brentford Fc,2425
Fábio Carvalho,Attacking Midfield,22.0,14000000.0,Brentford Fc,2425
Myles Peart-Harris,Attacking Midfield,22.0,900000.0,Brentford Fc,2425
Kevin Schade,Left Winger,23.0,30000000.0,Brentford Fc,2425
Gustavo Nunes,Left Winger,19.0,10000000.0,Brentford Fc,2425
Tony Yogane,Left Winger,19.0,125000.0,Brentford Fc,2425
Bryan Mbeumo,Right Winger,25.0,55000000.0,Brentford Fc,2425
Yoane Wissa,Centre-Forward,28.0,32000000.0,Brentford Fc,2425
Igor Thiago,Centre-Forward,24.0,18000000.0,Brentford Fc,2425
Iwan Morgan,Centre-Forward,19.0,,Brentford Fc,2425
Bart Verbruggen,Goalkeeper,22.0,30000000.0,Brighton And Hove Albion,2425
Carl Rushworth,Goalkeeper,23.0,3000000.0,Brighton And Hove Albion,2425
Jason Steele,Goalkeeper,34.0,1500000.0,Brighton And Hove Albion,2425
Tom McGill,Goalkeeper,25.0,600000.0,Brighton And Hove Albion,2425
Killian Cahill,Goalkeeper,21.0,150000.0,Brighton And Hove Albion,2425
Jan Paul van Hecke,Centre-Back,25.0,32000000.0,Brighton And Hove Albion,2425
Igor Julio,Centre-Back,27.0,20000000.0,Brighton And Hove Albion,2425
Adam Webster,Centre-Back,30.0,11000000.0,Brighton And Hove Albion,2425
Eiran Cashin,Centre-Back,23.0,8000000.0,Brighton And Hove Albion,2425
Lewis Dunk,Centre-Back,33.0,6000000.0,Brighton And Hove Albion,2425
Ruairi McConville,Centre-Back,20.0,1800000.0,Brighton And Hove Albion,2425
Odeluga Offiah,Centre-Back,22.0,600000.0,Brighton And Hove Albion,2425
Ed Turns,Centre-Back,22.0,350000.0,Brighton And Hove Albion,2425
Freddie Simmonds,Centre-Back,17.0,,Brighton And Hove Albion,2425
Pervis Estupiñán,Left-Back,27.0,30000000.0,Brighton And Hove Albion,2425
Ferdi Kadıoğlu,Left-Back,25.0,25000000.0,Brighton And Hove Albion,2425
Jacob Slater,Left-Back,20.0,200000.0,Brighton And Hove Albion,2425
Imari Samuels,Left-Back,22.0,100000.0,Brighton And Hove Albion,2425
Mats Wieffer,Right-Back,25.0,25000000.0,Brighton And Hove Albion,2425
Tariq Lamptey,Right-Back,24.0,11000000.0,Brighton And Hove Albion,2425
Joël Veltman,Right-Back,33.0,4000000.0,Brighton And Hove Albion,2425
Charlie Tasker,Right-Back,19.0,200000.0,Brighton And Hove Albion,2425
Carlos Baleba,Defensive Midfield,21.0,40000000.0,Brighton And Hove Albion,2425
Jack Hinshelwood,Defensive Midfield,20.0,24000000.0,Brighton And Hove Albion,2425
Billy Gilmour,Defensive Midfield,24.0,20000000.0,Brighton And Hove Albion,2425
Yasin Ayari,Central Midfield,21.0,22000000.0,Brighton And Hove Albion,2425
Matt O'Riley,Central Midfield,24.0,22000000.0,Brighton And Hove Albion,2425
Malick Yalcouyé,Central Midfield,19.0,17000000.0,Brighton And Hove Albion,2425
Diego Gómez,Central Midfield,22.0,14000000.0,Brighton And Hove Albion,2425
Jakub Moder,Central Midfield,26.0,12000000.0,Brighton And Hove Albion,2425
Valentín Barco,Central Midfield,20.0,12000000.0,Brighton And Hove Albion,2425
James Milner,Central Midfield,39.0,1000000.0,Brighton And Hove Albion,2425
Jensen Weir,Central Midfield,23.0,350000.0,Brighton And Hove Albion,2425
Joe Knight,Central Midfield,19.0,,Brighton And Hove Albion,2425
Brajan Gruda,Attacking Midfield,21.0,25000000.0,Brighton And Hove Albion,2425
Julio Enciso,Attacking Midfield,21.0,22000000.0,Brighton And Hove Albion,2425
Harry Howell,Attacking Midfield,17.0,,Brighton And Hove Albion,2425
Kaoru Mitoma,Left Winger,28.0,40000000.0,Brighton And Hove Albion,2425
Simon Adingra,Left Winger,23.0,28000000.0,Brighton And Hove Albion,2425
Jeremy Sarmiento,Left Winger,23.0,7000000.0,Brighton And Hove Albion,2425
Cameron Peupion,Left Winger,22.0,225000.0,Brighton And Hove Albion,2425
Yankuba Minteh,Right Winger,20.0,30000000.0,Brighton And Hove Albion,2425
Solly March,Right Winger,30.0,6000000.0,Brighton And Hove Albion,2425
Amario Cozier-Duberry,Right Winger,20.0,2000000.0,Brighton And Hove Albion,2425
João Pedro,Centre-Forward,23.0,50000000.0,Brighton And Hove Albion,2425
Georginio Rutter,Centre-Forward,23.0,32000000.0,Brighton And Hove Albion,2425
Evan Ferguson,Centre-Forward,20.0,25000000.0,Brighton And Hove Albion,2425
Danny Welbeck,Centre-Forward,34.0,5000000.0,Brighton And Hove Albion,2425
Mark O'Mahony,Centre-Forward,20.0,500000.0,Brighton And Hove Albion,2425
Robert Sánchez,Goalkeeper,27.0,20000000.0,Chelsea Fc,2425
Filip Jørgensen,Goalkeeper,23.0,18000000.0,Chelsea Fc,2425
Mike Penders,Goalkeeper,19.0,12000000.0,Chelsea Fc,2425
Gabriel Slonina,Goalkeeper,21.0,3500000.0,Chelsea Fc,2425
Lucas Bergström,Goalkeeper,22.0,700000.0,Chelsea Fc,2425
Marcus Bettinelli,Goalkeeper,33.0,600000.0,Chelsea Fc,2425
Max Merrick,Goalkeeper,19.0,,Chelsea Fc,2425
Ted Curd,Goalkeeper,19.0,,Chelsea Fc,2425
Levi Colwill,Centre-Back,22.0,55000000.0,Chelsea Fc,2425
Renato Veiga,Centre-Back,21.0,25000000.0,Chelsea Fc,2425
Trevoh Chalobah,Centre-Back,25.0,25000000.0,Chelsea Fc,2425
Wesley Fofana,Centre-Back,24.0,25000000.0,Chelsea Fc,2425
Axel Disasi,Centre-Back,27.0,22000000.0,Chelsea Fc,2425
Benoît Badiashile,Centre-Back,24.0,22000000.0,Chelsea Fc,2425
Tosin Adarabioyo,Centre-Back,27.0,20000000.0,Chelsea Fc,2425
Mamadou Sarr,Centre-Back,19.0,20000000.0,Chelsea Fc,2425
Aarón Anselmino,Centre-Back,20.0,8000000.0,Chelsea Fc,2425
Harrison Murray-Campbell,Centre-Back,18.0,500000.0,Chelsea Fc,2425
Kaiden Wilson,Centre-Back,19.0,,Chelsea Fc,2425
Marc Cucurella,Left-Back,26.0,35000000.0,Chelsea Fc,2425
Ben Chilwell,Left-Back,28.0,15000000.0,Chelsea Fc,2425
Ishé Samuels-Smith,Left-Back,19.0,700000.0,Chelsea Fc,2425
Landon Emenalo,Left-Back,17.0,,Chelsea Fc,2425
Malo Gusto,Right-Back,22.0,35000000.0,Chelsea Fc,2425
Reece James,Right-Back,25.0,30000000.0,Chelsea Fc,2425
Josh Acheampong,Right-Back,19.0,8000000.0,Chelsea Fc,2425
Genesis Antwi,Right-Back,18.0,350000.0,Chelsea Fc,2425
Richard Olise,Right-Back,20.0,,Chelsea Fc,2425
Moisés Caicedo,Defensive Midfield,23.0,90000000.0,Chelsea Fc,2425
Roméo Lavia,Defensive Midfield,21.0,40000000.0,Chelsea Fc,2425
Dário Essugo,Defensive Midfield,20.0,20000000.0,Chelsea Fc,2425
Sam Rak-Sakyi,Defensive Midfield,20.0,800000.0,Chelsea Fc,2425
Enzo Fernández,Central Midfield,24.0,75000000.0,Chelsea Fc,2425
Andrey Santos,Central Midfield,21.0,35000000.0,Chelsea Fc,2425
Kiernan Dewsbury-Hall,Central Midfield,26.0,20000000.0,Chelsea Fc,2425
Carney Chukwuemeka,Central Midfield,21.0,18000000.0,Chelsea Fc,2425
Cesare Casadei,Central Midfield,22.0,15000000.0,Chelsea Fc,2425
Mathis Amougou,Central Midfield,19.0,10000000.0,Chelsea Fc,2425
Kiano Dyer,Central Midfield,18.0,,Chelsea Fc,2425
Harvey Vale,Right Midfield,21.0,1500000.0,Chelsea Fc,2425
Cole Palmer,Attacking Midfield,23.0,120000000.0,Chelsea Fc,2425
Omari Kellyman,Attacking Midfield,19.0,1500000.0,Chelsea Fc,2425
Reggie Walsh,Attacking Midfield,16.0,,Chelsea Fc,2425
Jadon Sancho,Left Winger,25.0,28000000.0,Chelsea Fc,2425
Tyrique George,Left Winger,19.0,10000000.0,Chelsea Fc,2425
Mykhaylo Mudryk,Left Winger,24.0,,Chelsea Fc,2425
Pedro Neto,Right Winger,25.0,50000000.0,Chelsea Fc,2425
Noni Madueke,Right Winger,23.0,40000000.0,Chelsea Fc,2425
Ato Ampah,Right Winger,19.0,,Chelsea Fc,2425
João Félix,Second Striker,25.0,20000000.0,Chelsea Fc,2425
João Pedro,Centre-Forward,23.0,50000000.0,Chelsea Fc,2425
Nicolas Jackson,Centre-Forward,24.0,50000000.0,Chelsea Fc,2425
Liam Delap,Centre-Forward,22.0,40000000.0,Chelsea Fc,2425
Christopher Nkunku,Centre-Forward,27.0,35000000.0,Chelsea Fc,2425
Deivid Washington,Centre-Forward,20.0,8000000.0,Chelsea Fc,2425
Marc Guiu,Centre-Forward,19.0,8000000.0,Chelsea Fc,2425
David Datro Fofana,Centre-Forward,22.0,6000000.0,Chelsea Fc,2425
Shumaira Mheuka,Centre-Forward,17.0,800000.0,Chelsea Fc,2425
Dean Henderson,Goalkeeper,28.0,20000000.0,Crystal Palace,2425
Sam Johnstone,Goalkeeper,32.0,6000000.0,Crystal Palace,2425
Matt Turner,Goalkeeper,31.0,2500000.0,Crystal Palace,2425
Joe Whitworth,Goalkeeper,21.0,1700000.0,Crystal Palace,2425
Remi Matthews,Goalkeeper,31.0,400000.0,Crystal Palace,2425
Marc Guéhi,Centre-Back,24.0,45000000.0,Crystal Palace,2425
Joachim Andersen,Centre-Back,29.0,27000000.0,Crystal Palace,2425
Trevoh Chalobah,Centre-Back,25.0,25000000.0,Crystal Palace,2425
Maxence Lacroix,Centre-Back,25.0,25000000.0,Crystal Palace,2425
Chadi Riad,Centre-Back,22.0,15000000.0,Crystal Palace,2425
Chris Richards,Centre-Back,25.0,14000000.0,Crystal Palace,2425
Rob Holding,Centre-Back,29.0,3500000.0,Crystal Palace,2425
Tyrick Mitchell,Left-Back,25.0,25000000.0,Crystal Palace,2425
Ben Chilwell,Left-Back,28.0,15000000.0,Crystal Palace,2425
Daniel Muñoz,Right-Back,29.0,25000000.0,Crystal Palace,2425
Nathaniel Clyne,Right-Back,34.0,1000000.0,Crystal Palace,2425
Caleb Kporha,Right-Back,18.0,1000000.0,Crystal Palace,2425
Joel Ward,Right-Back,35.0,500000.0,Crystal Palace,2425
Adam Wharton,Defensive Midfield,21.0,45000000.0,Crystal Palace,2425
Cheick Doucouré,Defensive Midfield,25.0,25000000.0,Crystal Palace,2425
Jefferson Lerma,Defensive Midfield,30.0,10000000.0,Crystal Palace,2425
David Ozoh,Defensive Midfield,20.0,700000.0,Crystal Palace,2425
Kaden Rodney,Defensive Midfield,20.0,200000.0,Crystal Palace,2425
Will Hughes,Central Midfield,30.0,7000000.0,Crystal Palace,2425
Naouirou Ahamada,Central Midfield,23.0,3500000.0,Crystal Palace,2425
Jeffrey Schlupp,Left Midfield,32.0,3000000.0,Crystal Palace,2425
Eberechi Eze,Attacking Midfield,27.0,55000000.0,Crystal Palace,2425
Daichi Kamada,Attacking Midfield,28.0,12000000.0,Crystal Palace,2425
Matheus França,Attacking Midfield,21.0,10000000.0,Crystal Palace,2425
Justin Devenny,Attacking Midfield,21.0,6000000.0,Crystal Palace,2425
Asher Agbinone,Left Winger,19.0,75000.0,Crystal Palace,2425
Ismaïla Sarr,Right Winger,27.0,25000000.0,Crystal Palace,2425
Romain Esse,Right Winger,20.0,12000000.0,Crystal Palace,2425
Malcolm Ebiowei,Right Winger,21.0,1200000.0,Crystal Palace,2425
Franco Umeh,Right Winger,20.0,75000.0,Crystal Palace,2425
Jean-Philippe Mateta,Centre-Forward,28.0,30000000.0,Crystal Palace,2425
Eddie Nketiah,Centre-Forward,26.0,18000000.0,Crystal Palace,2425
Odsonne Édouard,Centre-Forward,27.0,8000000.0,Crystal Palace,2425
Jordan Ayew,Centre-Forward,33.0,2500000.0,Crystal Palace,2425
Zach Marsh,Centre-Forward,19.0,,Crystal Palace,2425
Jordan Pickford,Goalkeeper,31.0,18000000.0,Everton Fc,2425
João Virgínia,Goalkeeper,25.0,800000.0,Everton Fc,2425
Asmir Begovic,Goalkeeper,38.0,250000.0,Everton Fc,2425
Zan-Luk Leban,Goalkeeper,22.0,150000.0,Everton Fc,2425
Jarrad Branthwaite,Centre-Back,23.0,50000000.0,Everton Fc,2425
James Tarkowski,Centre-Back,32.0,9000000.0,Everton Fc,2425
Michael Keane,Centre-Back,32.0,5000000.0,Everton Fc,2425
Mason Holgate,Centre-Back,28.0,4000000.0,Everton Fc,2425
Reece Welch,Centre-Back,21.0,350000.0,Everton Fc,2425
Bradley Moonan,Centre-Back,19.0,,Everton Fc,2425
Vitaliy Mykolenko,Left-Back,26.0,28000000.0,Everton Fc,2425
Jake O'Brien,Right-Back,24.0,18000000.0,Everton Fc,2425
Nathan Patterson,Right-Back,23.0,15000000.0,Everton Fc,2425
Ashley Young,Right-Back,39.0,500000.0,Everton Fc,2425
Séamus Coleman,Right-Back,36.0,500000.0,Everton Fc,2425
Roman Dixon,Right-Back,20.0,200000.0,Everton Fc,2425
Orel Mangala,Defensive Midfield,27.0,18000000.0,Everton Fc,2425
James Garner,Defensive Midfield,24.0,18000000.0,Everton Fc,2425
Idrissa Gueye,Defensive Midfield,35.0,1500000.0,Everton Fc,2425
Luke Butterfield,Defensive Midfield,21.0,,Everton Fc,2425
Carlos Alcaraz,Central Midfield,22.0,14000000.0,Everton Fc,2425
Tim Iroegbunam,Central Midfield,22.0,9000000.0,Everton Fc,2425
Harrison Armstrong,Central Midfield,18.0,800000.0,Everton Fc,2425
Jenson Metcalfe,Central Midfield,20.0,175000.0,Everton Fc,2425
Callum Bates,Central Midfield,19.0,,Everton Fc,2425
Abdoulaye Doucouré,Attacking Midfield,32.0,7000000.0,Everton Fc,2425
Owen Barker,Attacking Midfield,20.0,,Everton Fc,2425
Dwight McNeil,Left Winger,25.0,25000000.0,Everton Fc,2425
Jack Harrison,Left Winger,28.0,14000000.0,Everton Fc,2425
Isaac Heath,Left Winger,20.0,,Everton Fc,2425
Coby Ebere,Left Winger,19.0,,Everton Fc,2425
Iliman Ndiaye,Right Winger,25.0,22000000.0,Everton Fc,2425
Jesper Lindstrøm,Right Winger,25.0,18000000.0,Everton Fc,2425
Beto,Centre-Forward,27.0,22000000.0,Everton Fc,2425
Dominic Calvert-Lewin,Centre-Forward,28.0,16000000.0,Everton Fc,2425
Armando Broja,Centre-Forward,23.0,12000000.0,Everton Fc,2425
Neal Maupay,Centre-Forward,28.0,8000000.0,Everton Fc,2425
Youssef Chermiti,Centre-Forward,21.0,8000000.0,Everton Fc,2425
Martin Sherif,Centre-Forward,19.0,,Everton Fc,2425
Bernd Leno,Goalkeeper,33.0,10000000.0,Fulham Fc,2425
Steven Benda,Goalkeeper,26.0,1000000.0,Fulham Fc,2425
Joachim Andersen,Centre-Back,29.0,27000000.0,Fulham Fc,2425
Calvin Bassey,Centre-Back,25.0,25000000.0,Fulham Fc,2425
Issa Diop,Centre-Back,28.0,14000000.0,Fulham Fc,2425
Jorge Cuenca,Centre-Back,25.0,5000000.0,Fulham Fc,2425
Sam Amissah,Centre-Back,18.0,,Fulham Fc,2425
Antonee Robinson,Left-Back,27.0,35000000.0,Fulham Fc,2425
Ryan Sessegnon,Left-Back,25.0,15000000.0,Fulham Fc,2425
Kenny Tete,Right-Back,29.0,13000000.0,Fulham Fc,2425
Timothy Castagne,Right-Back,29.0,13000000.0,Fulham Fc,2425
Sander Berge,Defensive Midfield,27.0,25000000.0,Fulham Fc,2425
Andreas Pereira,Central Midfield,29.0,18000000.0,Fulham Fc,2425
Saša Lukić,Central Midfield,28.0,14000000.0,Fulham Fc,2425
Harrison Reed,Central Midfield,30.0,6000000.0,Fulham Fc,2425
Tom Cairney,Central Midfield,34.0,1500000.0,Fulham Fc,2425
Emile Smith Rowe,Attacking Midfield,24.0,30000000.0,Fulham Fc,2425
Josh King,Attacking Midfield,18.0,1000000.0,Fulham Fc,2425
Alex Iwobi,Left Winger,29.0,28000000.0,Fulham Fc,2425
Reiss Nelson,Left Winger,25.0,16000000.0,Fulham Fc,2425
Willian,Left Winger,36.0,750000.0,Fulham Fc,2425
Martial Godo,Left Winger,22.0,600000.0,Fulham Fc,2425
Harry Wilson,Right Winger,28.0,15000000.0,Fulham Fc,2425
Adama Traoré,Right Winger,29.0,9000000.0,Fulham Fc,2425
Rodrigo Muniz,Centre-Forward,24.0,20000000.0,Fulham Fc,2425
Jay Stansfield,Centre-Forward,22.0,11000000.0,Fulham Fc,2425
Raúl Jiménez,Centre-Forward,34.0,5000000.0,Fulham Fc,2425
Carlos Vinícius,Centre-Forward,30.0,3500000.0,Fulham Fc,2425
Arijanet Murić,Goalkeeper,26.0,5000000.0,Ipswich Town,2425
Christian Walton,Goalkeeper,29.0,1000000.0,Ipswich Town,2425
Alex Palmer,Goalkeeper,28.0,1000000.0,Ipswich Town,2425
Cieran Slicker,Goalkeeper,22.0,300000.0,Ipswich Town,2425
Jacob Greaves,Centre-Back,24.0,18000000.0,Ipswich Town,2425
Dara O'Shea,Centre-Back,26.0,14000000.0,Ipswich Town,2425
Ben Godfrey,Centre-Back,27.0,6000000.0,Ipswich Town,2425
Axel Tuanzebe,Centre-Back,27.0,5000000.0,Ipswich Town,2425
Luke Woolfenden,Centre-Back,26.0,2000000.0,Ipswich Town,2425
Cameron Burgess,Centre-Back,29.0,2000000.0,Ipswich Town,2425
George Edmundson,Centre-Back,27.0,800000.0,Ipswich Town,2425
Leif Davis,Left-Back,25.0,22000000.0,Ipswich Town,2425
Conor Townsend,Left-Back,32.0,800000.0,Ipswich Town,2425
Somto Boniface,Left-Back,19.0,,Ipswich Town,2425
Ben Johnson,Right-Back,25.0,8000000.0,Ipswich Town,2425
Harry Clarke,Right-Back,24.0,4500000.0,Ipswich Town,2425
Kalvin Phillips,Defensive Midfield,29.0,12000000.0,Ipswich Town,2425
Jens Cajuste,Defensive Midfield,25.0,12000000.0,Ipswich Town,2425
Jack Taylor,Central Midfield,27.0,3000000.0,Ipswich Town,2425
Sam Morsy,Central Midfield,33.0,500000.0,Ipswich Town,2425
Massimo Luongo,Central Midfield,32.0,400000.0,Ipswich Town,2425
Wes Burns,Right Midfield,30.0,2000000.0,Ipswich Town,2425
Julio Enciso,Attacking Midfield,21.0,22000000.0,Ipswich Town,2425
Omari Hutchinson,Attacking Midfield,21.0,22000000.0,Ipswich Town,2425
Sammie Szmodics,Attacking Midfield,29.0,10000000.0,Ipswich Town,2425
Marcus Harness,Attacking Midfield,29.0,800000.0,Ipswich Town,2425
Tom Taylor,Attacking Midfield,19.0,,Ipswich Town,2425
Jaden Philogene,Left Winger,23.0,16000000.0,Ipswich Town,2425
Jack Clarke,Left Winger,24.0,15000000.0,Ipswich Town,2425
Nathan Broadhead,Left Winger,27.0,4500000.0,Ipswich Town,2425
Chiedozie Ogbene,Right Winger,28.0,7000000.0,Ipswich Town,2425
Conor Chaplin,Second Striker,28.0,6000000.0,Ipswich Town,2425
Liam Delap,Centre-Forward,22.0,40000000.0,Ipswich Town,2425
George Hirst,Centre-Forward,26.0,4000000.0,Ipswich Town,2425
Ali Al-Hamadi,Centre-Forward,23.0,2500000.0,Ipswich Town,2425
Mads Hermansen,Goalkeeper,24.0,15000000.0,Leicester City,2425
Daniel Iversen,Goalkeeper,27.0,2500000.0,Leicester City,2425
Danny Ward,Goalkeeper,32.0,1200000.0,Leicester City,2425
Jakub Stolarczyk,Goalkeeper,24.0,1000000.0,Leicester City,2425
Wout Faes,Centre-Back,27.0,15000000.0,Leicester City,2425
Caleb Okoli,Centre-Back,23.0,10000000.0,Leicester City,2425
Harry Souttar,Centre-Back,26.0,6000000.0,Leicester City,2425
Conor Coady,Centre-Back,32.0,2200000.0,Leicester City,2425
Jannik Vestergaard,Centre-Back,32.0,2000000.0,Leicester City,2425
Ben Nelson,Centre-Back,21.0,500000.0,Leicester City,2425
Tom Wilson-Brown,Centre-Back,20.0,,Leicester City,2425
Victor Kristiansen,Left-Back,22.0,15000000.0,Leicester City,2425
Luke Thomas,Left-Back,24.0,6000000.0,Leicester City,2425
James Justin,Right-Back,27.0,13000000.0,Leicester City,2425
Ricardo Pereira,Right-Back,31.0,4500000.0,Leicester City,2425
Woyo Coulibaly,Right-Back,26.0,2000000.0,Leicester City,2425
Olabade Aluko,Right-Back,18.0,,Leicester City,2425
Wilfred Ndidi,Defensive Midfield,28.0,15000000.0,Leicester City,2425
Boubakary Soumaré,Defensive Midfield,26.0,12000000.0,Leicester City,2425
Oliver Skipp,Defensive Midfield,24.0,10000000.0,Leicester City,2425
Harry Winks,Defensive Midfield,29.0,9000000.0,Leicester City,2425
Hamza Choudhury,Defensive Midfield,27.0,4500000.0,Leicester City,2425
Sammy Braybrooke,Defensive Midfield,21.0,300000.0,Leicester City,2425
Henry Cartwright,Defensive Midfield,20.0,,Leicester City,2425
Michael Golding,Central Midfield,19.0,2000000.0,Leicester City,2425
Kasey McAteer,Right Midfield,23.0,2000000.0,Leicester City,2425
Bilal El Khannouss,Attacking Midfield,21.0,28000000.0,Leicester City,2425
Facundo Buonanotte,Attacking Midfield,20.0,20000000.0,Leicester City,2425
Bobby De Cordova-Reid,Attacking Midfield,32.0,2500000.0,Leicester City,2425
Will Alves,Attacking Midfield,20.0,400000.0,Leicester City,2425
Stephy Mavididi,Left Winger,27.0,10000000.0,Leicester City,2425
Jeremy Monga,Left Winger,15.0,,Leicester City,2425
Abdul Fatawu,Right Winger,21.0,11000000.0,Leicester City,2425
Tom Cannon,Centre-Forward,22.0,10000000.0,Leicester City,2425
Patson Daka,Centre-Forward,26.0,9000000.0,Leicester City,2425
Odsonne Édouard,Centre-Forward,27.0,8000000.0,Leicester City,2425
Jordan Ayew,Centre-Forward,33.0,2500000.0,Leicester City,2425
Jamie Vardy,Centre-Forward,38.0,1000000.0,Leicester City,2425
Jake Evans,Centre-Forward,16.0,150000.0,Leicester City,2425
Chris Popov,Centre-Forward,20.0,100000.0,Leicester City,2425
Alisson,Goalkeeper,32.0,20000000.0,Liverpool Fc,2425
Caoimhín Kelleher,Goalkeeper,26.0,20000000.0,Liverpool Fc,2425
Vitezslav Jaros,Goalkeeper,23.0,4000000.0,Liverpool Fc,2425
Harvey Davies,Goalkeeper,21.0,500000.0,Liverpool Fc,2425
Ibrahima Konaté,Centre-Back,26.0,60000000.0,Liverpool Fc,2425
Virgil van Dijk,Centre-Back,33.0,23000000.0,Liverpool Fc,2425
Joe Gomez,Centre-Back,28.0,20000000.0,Liverpool Fc,2425
Jarell Quansah,Centre-Back,22.0,20000000.0,Liverpool Fc,2425
Amara Nallo,Centre-Back,18.0,1000000.0,Liverpool Fc,2425
Konstantinos Tsimikas,Left-Back,29.0,18000000.0,Liverpool Fc,2425
Andrew Robertson,Left-Back,31.0,18000000.0,Liverpool Fc,2425
James Norris,Left-Back,22.0,150000.0,Liverpool Fc,2425
Trent Alexander-Arnold,Right-Back,26.0,75000000.0,Liverpool Fc,2425
Conor Bradley,Right-Back,21.0,30000000.0,Liverpool Fc,2425
Isaac Mabaya,Right-Back,20.0,,Liverpool Fc,2425
Ryan Gravenberch,Defensive Midfield,23.0,75000000.0,Liverpool Fc,2425
Wataru Endo,Defensive Midfield,32.0,8000000.0,Liverpool Fc,2425
Tyler Morton,Defensive Midfield,22.0,7000000.0,Liverpool Fc,2425
James McConnell,Defensive Midfield,20.0,2000000.0,Liverpool Fc,2425
Alexis Mac Allister,Central Midfield,26.0,100000000.0,Liverpool Fc,2425
Curtis Jones,Central Midfield,24.0,45000000.0,Liverpool Fc,2425
Trey Nyoni,Central Midfield,18.0,4500000.0,Liverpool Fc,2425
Dominik Szoboszlai,Attacking Midfield,24.0,80000000.0,Liverpool Fc,2425
Harvey Elliott,Attacking Midfield,22.0,30000000.0,Liverpool Fc,2425
Luis Díaz,Left Winger,28.0,70000000.0,Liverpool Fc,2425
Cody Gakpo,Left Winger,26.0,70000000.0,Liverpool Fc,2425
Diogo Jota,Left Winger,28.0,40000000.0,Liverpool Fc,2425
Trent Koné-Doherty,Left Winger,19.0,,Liverpool Fc,2425
Rio Ngumoha,Left Winger,16.0,,Liverpool Fc,2425
Mohamed Salah,Right Winger,33.0,50000000.0,Liverpool Fc,2425
Federico Chiesa,Right Winger,27.0,14000000.0,Liverpool Fc,2425
Ranel Young,Right Winger,19.0,,Liverpool Fc,2425
Kieran Morrison,Right Winger,18.0,,Liverpool Fc,2425
Darwin Núñez,Centre-Forward,26.0,45000000.0,Liverpool Fc,2425
Jayden Danns,Centre-Forward,19.0,800000.0,Liverpool Fc,2425
Ederson,Goalkeeper,31.0,20000000.0,Manchester City,2425
Stefan Ortega,Goalkeeper,32.0,8000000.0,Manchester City,2425
Marcus Bettinelli,Goalkeeper,33.0,600000.0,Manchester City,2425
Scott Carson,Goalkeeper,39.0,100000.0,Manchester City,2425
Spike Brits,Goalkeeper,18.0,,Manchester City,2425
Max Hudson,Goalkeeper,17.0,,Manchester City,2425
Josko Gvardiol,Centre-Back,23.0,75000000.0,Manchester City,2425
Rúben Dias,Centre-Back,28.0,65000000.0,Manchester City,2425
Abdukodir Khusanov,Centre-Back,21.0,35000000.0,Manchester City,2425
Vitor Reis,Centre-Back,19.0,30000000.0,Manchester City,2425
Manuel Akanji,Centre-Back,29.0,28000000.0,Manchester City,2425
John Stones,Centre-Back,31.0,25000000.0,Manchester City,2425
Nathan Aké,Centre-Back,30.0,25000000.0,Manchester City,2425
Jahmai Simpson-Pusey,Centre-Back,19.0,5000000.0,Manchester City,2425
Max Alleyne,Centre-Back,19.0,500000.0,Manchester City,2425
Kaden Braithwaite,Centre-Back,17.0,,Manchester City,2425
Rayan Aït-Nouri,Left-Back,24.0,35000000.0,Manchester City,2425
Nico O'Reilly,Left-Back,20.0,18000000.0,Manchester City,2425
Josh Wilson-Esbrand,Left-Back,22.0,4000000.0,Manchester City,2425
Rico Lewis,Right-Back,20.0,40000000.0,Manchester City,2425
Matheus Nunes,Right-Back,26.0,35000000.0,Manchester City,2425
Kyle Walker,Right-Back,35.0,4000000.0,Manchester City,2425
Issa Kaboré,Right-Back,24.0,4000000.0,Manchester City,2425
Rodri,Defensive Midfield,29.0,110000000.0,Manchester City,2425
Nico González,Defensive Midfield,23.0,40000000.0,Manchester City,2425
Kalvin Phillips,Defensive Midfield,29.0,12000000.0,Manchester City,2425
Jacob Wright,Defensive Midfield,19.0,800000.0,Manchester City,2425
Tijjani Reijnders,Central Midfield,26.0,60000000.0,Manchester City,2425
Mateo Kovacic,Central Midfield,31.0,20000000.0,Manchester City,2425
İlkay Gündoğan,Central Midfield,34.0,5000000.0,Manchester City,2425
Phil Foden,Attacking Midfield,25.0,100000000.0,Manchester City,2425
Rayan Cherki,Attacking Midfield,21.0,45000000.0,Manchester City,2425
Bernardo Silva,Attacking Midfield,30.0,38000000.0,Manchester City,2425
Kevin De Bruyne,Attacking Midfield,34.0,20000000.0,Manchester City,2425
James McAtee,Attacking Midfield,22.0,20000000.0,Manchester City,2425
Claudio Echeverri,Attacking Midfield,19.0,18000000.0,Manchester City,2425
Jérémy Doku,Left Winger,23.0,50000000.0,Manchester City,2425
Savinho,Left Winger,21.0,50000000.0,Manchester City,2425
Jack Grealish,Left Winger,29.0,28000000.0,Manchester City,2425
Oscar Bobb,Right Winger,21.0,25000000.0,Manchester City,2425
Farid Alfa-Ruprecht,Right Winger,19.0,,Manchester City,2425
Erling Haaland,Centre-Forward,24.0,180000000.0,Manchester City,2425
Omar Marmoush,Centre-Forward,26.0,75000000.0,Manchester City,2425
Divin Mubama,Centre-Forward,20.0,4000000.0,Manchester City,2425
André Onana,Goalkeeper,29.0,25000000.0,Manchester United,2425
Altay Bayındır,Goalkeeper,27.0,8000000.0,Manchester United,2425
Tom Heaton,Goalkeeper,39.0,200000.0,Manchester United,2425
Dermot Mee,Goalkeeper,22.0,,Manchester United,2425
Hubert Graczyk,Goalkeeper,22.0,,Manchester United,2425
Elyh Harrison,Goalkeeper,19.0,,Manchester United,2425
Will Murdock,Goalkeeper,18.0,,Manchester United,2425
Leny Yoro,Centre-Back,19.0,55000000.0,Manchester United,2425
Lisandro Martínez,Centre-Back,27.0,40000000.0,Manchester United,2425
Matthijs de Ligt,Centre-Back,25.0,38000000.0,Manchester United,2425
Harry Maguire,Centre-Back,32.0,13000000.0,Manchester United,2425
Victor Lindelöf,Centre-Back,30.0,8000000.0,Manchester United,2425
Ayden Heaven,Centre-Back,18.0,5000000.0,Manchester United,2425
Tyler Fredricson,Centre-Back,20.0,3000000.0,Manchester United,2425
Jonny Evans,Centre-Back,37.0,1000000.0,Manchester United,2425
Godwill Kukonki,Centre-Back,17.0,,Manchester United,2425
Luke Shaw,Left-Back,29.0,12000000.0,Manchester United,2425
Tyrell Malacia,Left-Back,25.0,8000000.0,Manchester United,2425
Harry Amass,Left-Back,18.0,5000000.0,Manchester United,2425
Diogo Dalot,Right-Back,26.0,30000000.0,Manchester United,2425
Noussair Mazraoui,Right-Back,27.0,25000000.0,Manchester United,2425
Habeeb Ogunneye,Right-Back,19.0,,Manchester United,2425
Jaydan Kamason,Right-Back,18.0,,Manchester United,2425
Manuel Ugarte,Defensive Midfield,24.0,45000000.0,Manchester United,2425
Casemiro,Defensive Midfield,33.0,10000000.0,Manchester United,2425
Toby Collyer,Defensive Midfield,21.0,5000000.0,Manchester United,2425
Sékou Koné,Defensive Midfield,19.0,,Manchester United,2425
Scott McTominay,Central Midfield,28.0,50000000.0,Manchester United,2425
Kobbie Mainoo,Central Midfield,20.0,50000000.0,Manchester United,2425
Dan Gore,Central Midfield,20.0,800000.0,Manchester United,2425
Jack Moorhouse,Central Midfield,19.0,,Manchester United,2425
Jayce Fitzgerald,Central Midfield,18.0,,Manchester United,2425
Bruno Fernandes,Attacking Midfield,30.0,50000000.0,Manchester United,2425
Mason Mount,Attacking Midfield,26.0,28000000.0,Manchester United,2425
Christian Eriksen,Attacking Midfield,33.0,4000000.0,Manchester United,2425
Jack Fletcher,Attacking Midfield,18.0,,Manchester United,2425
Marcus Rashford,Left Winger,27.0,50000000.0,Manchester United,2425
Alejandro Garnacho,Left Winger,20.0,45000000.0,Manchester United,2425
Jadon Sancho,Left Winger,25.0,28000000.0,Manchester United,2425
Patrick Dorgu,Left Winger,20.0,25000000.0,Manchester United,2425
James Scanlon,Left Winger,18.0,,Manchester United,2425
Amad Diallo,Right Winger,22.0,45000000.0,Manchester United,2425
Antony,Right Winger,25.0,35000000.0,Manchester United,2425
Facundo Pellistri,Right Winger,23.0,8000000.0,Manchester United,2425
Bendito Mantato,Right Winger,17.0,,Manchester United,2425
Rasmus Højlund,Centre-Forward,22.0,35000000.0,Manchester United,2425
Joshua Zirkzee,Centre-Forward,24.0,30000000.0,Manchester United,2425
Chido Obi,Centre-Forward,17.0,5000000.0,Manchester United,2425
Ethan Wheatley,Centre-Forward,19.0,,Manchester United,2425
Nick Pope,Goalkeeper,33.0,8000000.0,Newcastle United,2425
Odysseas Vlachodimos,Goalkeeper,31.0,5000000.0,Newcastle United,2425
Martin Dúbravka,Goalkeeper,36.0,1000000.0,Newcastle United,2425
Mark Gillespie,Goalkeeper,33.0,200000.0,Newcastle United,2425
John Ruddy,Goalkeeper,38.0,150000.0,Newcastle United,2425
Sven Botman,Centre-Back,25.0,42000000.0,Newcastle United,2425
Lloyd Kelly,Centre-Back,26.0,16000000.0,Newcastle United,2425
Fabian Schär,Centre-Back,33.0,7000000.0,Newcastle United,2425
Dan Burn,Centre-Back,33.0,6000000.0,Newcastle United,2425
Jamaal Lascelles,Centre-Back,31.0,4000000.0,Newcastle United,2425
Lewis Hall,Left-Back,20.0,32000000.0,Newcastle United,2425
Matt Targett,Left-Back,29.0,5000000.0,Newcastle United,2425
Jamal Lewis,Left-Back,27.0,2500000.0,Newcastle United,2425
Alex Murphy,Left-Back,21.0,300000.0,Newcastle United,2425
Tino Livramento,Right-Back,22.0,40000000.0,Newcastle United,2425
Kieran Trippier,Right-Back,34.0,4000000.0,Newcastle United,2425
Emil Krafth,Right-Back,30.0,2000000.0,Newcastle United,2425
Harrison Ashby,Right-Back,23.0,1400000.0,Newcastle United,2425
Leo Shahar,Right-Back,18.0,,Newcastle United,2425
Sandro Tonali,Defensive Midfield,25.0,60000000.0,Newcastle United,2425
Isaac Hayden,Defensive Midfield,30.0,700000.0,Newcastle United,2425
Bruno Guimarães,Central Midfield,27.0,80000000.0,Newcastle United,2425
Joelinton,Central Midfield,28.0,35000000.0,Newcastle United,2425
Joe Willock,Central Midfield,25.0,22000000.0,Newcastle United,2425
Lewis Miley,Central Midfield,19.0,22000000.0,Newcastle United,2425
Sean Longstaff,Central Midfield,27.0,20000000.0,Newcastle United,2425
Joe White,Attacking Midfield,22.0,275000.0,Newcastle United,2425
Anthony Gordon,Left Winger,24.0,65000000.0,Newcastle United,2425
Harvey Barnes,Left Winger,27.0,35000000.0,Newcastle United,2425
Trevan Sanusi,Left Winger,18.0,,Newcastle United,2425
Jacob Murphy,Right Winger,30.0,16000000.0,Newcastle United,2425
Miguel Almirón,Right Winger,31.0,10000000.0,Newcastle United,2425
Alexander Isak,Centre-Forward,25.0,120000000.0,Newcastle United,2425
Callum Wilson,Centre-Forward,33.0,8000000.0,Newcastle United,2425
William Osula,Centre-Forward,21.0,7000000.0,Newcastle United,2425
Sean Neave,Centre-Forward,18.0,,Newcastle United,2425
Matz Sels,Goalkeeper,33.0,7000000.0,Nottingham Forest,2425
Carlos Miguel,Goalkeeper,26.0,4000000.0,Nottingham Forest,2425
Matt Turner,Goalkeeper,31.0,2500000.0,Nottingham Forest,2425
Wayne Hennessey,Goalkeeper,38.0,150000.0,Nottingham Forest,2425
Murillo,Centre-Back,22.0,55000000.0,Nottingham Forest,2425
Nikola Milenković,Centre-Back,27.0,35000000.0,Nottingham Forest,2425
Morato,Centre-Back,24.0,14000000.0,Nottingham Forest,2425
Andrew Omobamidele,Centre-Back,23.0,8000000.0,Nottingham Forest,2425
Willy Boly,Centre-Back,34.0,1500000.0,Nottingham Forest,2425
Tyler Bindon,Centre-Back,20.0,1200000.0,Nottingham Forest,2425
Zach Abbott,Centre-Back,19.0,300000.0,Nottingham Forest,2425
Neco Williams,Left-Back,24.0,20000000.0,Nottingham Forest,2425
Álex Moreno,Left-Back,32.0,7000000.0,Nottingham Forest,2425
Harry Toffolo,Left-Back,29.0,3000000.0,Nottingham Forest,2425
Ola Aina,Right-Back,28.0,22000000.0,Nottingham Forest,2425
Eric da Silva Moreira,Right-Back,19.0,1000000.0,Nottingham Forest,2425
Ibrahim Sangaré,Defensive Midfield,27.0,24000000.0,Nottingham Forest,2425
Ben Perry,Defensive Midfield,20.0,150000.0,Nottingham Forest,2425
Elliot Anderson,Central Midfield,22.0,32000000.0,Nottingham Forest,2425
Danilo,Central Midfield,24.0,28000000.0,Nottingham Forest,2425
Nicolás Domínguez,Central Midfield,27.0,18000000.0,Nottingham Forest,2425
Ryan Yates,Central Midfield,27.0,12000000.0,Nottingham Forest,2425
James Ward-Prowse,Central Midfield,30.0,8000000.0,Nottingham Forest,2425
Lewis O'Brien,Central Midfield,26.0,4000000.0,Nottingham Forest,2425
Morgan Gibbs-White,Attacking Midfield,25.0,50000000.0,Nottingham Forest,2425
Callum Hudson-Odoi,Left Winger,24.0,25000000.0,Nottingham Forest,2425
Jota Silva,Left Winger,25.0,15000000.0,Nottingham Forest,2425
Anthony Elanga,Right Winger,23.0,42000000.0,Nottingham Forest,2425
Josh Bowler,Right Winger,26.0,1000000.0,Nottingham Forest,2425
Ramón Sosa,Second Striker,25.0,12000000.0,Nottingham Forest,2425
Taiwo Awoniyi,Centre-Forward,27.0,16000000.0,Nottingham Forest,2425
Chris Wood,Centre-Forward,33.0,10000000.0,Nottingham Forest,2425
Emmanuel Dennis,Centre-Forward,27.0,2500000.0,Nottingham Forest,2425
Aaron Ramsdale,Goalkeeper,27.0,16000000.0,Southampton Fc,2425
Gavin Bazunu,Goalkeeper,23.0,9000000.0,Southampton Fc,2425
Joe Lumley,Goalkeeper,30.0,500000.0,Southampton Fc,2425
Alex McCarthy,Goalkeeper,35.0,350000.0,Southampton Fc,2425
Taylor Harwood-Bellis,Centre-Back,23.0,22000000.0,Southampton Fc,2425
Jan Bednarek,Centre-Back,29.0,9000000.0,Southampton Fc,2425
Armel Bella-Kotchap,Centre-Back,23.0,9000000.0,Southampton Fc,2425
Ronnie Edwards,Centre-Back,22.0,3800000.0,Southampton Fc,2425
Nathan Wood,Centre-Back,23.0,3500000.0,Southampton Fc,2425
Jack Stephens,Centre-Back,31.0,1500000.0,Southampton Fc,2425
Joachim Kayi Sanda,Centre-Back,18.0,1500000.0,Southampton Fc,2425
Jayden Moore,Centre-Back,18.0,,Southampton Fc,2425
Juan Larios,Left-Back,21.0,3500000.0,Southampton Fc,2425
Ryan Manning,Left-Back,29.0,3000000.0,Southampton Fc,2425
Welington,Left-Back,24.0,3000000.0,Southampton Fc,2425
Charlie Taylor,Left-Back,31.0,2200000.0,Southampton Fc,2425
Kyle Walker-Peters,Right-Back,28.0,15000000.0,Southampton Fc,2425
Yukinari Sugawara,Right-Back,25.0,11000000.0,Southampton Fc,2425
James Bree,Right-Back,27.0,2500000.0,Southampton Fc,2425
Lesley Ugochukwu,Defensive Midfield,21.0,18000000.0,Southampton Fc,2425
Flynn Downes,Defensive Midfield,26.0,13000000.0,Southampton Fc,2425
Shea Charles,Defensive Midfield,21.0,10000000.0,Southampton Fc,2425
Mateus Fernandes,Central Midfield,20.0,15000000.0,Southampton Fc,2425
Carlos Alcaraz,Central Midfield,22.0,14000000.0,Southampton Fc,2425
Joe Aribo,Central Midfield,28.0,6000000.0,Southampton Fc,2425
Will Smallbone,Central Midfield,25.0,6000000.0,Southampton Fc,2425
Joe O'Brien-Whitmarsh,Central Midfield,20.0,300000.0,Southampton Fc,2425
Albert Grønbaek,Attacking Midfield,24.0,11000000.0,Southampton Fc,2425
Adam Lallana,Attacking Midfield,37.0,750000.0,Southampton Fc,2425
Romeo Akachukwu,Attacking Midfield,18.0,150000.0,Southampton Fc,2425
Kamaldeen Sulemana,Left Winger,23.0,13000000.0,Southampton Fc,2425
Maxwel Cornet,Left Winger,28.0,8000000.0,Southampton Fc,2425
Samuel Edozie,Left Winger,22.0,6000000.0,Southampton Fc,2425
Ryan Fraser,Left Winger,31.0,2000000.0,Southampton Fc,2425
Jay Robinson,Left Winger,18.0,,Southampton Fc,2425
Tyler Dibling,Right Winger,19.0,25000000.0,Southampton Fc,2425
Samuel Amo-Ameyaw,Right Winger,18.0,4000000.0,Southampton Fc,2425
Adam Armstrong,Centre-Forward,28.0,12000000.0,Southampton Fc,2425
Cameron Archer,Centre-Forward,23.0,12000000.0,Southampton Fc,2425
Ben Brereton Díaz,Centre-Forward,26.0,7500000.0,Southampton Fc,2425
Paul Onuachu,Centre-Forward,31.0,6000000.0,Southampton Fc,2425
Ross Stewart,Centre-Forward,28.0,4000000.0,Southampton Fc,2425
Guglielmo Vicario,Goalkeeper,28.0,32000000.0,Tottenham Hotspur,2425
Antonín Kinský,Goalkeeper,22.0,15000000.0,Tottenham Hotspur,2425
Fraser Forster,Goalkeeper,37.0,1000000.0,Tottenham Hotspur,2425
Brandon Austin,Goalkeeper,26.0,600000.0,Tottenham Hotspur,2425
Alfie Whiteman,Goalkeeper,26.0,500000.0,Tottenham Hotspur,2425
Cristian Romero,Centre-Back,27.0,50000000.0,Tottenham Hotspur,2425
Micky van de Ven,Centre-Back,24.0,50000000.0,Tottenham Hotspur,2425
Kevin Danso,Centre-Back,26.0,25000000.0,Tottenham Hotspur,2425
Radu Drăgușin,Centre-Back,23.0,25000000.0,Tottenham Hotspur,2425
Ben Davies,Centre-Back,32.0,6000000.0,Tottenham Hotspur,2425
Alfie Dorrington,Centre-Back,20.0,700000.0,Tottenham Hotspur,2425
Malachi Hardy,Centre-Back,17.0,,Tottenham Hotspur,2425
Destiny Udogie,Left-Back,22.0,40000000.0,Tottenham Hotspur,2425
Djed Spence,Left-Back,24.0,20000000.0,Tottenham Hotspur,2425
Sergio Reguilón,Left-Back,28.0,6000000.0,Tottenham Hotspur,2425
Maeson King,Left-Back,19.0,,Tottenham Hotspur,2425
Pedro Porro,Right-Back,25.0,38000000.0,Tottenham Hotspur,2425
Archie Gray,Defensive Midfield,19.0,38000000.0,Tottenham Hotspur,2425
Rodrigo Bentancur,Defensive Midfield,28.0,30000000.0,Tottenham Hotspur,2425
Yves Bissouma,Defensive Midfield,28.0,25000000.0,Tottenham Hotspur,2425
Dante Cassanova,Defensive Midfield,21.0,,Tottenham Hotspur,2425
Lucas Bergvall,Central Midfield,19.0,38000000.0,Tottenham Hotspur,2425
Pape Matar Sarr,Central Midfield,22.0,32000000.0,Tottenham Hotspur,2425
Callum Olusesi,Central Midfield,18.0,500000.0,Tottenham Hotspur,2425
Rio Kyerematen,Central Midfield,20.0,,Tottenham Hotspur,2425
Dejan Kulusevski,Attacking Midfield,25.0,50000000.0,Tottenham Hotspur,2425
James Maddison,Attacking Midfield,28.0,42000000.0,Tottenham Hotspur,2425
Alfie Devine,Attacking Midfield,20.0,3500000.0,Tottenham Hotspur,2425
Luca Williams-Barnett,Attacking Midfield,16.0,,Tottenham Hotspur,2425
Heung-min Son,Left Winger,32.0,20000000.0,Tottenham Hotspur,2425
Wilson Odobert,Left Winger,20.0,20000000.0,Tottenham Hotspur,2425
Mikey Moore,Left Winger,17.0,18000000.0,Tottenham Hotspur,2425
Brennan Johnson,Right Winger,24.0,40000000.0,Tottenham Hotspur,2425
Min-hyeok Yang,Right Winger,19.0,3500000.0,Tottenham Hotspur,2425
Damola Ajayi,Right Winger,19.0,,Tottenham Hotspur,2425
Dominic Solanke,Centre-Forward,27.0,40000000.0,Tottenham Hotspur,2425
Mathys Tel,Centre-Forward,20.0,35000000.0,Tottenham Hotspur,2425
Richarlison,Centre-Forward,28.0,20000000.0,Tottenham Hotspur,2425
Timo Werner,Centre-Forward,29.0,7000000.0,Tottenham Hotspur,2425
Will Lankshear,Centre-Forward,20.0,3000000.0,Tottenham Hotspur,2425
Dane Scarlett,Centre-Forward,21.0,2000000.0,Tottenham Hotspur,2425
Alphonse Areola,Goalkeeper,32.0,9000000.0,West Ham United,2425
Wes Foderingham,Goalkeeper,34.0,600000.0,West Ham United,2425
Lukasz Fabianski,Goalkeeper,40.0,500000.0,West Ham United,2425
Jean-Clair Todibo,Centre-Back,25.0,25000000.0,West Ham United,2425
Maximilian Kilman,Centre-Back,28.0,25000000.0,West Ham United,2425
Konstantinos Mavropanos,Centre-Back,27.0,17000000.0,West Ham United,2425
Kaelan Casey,Centre-Back,20.0,1000000.0,West Ham United,2425
Ezra Mayers,Centre-Back,18.0,,West Ham United,2425
Emerson,Left-Back,30.0,10000000.0,West Ham United,2425
Oliver Scarles,Left-Back,19.0,8000000.0,West Ham United,2425
Aaron Cresswell,Left-Back,35.0,500000.0,West Ham United,2425
Aaron Wan-Bissaka,Right-Back,27.0,24000000.0,West Ham United,2425
Vladimír Coufal,Right-Back,32.0,5000000.0,West Ham United,2425
Edson Álvarez,Defensive Midfield,27.0,25000000.0,West Ham United,2425
Tomáš Souček,Defensive Midfield,30.0,18000000.0,West Ham United,2425
Guido Rodríguez,Defensive Midfield,31.0,10000000.0,West Ham United,2425
Carlos Soler,Central Midfield,28.0,18000000.0,West Ham United,2425
James Ward-Prowse,Central Midfield,30.0,8000000.0,West Ham United,2425
Andrew Irving,Central Midfield,25.0,4000000.0,West Ham United,2425
Lewis Orford,Central Midfield,19.0,400000.0,West Ham United,2425
Lucas Paquetá,Attacking Midfield,27.0,28000000.0,West Ham United,2425
Crysencio Summerville,Left Winger,23.0,22000000.0,West Ham United,2425
Mohammed Kudus,Right Winger,24.0,45000000.0,West Ham United,2425
Jarrod Bowen,Right Winger,28.0,40000000.0,West Ham United,2425
Luís Guilherme,Right Winger,19.0,15000000.0,West Ham United,2425
Evan Ferguson,Centre-Forward,20.0,25000000.0,West Ham United,2425
Niclas Füllkrug,Centre-Forward,32.0,10000000.0,West Ham United,2425
Danny Ings,Centre-Forward,32.0,6000000.0,West Ham United,2425
Michail Antonio,Centre-Forward,35.0,700000.0,West Ham United,2425
José Sá,Goalkeeper,32.0,7000000.0,Wolverhampton Wanderers,2425
Sam Johnstone,Goalkeeper,32.0,6000000.0,Wolverhampton Wanderers,2425
Daniel Bentley,Goalkeeper,31.0,1500000.0,Wolverhampton Wanderers,2425
Tom King,Goalkeeper,30.0,200000.0,Wolverhampton Wanderers,2425
Toti,Centre-Back,26.0,28000000.0,Wolverhampton Wanderers,2425
Emmanuel Agbadou,Centre-Back,28.0,20000000.0,Wolverhampton Wanderers,2425
Santiago Bueno,Centre-Back,26.0,10000000.0,Wolverhampton Wanderers,2425
Nasser Djiga,Centre-Back,22.0,10000000.0,Wolverhampton Wanderers,2425
Yerson Mosquera,Centre-Back,24.0,8000000.0,Wolverhampton Wanderers,2425
Bastien Meupiyou,Centre-Back,19.0,2500000.0,Wolverhampton Wanderers,2425
Craig Dawson,Centre-Back,35.0,1500000.0,Wolverhampton Wanderers,2425
Alfie Pond,Centre-Back,21.0,250000.0,Wolverhampton Wanderers,2425
Rayan Aït-Nouri,Left-Back,24.0,35000000.0,Wolverhampton Wanderers,2425
Nélson Semedo,Right-Back,31.0,9000000.0,Wolverhampton Wanderers,2425
Pedro Lima,Right-Back,18.0,5000000.0,Wolverhampton Wanderers,2425
Matt Doherty,Right-Back,33.0,2000000.0,Wolverhampton Wanderers,2425
Wesley Okoduwa,Right-Back,17.0,,Wolverhampton Wanderers,2425
André,Defensive Midfield,23.0,28000000.0,Wolverhampton Wanderers,2425
Mario Lemina,Defensive Midfield,31.0,7500000.0,Wolverhampton Wanderers,2425
Boubacar Traoré,Defensive Midfield,23.0,5000000.0,Wolverhampton Wanderers,2425
Joe Hodge,Defensive Midfield,22.0,1000000.0,Wolverhampton Wanderers,2425
Luke Rawlings,Defensive Midfield,17.0,,Wolverhampton Wanderers,2425
João Gomes,Central Midfield,24.0,40000000.0,Wolverhampton Wanderers,2425
Jean-Ricner Bellegarde,Central Midfield,27.0,18000000.0,Wolverhampton Wanderers,2425
Marshall Munetsi,Central Midfield,29.0,15000000.0,Wolverhampton Wanderers,2425
Tommy Doyle,Central Midfield,23.0,10000000.0,Wolverhampton Wanderers,2425
Luke Cundle,Central Midfield,23.0,3200000.0,Wolverhampton Wanderers,2425
Rodrigo Gomes,Left Midfield,21.0,15000000.0,Wolverhampton Wanderers,2425
Pablo Sarabia,Attacking Midfield,33.0,5000000.0,Wolverhampton Wanderers,2425
Tawanda Chirewa,Attacking Midfield,21.0,500000.0,Wolverhampton Wanderers,2425
Mateus Mané,Attacking Midfield,17.0,200000.0,Wolverhampton Wanderers,2425
Gonçalo Guedes,Left Winger,28.0,11000000.0,Wolverhampton Wanderers,2425
Daniel Podence,Left Winger,29.0,5500000.0,Wolverhampton Wanderers,2425
Enso González,Left Winger,20.0,4000000.0,Wolverhampton Wanderers,2425
Chiquinho,Left Winger,25.0,2000000.0,Wolverhampton Wanderers,2425
Chem Campbell,Left Winger,22.0,900000.0,Wolverhampton Wanderers,2425
Carlos Forbs,Right Winger,21.0,8000000.0,Wolverhampton Wanderers,2425
Tom Edozie,Right Winger,19.0,,Wolverhampton Wanderers,2425
Matheus Cunha,Centre-Forward,26.0,60000000.0,Wolverhampton Wanderers,2425
Jørgen Strand Larsen,Centre-Forward,25.0,30000000.0,Wolverhampton Wanderers,2425
Hee-chan Hwang,Centre-Forward,29.0,12000000.0,Wolverhampton Wanderers,2425
Sasa Kalajdzic,Centre-Forward,27.0,4000000.0,Wolverhampton Wanderers,2425
Leon Chiwome,Centre-Forward,19.0,700000.0,Wolverhampton Wanderers,2425
Nathan Fraser,Centre-Forward,20.0,600000.0,Wolverhampton Wanderers,2425
